hot:0,SET,1790065607608,0,50
hot:1,SET,1790065607643,0,16
hot:2,SET,1790065607643,0,44
hot:3,SET,1790065607643,0,13
hot:4,SET,1790065607643,0,22
hot:5,SET,1790065607658,0,29
hot:6,SET,1790065607660,0,24
hot:7,SET,1790065607660,0,61
hot:8,SET,1790065607660,0,58
hot:9,SET,1790065607673,0,7
hot:10,SET,1790065607674,0,40
hot:11,SET,1790065607674,0,55
warm:0,SET,1790065607690,0,11
warm:1,SET,1790065607690,0,24
warm:2,SET,1790065607690,0,11
warm:3,SET,1790065607690,0,20
warm:4,SET,1790065607704,0,4
warm:5,SET,1790065607708,0,25
warm:6,SET,1790065607710,0,32
warm:7,SET,1790065607710,0,18
warm:8,SET,1790065607710,0,35
warm:9,SET,1790065607721,0,26
warm:10,SET,1790065607724,0,25
warm:11,SET,1790065607726,0,31
warm:12,SET,1790065607726,0,18
warm:13,SET,1790065607726,0,4
warm:14,SET,1790065607738,0,23
warm:15,SET,1790065607742,0,15
warm:16,SET,1790065607744,0,33
warm:17,SET,1790065607747,0,29
warm:18,SET,1790065607754,0,15
warm:19,SET,1790065607757,0,35
warm:20,SET,1790065607761,0,25
warm:21,SET,1790065607761,0,34
warm:22,SET,1790065607772,0,22
warm:23,SET,1790065607777,0,17
warm:24,SET,1790065607777,0,16
warm:25,SET,1790065607777,0,21
warm:26,SET,1790065607786,0,12
warm:27,SET,1790065607793,0,35
warm:28,SET,1790065607793,0,19
warm:29,SET,1790065607802,0,20
warm:30,SET,1790065607808,0,24
warm:31,SET,1790065607808,0,21
warm:32,SET,1790065607808,0,26
warm:33,SET,1790065607820,0,28
warm:34,SET,1790065607827,0,20
warm:35,SET,1790065607831,0,25
warm:36,SET,1790065607837,0,16
warm:37,SET,1790065607843,0,29
warm:38,SET,1790065607843,0,34
warm:39,SET,1790065607854,0,23
cold:0,SET,1790065607861,0,17
cold:1,SET,1790065607867,0,11
cold:2,SET,1790065607873,0,4
cold:3,SET,1790065607880,0,8
cold:4,SET,1790065607886,0,14
cold:5,SET,1790065607892,0,18
cold:6,SET,1790065607898,0,14
cold:7,SET,1790065607903,0,13
cold:8,SET,1790065607911,0,12
cold:9,SET,1790065607917,0,10
cold:10,SET,1790065607922,0,15
cold:11,SET,1790065607929,0,18
cold:12,SET,1790065607938,0,11
cold:13,SET,1790065607944,0,18
cold:14,SET,1790065607944,0,16
cold:15,SET,1790065607955,0,8
cold:16,SET,1790065607962,0,7
cold:17,SET,1790065607970,0,4
cold:18,SET,1790065607977,0,10
cold:19,SET,1790065607977,0,8
cold:20,SET,1790065607991,0,13
cold:21,SET,1790065607997,0,19
cold:22,SET,1790065608001,0,11
cold:23,SET,1790065608008,0,19
cold:24,SET,1790065608011,0,11
cold:25,SET,1790065608021,0,17
cold:26,SET,1790065608027,0,8
cold:27,SET,1790065608035,0,17
cold:28,SET,1790065608043,0,10
cold:29,SET,1790065608045,0,12
cold:30,SET,1790065608062,0,10
cold:31,SET,1790065608062,0,14
cold:32,SET,1790065608075,0,6
cold:33,SET,1790065608081,0,6
cold:34,SET,1790065608092,0,17
cold:35,SET,1790065608094,0,4
cold:36,SET,1790065608108,0,13
cold:37,SET,1790065608110,0,9
cold:38,SET,1790065608122,0,12
cold:39,SET,1790065608127,0,6
cold:40,SET,1790065608135,0,19
cold:41,SET,1790065608142,0,11
cold:42,SET,1790065608144,0,5
cold:43,SET,1790065608155,0,14
cold:44,SET,1790065608160,0,19
cold:45,SET,1790065608171,0,13
cold:46,SET,1790065608178,0,13
cold:47,SET,1790065608178,0,7
cold:48,SET,1790065608194,0,18
cold:49,SET,1790065608204,0,12
cold:50,SET,1790065608212,0,11
cold:51,SET,1790065608212,0,14
cold:52,SET,1790065608226,0,13
cold:53,SET,1790065608226,0,16
cold:54,SET,1790065608242,0,19
cold:55,SET,1790065608247,0,15
cold:56,SET,1790065608247,0,10
cold:57,SET,1790065608261,0,11
cold:58,SET,1790065608261,0,8
cold:59,SET,1790065608278,0,18
cold:60,SET,1790065608290,0,5
cold:61,SET,1790065608293,0,18
cold:62,SET,1790065608306,0,4
cold:63,SET,1790065608309,0,7
cold:64,SET,1790065608322,0,12
cold:65,SET,1790065608325,0,16
cold:66,SET,1790065608339,0,18
cold:67,SET,1790065608345,0,16
cold:68,SET,1790065608359,0,15
cold:69,SET,1790065608371,0,15
cold:70,SET,1790065608379,0,14
cold:71,SET,1790065608387,0,4
cold:72,SET,1790065608395,0,16
cold:73,SET,1790065608395,0,16
cold:74,SET,1790065608417,0,4
cold:75,SET,1790065608425,0,9
cold:76,SET,1790065608438,0,10
cold:77,SET,1790065608442,0,5
cold:78,SET,1790065608442,0,19
cold:79,SET,1790065608458,0,7
cold:80,SET,1790065608477,0,17
cold:81,SET,1790065608479,0,5
cold:82,SET,1790065608499,0,8
cold:83,SET,1790065608510,0,4
cold:84,SET,1790065608517,0,12
cold:85,SET,1790065608523,0,17
cold:86,SET,1790065608531,0,8
cold:87,SET,1790065608531,0,18
cold:88,SET,1790065608554,0,8
cold:89,SET,1790065608554,0,17
hot:10,GET,1790065608579,1,40
hot:10,GET,1790065608583,1,40
warm:39,GET,1790065608583,1,23
warm:32,GET,1790065608583,1,26
warm:32,GET,1790065608583,1,26
warm:1,GET,1790065608583,1,24
hot:5,GET,1790065608583,1,29
cold:76,GET,1790065608583,1,10
hot:11,GET,1790065608583,1,55
hot:11,GET,1790065608583,1,55
hot:1,GET,1790065608583,1,16
hot:1,GET,1790065608583,1,16
warm:32,GET,1790065608583,1,26
warm:34,GET,1790065608583,1,20
hot:5,SET,1790065608583,1,7
hot:5,GET,1790065608584,1,7
hot:2,GET,1790065608584,1,44
warm:34,GET,1790065608584,1,20
hot:10,GET,1790065608584,1,40
warm:9,GET,1790065608584,1,26
session:0,SET,1790065608584,0,10
session:0,GET,1790065608600,1,10
warm:37,GET,1790065608602,1,29
hot:10,GET,1790065608602,1,40
warm:32,EXISTS,1790065608602,1,26
warm:1,GET,1790065608602,1,24
warm:22,GET,1790065608602,1,22
warm:39,GET,1790065608602,1,23
hot:5,GET,1790065608602,1,7
hot:2,GET,1790065608602,1,44
session:1,SET,1790065608602,0,18
session:1,GET,1790065608613,1,18
warm:30,GET,1790065608613,1,24
hot:1,GET,1790065608613,1,16
warm:39,GET,1790065608613,1,23
warm:8,GET,1790065608613,1,35
warm:34,GET,1790065608613,1,20
hot:10,GET,1790065608613,1,40
hot:1,GET,1790065608613,1,16
hot:8,GET,1790065608613,1,58
warm:39,GET,1790065608613,1,23
hot:1,SET,1790065608613,1,7
warm:34,GET,1790065608617,1,20
hot:5,GET,1790065608623,1,7
warm:34,GET,1790065608623,1,20
hot:4,GET,1790065608623,1,22
warm:34,GET,1790065608623,1,20
warm:31,GET,1790065608623,1,21
hot:8,GET,1790065608623,1,58
hot:5,GET,1790065608623,1,7
hot:6,GET,1790065608623,1,24
hot:7,GET,1790065608623,1,61
cold:11,GET,1790065608623,1,18
warm:4,GET,1790065608623,1,4
hot:1,GET,1790065608623,1,7
hot:8,GET,1790065608623,1,58
hot:7,GET,1790065608623,1,61
cold:50,GET,1790065608623,1,11
hot:8,GET,1790065608623,1,58
hot:1,GET,1790065608623,1,7
cold:40,DELETE,1790065608623,1,-1
cold:40,SET,1790065608632,0,18
warm:1,GET,1790065608640,1,24
warm:2,GET,1790065608640,1,11
warm:10,GET,1790065608643,1,25
hot:6,GET,1790065608643,1,24
warm:28,GET,1790065608643,1,19
warm:32,GET,1790065608643,1,26
warm:39,GET,1790065608643,1,23
hot:2,GET,1790065608643,1,44
warm:14,GET,1790065608643,1,23
warm:14,SET,1790065608643,1,31
hot:8,GET,1790065608645,1,58
warm:34,GET,1790065608645,1,20
warm:34,GET,1790065608645,1,20
hot:6,SET,1790065608645,1,19
warm:28,GET,1790065608659,1,19
hot:8,GET,1790065608659,1,58
hot:3,GET,1790065608659,1,13
hot:10,GET,1790065608659,1,40
hot:4,GET,1790065608659,1,22
hot:9,GET,1790065608659,1,7
hot:9,GET,1790065608659,1,7
session:2,SET,1790065608659,0,5
session:2,GET,1790065608659,1,5
session:3,SET,1790065608673,0,11
session:3,SET,1790065608673,1,14
cold:1,GET,1790065608689,1,11
hot:3,EXISTS,1790065608689,1,13
warm:1,GET,1790065608689,1,24
warm:28,GET,1790065608689,1,19
session:4,SET,1790065608689,0,14
session:4,GET,1790065608689,1,14
hot:6,GET,1790065608689,1,19
warm:2,GET,1790065608689,1,11
warm:24,GET,1790065608689,1,16
hot:9,GET,1790065608689,1,7
hot:9,GET,1790065608689,1,7
warm:4,GET,1790065608689,1,4
hot:0,GET,1790065608689,1,50
warm:1,GET,1790065608689,1,24
warm:28,GET,1790065608689,1,19
warm:4,GET,1790065608689,1,4
warm:32,GET,1790065608689,1,26
hot:10,GET,1790065608689,1,40
warm:30,SET,1790065608689,1,8
hot:10,GET,1790065608708,1,40
warm:4,GET,1790065608710,1,4
warm:1,GET,1790065608710,1,24
warm:39,GET,1790065608710,1,23
hot:4,GET,1790065608710,1,22
cold:15,GET,1790065608710,1,8
session:5,SET,1790065608710,0,24
session:5,GET,1790065608711,1,24
hot:8,GET,1790065608711,1,58
session:6,SET,1790065608711,0,17
session:6,GET,1790065608728,1,17
hot:7,GET,1790065608728,1,61
warm:34,GET,1790065608728,1,20
hot:8,GET,1790065608728,1,58
warm:39,GET,1790065608728,1,23
warm:6,GET,1790065608728,1,32
warm:13,GET,1790065608728,1,4
hot:8,GET,1790065608728,1,58
warm:34,GET,1790065608728,1,20
hot:3,GET,1790065608728,1,13
cold:7,GET,1790065608728,1,13
warm:4,GET,1790065608728,1,4
warm:22,GET,1790065608728,1,22
warm:28,GET,1790065608730,1,19
warm:32,GET,1790065608730,1,26
hot:9,GET,1790065608730,1,7
hot:11,GET,1790065608730,1,55
cold:53,DELETE,1790065608730,1,-1
cold:53,SET,1790065608731,0,15
warm:39,GET,1790065608747,1,23
warm:34,SET,1790065608747,1,5
warm:15,GET,1790065608758,1,15
warm:1,GET,1790065608758,1,24
hot:5,GET,1790065608758,1,7
cold:50,SET,1790065608758,1,24
hot:8,GET,1790065608763,1,58
hot:11,GET,1790065608763,1,55
hot:5,GET,1790065608763,1,7
warm:3,GET,1790065608763,1,20
hot:6,GET,1790065608763,1,19
warm:27,GET,1790065608763,1,35
hot:9,GET,1790065608763,1,7
warm:9,GET,1790065608763,1,26
warm:25,GET,1790065608763,1,21
hot:11,GET,1790065608768,1,55
warm:1,GET,1790065608768,1,24
hot:8,SET,1790065608768,1,35
hot:7,SET,1790065608771,1,34
warm:28,GET,1790065608784,1,19
warm:6,GET,1790065608784,1,32
cold:80,SET,1790065608784,1,4
hot:4,GET,1790065608784,1,22
hot:5,GET,1790065608784,1,7
hot:3,GET,1790065608784,1,13
hot:1,GET,1790065608784,1,7
warm:5,GET,1790065608784,1,25
warm:32,GET,1790065608784,1,26
hot:6,GET,1790065608784,1,19
hot:5,GET,1790065608784,1,7
warm:1,SET,1790065608784,1,30
warm:34,GET,1790065608800,1,5
hot:5,GET,1790065608800,1,7
hot:3,GET,1790065608800,1,13
hot:9,GET,1790065608800,1,7
hot:2,GET,1790065608807,1,44
session:7,SET,1790065608807,0,21
session:7,GET,1790065608814,1,21
hot:11,GET,1790065608814,1,55
warm:28,EXISTS,1790065608814,1,19
hot:11,GET,1790065608814,1,55
warm:34,GET,1790065608814,1,5
warm:39,SET,1790065608814,1,18
warm:6,GET,1790065608825,1,32
warm:1,GET,1790065608825,1,30
hot:4,SET,1790065608825,1,32
cold:36,GET,1790065608825,1,13
hot:4,GET,1790065608825,1,32
warm:1,GET,1790065608825,1,30
hot:0,GET,1790065608825,1,50
warm:1,GET,1790065608825,1,30
hot:10,GET,1790065608825,1,40
warm:34,GET,1790065608825,1,5
warm:39,GET,1790065608825,1,18
hot:6,GET,1790065608825,1,19
hot:10,GET,1790065608825,1,40
hot:0,GET,1790065608840,1,50
warm:4,GET,1790065608840,1,4
warm:34,GET,1790065608840,1,5
warm:32,GET,1790065608840,1,26
hot:5,GET,1790065608840,1,7
hot:0,GET,1790065608840,1,50
cold:31,GET,1790065608840,1,14
warm:4,GET,1790065608840,1,4
warm:27,GET,1790065608840,1,35
hot:8,GET,1790065608840,1,35
hot:2,GET,1790065608840,1,44
hot:0,GET,1790065608840,1,50
hot:7,GET,1790065608840,1,34
hot:7,SET,1790065608840,1,6
hot:6,GET,1790065608841,1,19
warm:27,GET,1790065608841,1,35
hot:8,GET,1790065608841,1,35
cold:44,GET,1790065608841,1,19
session:8,SET,1790065608841,0,27
session:8,GET,1790065608856,1,27
hot:0,GET,1790065608856,1,50
hot:7,SET,1790065608862,1,8
cold:29,GET,1790065608863,1,12
hot:5,GET,1790065608863,1,7
warm:32,GET,1790065608863,1,26
hot:8,GET,1790065608863,1,35
cold:48,GET,1790065608863,1,18
hot:5,GET,1790065608863,1,7
warm:28,GET,1790065608863,1,19
warm:1,GET,1790065608863,1,30
hot:2,GET,1790065608863,1,44
hot:6,GET,1790065608863,1,19
warm:31,GET,1790065608863,1,21
warm:33,GET,1790065608863,1,28
warm:32,GET,1790065608863,1,26
warm:23,GET,1790065608863,1,17
hot:3,GET,1790065608863,1,13
cold:24,GET,1790065608863,1,11
hot:5,GET,1790065608863,1,7
hot:2,GET,1790065608863,1,44
hot:1,SET,1790065608863,1,12
hot:10,GET,1790065608881,1,40
warm:1,GET,1790065608881,1,30
hot:2,GET,1790065608881,1,44
hot:4,SET,1790065608881,1,15
warm:10,GET,1790065608881,1,25
hot:1,GET,1790065608881,1,12
hot:11,GET,1790065608881,1,55
hot:6,GET,1790065608881,1,19
hot:7,GET,1790065608881,1,8
hot:4,GET,1790065608881,1,15
session:9,SET,1790065608881,0,14
session:9,GET,1790065608898,1,14
warm:1,GET,1790065608898,1,30
hot:2,GET,1790065608898,1,44
hot:8,GET,1790065608898,1,35
warm:39,EXISTS,1790065608898,1,18
hot:11,SET,1790065608898,1,11
cold:47,SET,1790065608898,1,19
hot:11,GET,1790065608926,1,11
hot:4,GET,1790065608926,1,15
hot:7,SET,1790065608926,1,10
hot:5,GET,1790065608939,1,7
hot:4,GET,1790065608939,1,15
session:10,SET,1790065608939,0,7
session:10,GET,1790065608949,1,7
hot:4,GET,1790065608949,1,15
warm:20,GET,1790065608949,1,25
warm:0,GET,1790065608949,1,11
hot:10,GET,1790065608949,1,40
cold:61,GET,1790065608949,1,18
warm:39,GET,1790065608949,1,18
cold:41,SET,1790065608949,1,16
session:11,SET,1790065608955,0,7
session:11,GET,1790065608955,1,7
warm:32,SET,1790065608955,1,22
warm:32,GET,1790065608973,1,22
warm:17,GET,1790065608973,1,29
hot:11,GET,1790065608973,1,11
warm:32,GET,1790065608973,1,22
warm:39,GET,1790065608973,1,18
hot:10,GET,1790065608973,1,40
hot:7,GET,1790065608973,1,10
hot:1,GET,1790065608973,1,12
hot:8,GET,1790065608984,1,35
cold:59,DELETE,1790065608984,1,-1
cold:59,SET,1790065608994,0,15
warm:39,GET,1790065609001,1,18
hot:8,GET,1790065609001,1,35
hot:0,GET,1790065609001,1,50
warm:39,EXISTS,1790065609001,1,18
cold:46,GET,1790065609001,1,13
warm:36,GET,1790065609001,1,16
warm:4,GET,1790065609001,1,4
hot:0,GET,1790065609001,1,50
hot:1,GET,1790065609001,1,12
warm:28,GET,1790065609001,1,19
warm:34,SET,1790065609001,1,7
warm:22,GET,1790065609012,1,22
warm:4,GET,1790065609012,1,4
hot:4,GET,1790065609012,1,15
warm:6,GET,1790065609012,1,32
warm:36,GET,1790065609012,1,16
warm:28,SET,1790065609012,1,11
warm:36,GET,1790065609019,1,16
hot:4,GET,1790065609025,1,15
warm:1,GET,1790065609025,1,30
warm:16,GET,1790065609025,1,33
hot:9,GET,1790065609025,1,7
warm:20,GET,1790065609025,1,25
warm:39,GET,1790065609025,1,18
warm:32,GET,1790065609025,1,22
hot:3,GET,1790065609025,1,13
warm:1,GET,1790065609025,1,30
hot:6,GET,1790065609025,1,19
hot:8,GET,1790065609025,1,35
warm:34,GET,1790065609025,1,7
hot:7,GET,1790065609025,1,10
hot:2,GET,1790065609025,1,44
hot:0,GET,1790065609025,1,50
hot:7,GET,1790065609025,1,10
hot:0,GET,1790065609025,1,50
warm:1,GET,1790065609025,1,30
warm:39,GET,1790065609025,1,18
hot:6,SET,1790065609025,1,19
warm:6,GET,1790065609037,1,32
warm:39,GET,1790065609037,1,18
warm:18,GET,1790065609037,1,15
warm:32,GET,1790065609037,1,22
warm:28,SET,1790065609037,1,8
warm:39,GET,1790065609046,1,18
hot:1,GET,1790065609046,1,12
warm:32,GET,1790065609046,1,22
warm:12,GET,1790065609046,1,18
session:12,SET,1790065609046,0,18
session:12,SET,1790065609046,1,15
hot:2,GET,1790065609064,1,44
warm:20,GET,1790065609064,1,25
cold:16,GET,1790065609064,1,7
hot:1,GET,1790065609064,1,12
cold:47,SET,1790065609064,1,28
session:13,SET,1790065609064,0,26
session:13,GET,1790065609082,1,26
hot:4,GET,1790065609082,1,15
warm:34,GET,1790065609082,1,7
hot:5,GET,1790065609082,1,7
cold:35,DELETE,1790065609082,1,-1
cold:35,SET,1790065609082,0,4
hot:8,GET,1790065609108,1,35
warm:32,GET,1790065609108,1,22
warm:32,GET,1790065609108,1,22
warm:37,GET,1790065609108,1,29
hot:8,GET,1790065609108,1,35
hot:6,GET,1790065609108,1,19
warm:18,GET,1790065609108,1,15
hot:11,GET,1790065609108,1,11
hot:7,GET,1790065609108,1,10
hot:6,GET,1790065609108,1,19
hot:5,GET,1790065609108,1,7
warm:1,GET,1790065609108,1,30
hot:5,GET,1790065609108,1,7
cold:72,GET,1790065609108,1,16
warm:35,GET,1790065609108,1,25
warm:1,GET,1790065609108,1,30
cold:54,GET,1790065609108,1,19
hot:3,GET,1790065609108,1,13
hot:1,GET,1790065609108,1,12
session:14,SET,1790065609108,0,7
session:14,GET,1790065609110,1,7
hot:7,EXISTS,1790065609120,1,10
warm:34,GET,1790065609120,1,7
cold:87,GET,1790065609120,1,18
session:15,SET,1790065609120,0,19
session:15,SET,1790065609131,1,31
cold:54,GET,1790065609136,1,19
hot:6,GET,1790065609136,1,19
hot:7,GET,1790065609136,1,10
hot:5,GET,1790065609136,1,7
session:16,SET,1790065609136,0,22
session:16,SET,1790065609136,1,32
warm:1,GET,1790065609152,1,30
hot:8,GET,1790065609152,1,35
warm:8,GET,1790065609152,1,35
warm:1,GET,1790065609152,1,30
warm:1,GET,1790065609152,1,30
hot:7,GET,1790065609152,1,10
hot:6,GET,1790065609152,1,19
cold:62,GET,1790065609152,1,4
warm:39,GET,1790065609152,1,18
warm:25,GET,1790065609152,1,21
hot:7,GET,1790065609152,1,10
warm:24,GET,1790065609163,1,16
cold:80,GET,1790065609163,1,4
warm:29,GET,1790065609163,1,20
hot:10,GET,1790065609163,1,40
warm:31,GET,1790065609163,1,21
hot:10,GET,1790065609163,1,40
hot:5,GET,1790065609163,1,7
warm:34,GET,1790065609163,1,7
hot:2,GET,1790065609163,1,44
warm:28,GET,1790065609163,1,8
warm:30,GET,1790065609163,1,8
hot:1,GET,1790065609163,1,12
hot:11,GET,1790065609163,1,11
warm:0,SET,1790065609163,1,10
warm:1,GET,1790065609165,1,30
warm:35,GET,1790065609165,1,25
cold:61,GET,1790065609165,1,18
session:17,SET,1790065609165,0,15
session:17,GET,1790065609181,1,15
warm:28,GET,1790065609181,1,8
warm:6,GET,1790065609181,1,32
warm:15,GET,1790065609187,1,15
hot:10,GET,1790065609187,1,40
warm:32,GET,1790065609187,1,22
hot:2,GET,1790065609187,1,44
hot:10,SET,1790065609187,1,13
hot:11,GET,1790065609189,1,11
warm:39,GET,1790065609189,1,18
cold:11,GET,1790065609189,1,18
hot:8,GET,1790065609189,1,35
warm:2,GET,1790065609189,1,11
warm:1,GET,1790065609189,1,30
hot:5,GET,1790065609189,1,7
hot:10,GET,1790065609189,1,13
hot:1,GET,1790065609189,1,12
warm:4,GET,1790065609189,1,4
cold:59,GET,1790065609189,1,15
cold:6,DELETE,1790065609189,1,-1
cold:6,SET,1790065609203,0,18
warm:39,GET,1790065609203,1,18
hot:2,GET,1790065609203,1,44
hot:9,GET,1790065609203,1,7
hot:11,SET,1790065609219,1,14
warm:34,SET,1790065609221,1,7
hot:1,GET,1790065609237,1,12
session:18,SET,1790065609237,0,24
cold:45,DELETE,1790065609248,1,-1
cold:45,SET,1790065609252,0,13
warm:9,GET,1790065609252,1,26
hot:9,GET,1790065609252,1,7
session:19,SET,1790065609252,0,6
session:19,GET,1790065609268,1,6
hot:0,GET,1790065609268,1,50
warm:33,GET,1790065609268,1,28
warm:4,GET,1790065609268,1,4
warm:39,GET,1790065609268,1,18
hot:9,GET,1790065609268,1,7
warm:27,GET,1790065609268,1,35
hot:3,SET,1790065609268,1,23
cold:49,GET,1790065609285,1,12
warm:27,GET,1790065609285,1,35
hot:4,GET,1790065609285,1,15
warm:32,GET,1790065609285,1,22
warm:5,EXISTS,1790065609285,1,25
warm:4,GET,1790065609285,1,4
warm:34,GET,1790065609290,1,7
hot:8,GET,1790065609290,1,35
warm:28,GET,1790065609290,1,8
warm:32,GET,1790065609290,1,22
warm:32,GET,1790065609290,1,22
hot:1,GET,1790065609290,1,12
hot:8,GET,1790065609290,1,35
hot:2,GET,1790065609290,1,44
warm:1,GET,1790065609290,1,30
warm:27,GET,1790065609290,1,35
hot:11,GET,1790065609290,1,14
warm:32,GET,1790065609290,1,22
warm:34,GET,1790065609290,1,7
hot:11,GET,1790065609290,1,14
hot:9,GET,1790065609290,1,7
session:20,SET,1790065609290,0,4
session:20,GET,1790065609293,1,4
warm:34,GET,1790065609293,1,7
hot:6,GET,1790065609293,1,19
hot:1,GET,1790065609293,1,12
warm:1,GET,1790065609293,1,30
hot:6,GET,1790065609303,1,19
hot:6,GET,1790065609303,1,19
hot:11,GET,1790065609303,1,14
hot:7,GET,1790065609303,1,10
hot:5,GET,1790065609303,1,7
hot:10,GET,1790065609303,1,13
hot:6,GET,1790065609303,1,19
hot:11,GET,1790065609303,1,14
warm:39,GET,1790065609303,1,18
hot:11,GET,1790065609303,1,14
warm:34,GET,1790065609303,1,7
hot:1,GET,1790065609303,1,12
warm:4,GET,1790065609303,1,4
warm:28,GET,1790065609303,1,8
hot:8,GET,1790065609303,1,35
hot:11,SET,1790065609303,1,18
hot:6,GET,1790065609304,1,19
warm:34,GET,1790065609304,1,7
warm:1,GET,1790065609304,1,30
hot:0,GET,1790065609304,1,50
hot:6,GET,1790065609314,1,19
hot:1,GET,1790065609314,1,12
cold:79,GET,1790065609314,1,7
cold:34,GET,1790065609314,1,17
hot:0,GET,1790065609314,1,50
hot:2,GET,1790065609314,1,44
hot:11,GET,1790065609314,1,18
hot:4,GET,1790065609314,1,15
hot:10,GET,1790065609314,1,13
session:21,SET,1790065609314,0,5
session:21,GET,1790065609317,1,5
warm:7,GET,1790065609317,1,18
warm:39,GET,1790065609317,1,18
cold:42,GET,1790065609317,1,5
warm:3,GET,1790065609317,1,20
warm:1,SET,1790065609317,1,21
warm:34,GET,1790065609330,1,7
hot:7,GET,1790065609330,1,10
hot:6,EXISTS,1790065609330,1,19
warm:37,GET,1790065609330,1,29
hot:10,GET,1790065609330,1,13
hot:3,GET,1790065609336,1,23
warm:32,GET,1790065609336,1,22
session:22,SET,1790065609336,0,26
session:22,GET,1790065609336,1,26
warm:39,GET,1790065609336,1,18
cold:31,GET,1790065609336,1,14
cold:36,GET,1790065609336,1,13
hot:0,GET,1790065609336,1,50
hot:5,GET,1790065609336,1,7
warm:32,GET,1790065609336,1,22
warm:10,GET,1790065609336,1,25
cold:66,GET,1790065609336,1,18
warm:10,GET,1790065609336,1,25
warm:31,GET,1790065609336,1,21
warm:5,GET,1790065609336,1,25
hot:0,GET,1790065609336,1,50
warm:4,SET,1790065609336,1,26
hot:8,SET,1790065609353,1,16
warm:37,GET,1790065609353,1,29
warm:4,GET,1790065609353,1,26
session:23,SET,1790065609353,0,4
session:23,GET,1790065609369,1,4
hot:11,GET,1790065609379,1,18
cold:50,DELETE,1790065609379,1,-1
cold:50,SET,1790065609381,0,11
warm:4,GET,1790065609396,1,26
hot:11,GET,1790065609396,1,18
warm:22,GET,1790065609396,1,22
warm:29,GET,1790065609396,1,20
hot:1,GET,1790065609396,1,12
hot:7,GET,1790065609396,1,10
hot:2,GET,1790065609396,1,44
hot:10,SET,1790065609396,1,9
hot:0,SET,1790065609396,1,33
warm:28,GET,1790065609412,1,8
warm:6,GET,1790065609412,1,32
warm:15,GET,1790065609412,1,15
hot:11,GET,1790065609412,1,18
warm:30,GET,1790065609412,1,8
hot:3,GET,1790065609412,1,23
warm:1,GET,1790065609412,1,21
warm:39,GET,1790065609412,1,18
warm:2,GET,1790065609412,1,11
hot:10,GET,1790065609423,1,9
hot:0,GET,1790065609423,1,33
cold:44,GET,1790065609423,1,19
warm:34,GET,1790065609423,1,7
hot:10,GET,1790065609423,1,9
hot:7,SET,1790065609423,1,17
cold:56,GET,1790065609437,1,10
hot:3,GET,1790065609437,1,23
hot:6,GET,1790065609437,1,19
warm:34,GET,1790065609437,1,7
warm:23,SET,1790065609437,1,35
warm:32,GET,1790065609441,1,22
cold:54,DELETE,1790065609441,1,-1
cold:54,SET,1790065609462,0,11
hot:3,GET,1790065609472,1,23
warm:28,GET,1790065609472,1,8
warm:18,GET,1790065609472,1,15
hot:11,GET,1790065609472,1,18
warm:4,GET,1790065609472,1,26
hot:5,GET,1790065609472,1,7
warm:34,GET,1790065609472,1,7
warm:18,GET,1790065609475,1,15
warm:32,GET,1790065609475,1,22
warm:4,GET,1790065609475,1,26
warm:28,GET,1790065609475,1,8
warm:11,GET,1790065609475,1,31
cold:79,SET,1790065609475,1,31
hot:4,GET,1790065609477,1,15
warm:34,GET,1790065609477,1,7
hot:7,GET,1790065609477,1,17
session:24,SET,1790065609477,0,12
session:24,GET,1790065609493,1,12
hot:8,GET,1790065609493,1,16
warm:1,GET,1790065609493,1,21
warm:1,GET,1790065609493,1,21
session:25,SET,1790065609493,0,21
session:25,GET,1790065609504,1,21
warm:4,GET,1790065609504,1,26
warm:24,GET,1790065609504,1,16
hot:7,GET,1790065609504,1,17
hot:3,GET,1790065609504,1,23
warm:28,GET,1790065609504,1,8
warm:36,GET,1790065609504,1,16
warm:33,GET,1790065609506,1,28
hot:3,GET,1790065609506,1,23
warm:30,GET,1790065609506,1,8
warm:28,EXISTS,1790065609506,1,8
warm:29,GET,1790065609506,1,20
warm:35,GET,1790065609506,1,25
hot:9,GET,1790065609506,1,7
hot:10,GET,1790065609506,1,9
hot:5,GET,1790065609506,1,7
warm:15,GET,1790065609506,1,15
warm:4,GET,1790065609506,1,26
hot:2,GET,1790065609506,1,44
cold:24,GET,1790065609506,1,11
hot:6,GET,1790065609506,1,19
hot:4,GET,1790065609506,1,15
hot:5,SET,1790065609506,1,31
warm:34,GET,1790065609515,1,7
warm:19,GET,1790065609515,1,35
hot:6,GET,1790065609515,1,19
warm:28,GET,1790065609515,1,8
warm:24,SET,1790065609518,1,27
warm:8,GET,1790065609520,1,35
hot:10,GET,1790065609520,1,9
warm:32,GET,1790065609520,1,22
warm:3,GET,1790065609520,1,20
warm:37,GET,1790065609520,1,29
hot:8,GET,1790065609520,1,16
hot:4,GET,1790065609520,1,15
hot:1,GET,1790065609520,1,12
hot:4,GET,1790065609520,1,15
hot:3,GET,1790065609520,1,23
hot:9,GET,1790065609520,1,7
hot:2,GET,1790065609520,1,44
hot:11,GET,1790065609520,1,18
warm:28,GET,1790065609520,1,8
cold:6,GET,1790065609520,1,18
hot:10,GET,1790065609520,1,9
hot:5,GET,1790065609520,1,31
warm:10,GET,1790065609520,1,25
cold:53,GET,1790065609520,1,15
warm:34,GET,1790065609531,1,7
warm:32,SET,1790065609531,1,22
hot:1,GET,1790065609534,1,12
hot:2,GET,1790065609534,1,44
warm:2,GET,1790065609534,1,11
warm:31,GET,1790065609534,1,21
hot:7,GET,1790065609534,1,17
warm:4,GET,1790065609534,1,26
warm:24,GET,1790065609534,1,27
cold:7,GET,1790065609534,1,13
cold:49,GET,1790065609534,1,12
cold:1,GET,1790065609534,1,11
warm:34,GET,1790065609534,1,7
hot:3,GET,1790065609534,1,23
hot:11,GET,1790065609534,1,18
warm:32,SET,1790065609534,1,11
warm:39,GET,1790065609553,1,18
warm:29,GET,1790065609553,1,20
hot:5,GET,1790065609553,1,31
warm:32,GET,1790065609553,1,11
hot:1,SET,1790065609556,1,12
warm:21,GET,1790065609565,1,34
warm:9,GET,1790065609565,1,26
hot:11,GET,1790065609565,1,18
warm:38,GET,1790065609565,1,34
hot:8,GET,1790065609565,1,16
cold:43,GET,1790065609565,1,14
hot:11,GET,1790065609565,1,18
hot:2,GET,1790065609565,1,44
warm:32,GET,1790065609565,1,11
hot:8,GET,1790065609565,1,16
cold:70,GET,1790065609565,1,14
warm:34,GET,1790065609565,1,7
hot:11,GET,1790065609565,1,18
hot:6,GET,1790065609565,1,19
warm:20,GET,1790065609565,1,25
hot:6,GET,1790065609565,1,19
warm:34,GET,1790065609565,1,7
warm:26,GET,1790065609565,1,12
warm:4,SET,1790065609565,1,12
hot:7,GET,1790065609580,1,17
hot:3,GET,1790065609580,1,23
warm:1,GET,1790065609580,1,21
warm:32,GET,1790065609580,1,11
hot:10,GET,1790065609580,1,9
hot:9,GET,1790065609580,1,7
hot:2,GET,1790065609580,1,44
hot:5,GET,1790065609580,1,31
warm:32,GET,1790065609580,1,11
hot:10,GET,1790065609580,1,9
warm:34,GET,1790065609580,1,7
warm:28,GET,1790065609580,1,8
hot:4,GET,1790065609580,1,15
hot:11,GET,1790065609580,1,18
cold:11,GET,1790065609580,1,18
hot:9,SET,1790065609580,1,28
session:26,SET,1790065609580,0,26
session:26,SET,1790065609600,1,32
warm:4,GET,1790065609614,1,12
warm:34,GET,1790065609614,1,7
session:27,SET,1790065609614,0,12
session:27,GET,1790065609621,1,12
cold:6,GET,1790065609626,1,18
warm:33,GET,1790065609626,1,28
session:28,SET,1790065609626,0,7
session:28,GET,1790065609636,1,7
hot:3,GET,1790065609636,1,23
cold:48,GET,1790065609636,1,18
hot:7,GET,1790065609636,1,17
hot:2,GET,1790065609636,1,44
hot:3,GET,1790065609636,1,23
warm:1,GET,1790065609636,1,21
hot:9,GET,1790065609636,1,28
hot:9,GET,1790065609636,1,28
cold:1,SET,1790065609636,1,14
hot:7,GET,1790065609643,1,17
hot:2,GET,1790065609643,1,44
warm:32,GET,1790065609643,1,11
hot:10,GET,1790065609643,1,9
warm:9,GET,1790065609643,1,26
warm:32,GET,1790065609643,1,11
warm:34,GET,1790065609643,1,7
cold:8,GET,1790065609643,1,12
session:29,SET,1790065609648,0,10
session:29,GET,1790065609649,1,10
hot:6,GET,1790065609649,1,19
warm:8,GET,1790065609649,1,35
hot:9,EXISTS,1790065609649,1,28
hot:1,GET,1790065609649,1,12
hot:10,GET,1790065609649,1,9
hot:11,GET,1790065609649,1,18
hot:9,GET,1790065609649,1,28
warm:34,GET,1790065609649,1,7
hot:7,GET,1790065609649,1,17
hot:10,GET,1790065609649,1,9
session:30,SET,1790065609649,0,16
session:30,GET,1790065609665,1,16
hot:11,GET,1790065609665,1,18
hot:5,GET,1790065609665,1,31
hot:2,GET,1790065609665,1,44
hot:5,GET,1790065609665,1,31
warm:32,SET,1790065609665,1,17
warm:28,GET,1790065609665,1,8
hot:4,GET,1790065609665,1,15
hot:10,GET,1790065609665,1,9
cold:38,GET,1790065609678,1,12
hot:6,GET,1790065609678,1,19
hot:11,GET,1790065609678,1,18
warm:39,GET,1790065609678,1,18
warm:34,GET,1790065609678,1,7
hot:0,GET,1790065609678,1,33
hot:11,GET,1790065609678,1,18
hot:11,GET,1790065609678,1,18
hot:8,GET,1790065609678,1,16
warm:39,GET,1790065609678,1,18
warm:9,GET,1790065609678,1,26
hot:4,SET,1790065609678,1,10
warm:9,GET,1790065609679,1,26
warm:27,GET,1790065609679,1,35
hot:8,GET,1790065609679,1,16
hot:11,GET,1790065609679,1,18
cold:44,GET,1790065609679,1,19
warm:32,GET,1790065609679,1,17
warm:32,GET,1790065609679,1,17
hot:1,GET,1790065609679,1,12
cold:12,GET,1790065609689,1,11
session:31,SET,1790065609689,0,8
session:31,GET,1790065609690,1,8
hot:3,GET,1790065609690,1,23
hot:4,GET,1790065609690,1,10
cold:11,EXISTS,1790065609690,1,18
hot:9,GET,1790065609690,1,28
warm:39,GET,1790065609690,1,18
hot:0,EXISTS,1790065609690,1,33
warm:9,GET,1790065609690,1,26
warm:31,GET,1790065609690,1,21
cold:19,GET,1790065609690,1,8
warm:34,GET,1790065609690,1,7
hot:6,GET,1790065609690,1,19
session:32,SET,1790065609690,0,17
session:32,GET,1790065609707,1,17
hot:8,GET,1790065609707,1,16
cold:86,GET,1790065609707,1,8
warm:28,GET,1790065609707,1,8
warm:4,GET,1790065609707,1,12
warm:32,GET,1790065609707,1,17
hot:8,GET,1790065609707,1,16
cold:42,GET,1790065609711,1,5
cold:37,GET,1790065609711,1,9
warm:30,GET,1790065609711,1,8
warm:5,GET,1790065609711,1,25
hot:0,GET,1790065609711,1,33
session:33,SET,1790065609711,0,17
session:33,GET,1790065609719,1,17
hot:3,GET,1790065609719,1,23
hot:9,SET,1790065609719,1,16
warm:1,GET,1790065609729,1,21
warm:1,GET,1790065609729,1,21
warm:20,GET,1790065609729,1,25
warm:28,GET,1790065609729,1,8
cold:48,GET,1790065609729,1,18
hot:11,GET,1790065609729,1,18
hot:11,GET,1790065609729,1,18
warm:38,GET,1790065609729,1,34
hot:8,GET,1790065609729,1,16
warm:30,GET,1790065609731,1,8
warm:27,GET,1790065609731,1,35
hot:8,GET,1790065609731,1,16
hot:8,GET,1790065609732,1,16
hot:6,SET,1790065609732,1,25
warm:28,GET,1790065609733,1,8
warm:6,GET,1790065609733,1,32
cold:45,GET,1790065609733,1,13
hot:7,GET,1790065609733,1,17
hot:4,GET,1790065609733,1,10
hot:7,GET,1790065609733,1,17
hot:11,GET,1790065609733,1,18
warm:1,GET,1790065609733,1,21
hot:1,GET,1790065609733,1,12
warm:4,GET,1790065609733,1,12
hot:9,GET,1790065609733,1,16
warm:21,GET,1790065609733,1,34
hot:8,GET,1790065609733,1,16
session:34,SET,1790065609733,0,25
session:34,GET,1790065609749,1,25
hot:0,GET,1790065609749,1,33
hot:9,GET,1790065609749,1,16
warm:28,GET,1790065609749,1,8
warm:28,GET,1790065609749,1,8
warm:28,GET,1790065609753,1,8
warm:39,GET,1790065609753,1,18
hot:0,GET,1790065609753,1,33
hot:10,GET,1790065609753,1,9
warm:36,GET,1790065609753,1,16
warm:12,GET,1790065609753,1,18
warm:32,GET,1790065609753,1,17
hot:0,GET,1790065609753,1,33
hot:0,GET,1790065609753,1,33
warm:28,GET,1790065609753,1,8
session:35,SET,1790065609753,0,18
session:35,SET,1790065609753,1,33
warm:36,GET,1790065609771,1,16
warm:29,GET,1790065609771,1,20
session:36,SET,1790065609771,0,6
session:36,GET,1790065609773,1,6
hot:9,GET,1790065609773,1,16
warm:15,GET,1790065609773,1,15
warm:37,GET,1790065609773,1,29
hot:4,GET,1790065609773,1,10
warm:1,GET,1790065609773,1,21
warm:35,GET,1790065609773,1,25
hot:1,GET,1790065609784,1,12
warm:28,GET,1790065609784,1,8
hot:0,SET,1790065609784,1,5
warm:17,GET,1790065609784,1,29
warm:6,GET,1790065609784,1,32
hot:4,GET,1790065609784,1,10
warm:4,GET,1790065609784,1,12
warm:34,GET,1790065609784,1,7
warm:39,SET,1790065609784,1,29
hot:3,GET,1790065609800,1,23
hot:4,SET,1790065609800,1,13
warm:4,GET,1790065609800,1,12
warm:32,EXISTS,1790065609800,1,17
cold:25,GET,1790065609800,1,17
warm:34,GET,1790065609800,1,7
warm:4,GET,1790065609800,1,12
warm:4,SET,1790065609800,1,13
hot:10,GET,1790065609815,1,9
warm:4,GET,1790065609815,1,13
hot:5,GET,1790065609815,1,31
hot:8,GET,1790065609825,1,16
warm:39,GET,1790065609825,1,29
warm:1,GET,1790065609825,1,21
hot:0,GET,1790065609825,1,5
hot:8,GET,1790065609825,1,16
warm:35,GET,1790065609825,1,25
warm:32,GET,1790065609825,1,17
warm:25,GET,1790065609825,1,21
hot:8,GET,1790065609825,1,16
warm:27,GET,1790065609825,1,35
hot:4,GET,1790065609825,1,13
warm:24,GET,1790065609825,1,27
warm:14,GET,1790065609825,1,31
session:37,SET,1790065609825,0,22
session:37,GET,1790065609826,1,22
hot:3,GET,1790065609826,1,23
hot:11,GET,1790065609826,1,18
warm:27,GET,1790065609826,1,35
warm:6,GET,1790065609826,1,32
warm:32,GET,1790065609826,1,17
warm:22,GET,1790065609826,1,22
warm:24,GET,1790065609837,1,27
warm:1,GET,1790065609837,1,21
cold:86,SET,1790065609837,1,32
warm:32,GET,1790065609843,1,17
hot:1,GET,1790065609843,1,12
hot:6,GET,1790065609843,1,25
warm:28,GET,1790065609843,1,8
hot:11,GET,1790065609843,1,18
warm:10,GET,1790065609843,1,25
hot:11,SET,1790065609843,1,27
hot:5,GET,1790065609856,1,31
cold:4,SET,1790065609856,1,29
cold:1,GET,1790065609867,1,14
warm:4,GET,1790065609867,1,13
hot:10,GET,1790065609867,1,9
session:38,SET,1790065609867,0,22
session:38,GET,1790065609872,1,22
hot:7,SET,1790065609872,1,4
warm:36,GET,1790065609884,1,16
hot:10,GET,1790065609884,1,9
cold:23,GET,1790065609884,1,19
hot:9,GET,1790065609889,1,16
warm:4,GET,1790065609889,1,13
cold:58,DELETE,1790065609889,1,-1
cold:58,SET,1790065609891,0,5
warm:19,GET,1790065609910,1,35
hot:3,GET,1790065609910,1,23
hot:5,GET,1790065609910,1,31
warm:9,GET,1790065609910,1,26
warm:34,EXISTS,1790065609910,1,7
hot:7,GET,1790065609910,1,4
hot:6,GET,1790065609910,1,25
warm:32,GET,1790065609910,1,17
hot:7,GET,1790065609910,1,4
hot:5,GET,1790065609910,1,31
warm:39,GET,1790065609910,1,29
hot:5,GET,1790065609910,1,31
warm:4,GET,1790065609910,1,13
hot:7,GET,1790065609910,1,4
hot:3,SET,1790065609910,1,33
hot:9,GET,1790065609910,1,16
warm:28,GET,1790065609910,1,8
warm:39,GET,1790065609922,1,29
hot:11,GET,1790065609922,1,27
hot:11,GET,1790065609922,1,27
warm:20,GET,1790065609922,1,25
warm:38,GET,1790065609922,1,34
hot:1,GET,1790065609922,1,12
warm:22,GET,1790065609922,1,22
warm:36,GET,1790065609922,1,16
warm:29,GET,1790065609922,1,20
session:39,SET,1790065609922,0,24
session:39,GET,1790065609922,1,24
warm:34,GET,1790065609922,1,7
warm:37,GET,1790065609922,1,29
hot:0,GET,1790065609922,1,5
hot:0,GET,1790065609922,1,5
warm:26,GET,1790065609922,1,12
warm:0,GET,1790065609922,1,10
warm:36,GET,1790065609922,1,16
cold:71,GET,1790065609922,1,4
warm:17,GET,1790065609922,1,29
hot:6,SET,1790065609922,1,4
hot:8,GET,1790065609949,1,16
hot:0,GET,1790065609949,1,5
warm:34,GET,1790065609949,1,7
warm:1,SET,1790065609949,1,34
warm:32,GET,1790065609951,1,17
warm:32,GET,1790065609951,1,17
warm:28,GET,1790065609951,1,8
hot:5,SET,1790065609951,1,24
hot:1,GET,1790065609965,1,12
warm:39,GET,1790065609965,1,29
hot:3,SET,1790065609965,1,24
hot:7,GET,1790065609982,1,4
hot:6,GET,1790065609982,1,4
warm:28,GET,1790065609982,1,8
warm:16,GET,1790065609982,1,33
cold:9,DELETE,1790065609982,1,-1
cold:9,SET,1790065609983,0,8
warm:28,GET,1790065610000,1,8
hot:6,GET,1790065610000,1,4
hot:1,GET,1790065610000,1,12
hot:0,GET,1790065610000,1,5
hot:11,GET,1790065610004,1,27
hot:3,GET,1790065610004,1,24
warm:31,GET,1790065610004,1,21
hot:2,GET,1790065610004,1,44
warm:4,SET,1790065610004,1,9
hot:3,SET,1790065610006,1,8
hot:8,GET,1790065610022,1,16
hot:10,GET,1790065610022,1,9
warm:1,GET,1790065610022,1,34
hot:11,GET,1790065610022,1,27
cold:76,DELETE,1790065610022,1,-1
cold:76,SET,1790065610022,0,9
hot:3,GET,1790065610045,1,8
hot:9,GET,1790065610045,1,16
hot:11,GET,1790065610045,1,27
warm:1,GET,1790065610045,1,34
warm:39,GET,1790065610045,1,29
warm:38,GET,1790065610045,1,34
hot:8,GET,1790065610045,1,16
warm:0,GET,1790065610045,1,10
warm:39,GET,1790065610045,1,29
warm:3,GET,1790065610047,1,20
warm:31,GET,1790065610047,1,21
hot:0,GET,1790065610047,1,5
hot:0,GET,1790065610047,1,5
warm:24,GET,1790065610047,1,27
warm:4,GET,1790065610047,1,9
hot:1,SET,1790065610047,1,32
hot:10,SET,1790065610049,1,4
warm:3,GET,1790065610069,1,20
warm:3,GET,1790065610069,1,20
cold:20,GET,1790065610069,1,13
hot:1,GET,1790065610069,1,32
warm:34,GET,1790065610069,1,7
cold:26,SET,1790065610069,1,26
hot:5,GET,1790065610084,1,24
hot:3,GET,1790065610084,1,8
warm:1,GET,1790065610084,1,34
hot:5,GET,1790065610084,1,24
warm:24,GET,1790065610086,1,27
hot:0,SET,1790065610086,1,30
hot:4,GET,1790065610100,1,13
hot:6,SET,1790065610100,1,13
warm:30,SET,1790065610108,1,33
cold:81,GET,1790065610116,1,5
warm:32,GET,1790065610116,1,17
warm:9,GET,1790065610116,1,26
hot:6,GET,1790065610116,1,13
hot:0,GET,1790065610116,1,30
hot:6,SET,1790065610116,1,4
warm:9,GET,1790065610129,1,26
warm:32,GET,1790065610129,1,17
warm:4,GET,1790065610129,1,9
hot:6,GET,1790065610129,1,4
warm:28,GET,1790065610129,1,8
hot:9,GET,1790065610129,1,16
cold:21,GET,1790065610129,1,19
warm:27,GET,1790065610129,1,35
hot:9,GET,1790065610129,1,16
hot:5,GET,1790065610129,1,24
warm:28,SET,1790065610129,1,8
hot:1,GET,1790065610142,1,32
warm:4,GET,1790065610142,1,9
warm:39,GET,1790065610142,1,29
warm:32,GET,1790065610142,1,17
warm:23,GET,1790065610142,1,35
hot:1,GET,1790065610142,1,32
hot:11,GET,1790065610142,1,27
hot:2,GET,1790065610142,1,44
hot:6,GET,1790065610142,1,4
warm:34,GET,1790065610142,1,7
warm:22,GET,1790065610142,1,22
hot:3,GET,1790065610142,1,8
warm:28,SET,1790065610142,1,6
warm:14,GET,1790065610143,1,31
hot:2,GET,1790065610143,1,44
warm:28,GET,1790065610143,1,6
hot:3,GET,1790065610143,1,8
warm:1,GET,1790065610143,1,34
warm:4,GET,1790065610143,1,9
hot:11,GET,1790065610143,1,27
warm:4,GET,1790065610153,1,9
cold:56,GET,1790065610153,1,10
hot:5,GET,1790065610153,1,24
hot:1,GET,1790065610153,1,32
hot:8,SET,1790065610153,1,20
warm:32,GET,1790065610153,1,17
hot:7,GET,1790065610153,1,4
warm:4,GET,1790065610153,1,9
cold:70,GET,1790065610153,1,14
hot:9,GET,1790065610153,1,16
hot:6,GET,1790065610153,1,4
warm:7,GET,1790065610153,1,18
hot:11,GET,1790065610153,1,27
warm:39,GET,1790065610153,1,29
hot:8,GET,1790065610153,1,20
hot:7,GET,1790065610153,1,4
warm:32,GET,1790065610153,1,17
hot:8,GET,1790065610153,1,20
warm:22,EXISTS,1790065610153,1,22
hot:3,GET,1790065610153,1,8
warm:39,GET,1790065610165,1,29
warm:39,GET,1790065610165,1,29
hot:10,GET,1790065610165,1,4
cold:10,SET,1790065610165,1,25
warm:13,GET,1790065610166,1,4
hot:11,GET,1790065610166,1,27
hot:8,GET,1790065610166,1,20
hot:1,GET,1790065610166,1,32
warm:1,GET,1790065610166,1,34
warm:36,GET,1790065610166,1,16
hot:8,GET,1790065610166,1,20
hot:6,GET,1790065610166,1,4
hot:6,GET,1790065610166,1,4
cold:0,GET,1790065610166,1,17
hot:3,GET,1790065610166,1,8
cold:25,GET,1790065610166,1,17
warm:21,GET,1790065610166,1,34
hot:8,GET,1790065610166,1,20
hot:4,SET,1790065610166,1,23
cold:74,GET,1790065610183,1,4
hot:8,GET,1790065610186,1,20
hot:8,GET,1790065610186,1,20
hot:2,GET,1790065610186,1,44
hot:8,GET,1790065610186,1,20
warm:4,GET,1790065610186,1,9
cold:48,DELETE,1790065610186,1,-1
cold:48,SET,1790065610195,0,10
hot:9,SET,1790065610202,1,4
warm:39,GET,1790065610202,1,29
warm:28,SET,1790065610202,1,10
warm:39,GET,1790065610226,1,29
hot:10,SET,1790065610226,1,21
hot:1,GET,1790065610235,1,32
warm:39,SET,1790065610235,1,8
hot:5,SET,1790065610245,1,34
hot:3,GET,1790065610254,1,8
cold:63,GET,1790065610254,1,7
hot:4,GET,1790065610254,1,23
hot:8,SET,1790065610254,1,16
warm:28,SET,1790065610265,1,11
warm:34,EXISTS,1790065610273,1,7
hot:3,GET,1790065610276,1,8
hot:5,GET,1790065610276,1,34
hot:1,GET,1790065610276,1,32
warm:1,GET,1790065610276,1,34
warm:28,GET,1790065610276,1,11
warm:4,GET,1790065610276,1,9
warm:1,GET,1790065610276,1,34
cold:64,GET,1790065610276,1,12
cold:87,GET,1790065610276,1,18
hot:3,GET,1790065610276,1,8
hot:8,GET,1790065610276,1,16
cold:43,GET,1790065610276,1,14
hot:3,GET,1790065610276,1,8
cold:38,GET,1790065610276,1,12
hot:5,GET,1790065610276,1,34
session:40,SET,1790065610276,0,18
cold:9,DELETE,1790065610276,1,-1
cold:9,SET,1790065610292,0,18
warm:32,GET,1790065610292,1,17
warm:4,GET,1790065610292,1,9
hot:8,SET,1790065610292,1,16
warm:24,GET,1790065610310,1,27
hot:9,GET,1790065610316,1,4
warm:7,GET,1790065610316,1,18
warm:28,GET,1790065610316,1,11
hot:0,GET,1790065610316,1,30
warm:28,GET,1790065610316,1,11
warm:39,GET,1790065610316,1,8
warm:1,GET,1790065610316,1,34
warm:4,GET,1790065610316,1,9
warm:32,GET,1790065610316,1,17
warm:28,GET,1790065610316,1,11
session:41,SET,1790065610316,0,21
session:41,GET,1790065610324,1,21
cold:34,DELETE,1790065610324,1,-1
cold:34,SET,1790065610332,0,4
cold:42,GET,1790065610344,1,5
warm:32,GET,1790065610344,1,17
hot:8,GET,1790065610344,1,16
cold:79,GET,1790065610344,1,31
hot:6,GET,1790065610344,1,4
warm:33,GET,1790065610344,1,28
warm:11,GET,1790065610344,1,31
warm:26,GET,1790065610344,1,12
hot:4,EXISTS,1790065610349,1,23
warm:1,GET,1790065610349,1,34
hot:7,GET,1790065610349,1,4
warm:10,GET,1790065610349,1,25
hot:3,GET,1790065610349,1,8
hot:8,GET,1790065610349,1,16
hot:5,GET,1790065610349,1,34
hot:2,GET,1790065610349,1,44
hot:5,GET,1790065610349,1,34
hot:11,GET,1790065610349,1,27
hot:7,GET,1790065610349,1,4
hot:4,GET,1790065610349,1,23
hot:5,GET,1790065610349,1,34
warm:39,SET,1790065610349,1,8
hot:7,GET,1790065610357,1,4
warm:32,GET,1790065610357,1,17
hot:0,GET,1790065610357,1,30
hot:10,GET,1790065610357,1,21
warm:34,GET,1790065610357,1,7
hot:0,GET,1790065610357,1,30
hot:6,GET,1790065610359,1,4
cold:57,GET,1790065610359,1,11
hot:11,SET,1790065610359,1,24
warm:14,GET,1790065610364,1,31
hot:4,GET,1790065610364,1,23
warm:38,SET,1790065610364,1,11
hot:0,GET,1790065610379,1,30
warm:4,GET,1790065610379,1,9
hot:11,GET,1790065610379,1,24
warm:1,GET,1790065610379,1,34
hot:10,SET,1790065610379,1,19
warm:32,GET,1790065610391,1,17
warm:9,GET,1790065610391,1,26
hot:0,GET,1790065610391,1,30
warm:1,GET,1790065610391,1,34
warm:39,GET,1790065610391,1,8
hot:11,GET,1790065610391,1,24
hot:8,GET,1790065610391,1,16
hot:7,GET,1790065610391,1,4
hot:6,GET,1790065610391,1,4
warm:34,GET,1790065610393,1,7
warm:39,GET,1790065610393,1,8
cold:5,GET,1790065610393,1,18
hot:8,GET,1790065610393,1,16
warm:34,EXISTS,1790065610393,1,7
hot:2,GET,1790065610393,1,44
hot:7,GET,1790065610393,1,4
warm:34,GET,1790065610393,1,7
warm:25,GET,1790065610393,1,21
warm:4,GET,1790065610393,1,9
hot:6,GET,1790065610393,1,4
hot:3,GET,1790065610393,1,8
cold:62,GET,1790065610393,1,4
warm:1,GET,1790065610393,1,34
cold:17,GET,1790065610393,1,4
warm:21,GET,1790065610393,1,34
hot:10,GET,1790065610393,1,19
warm:39,GET,1790065610393,1,8
hot:1,GET,1790065610393,1,32
hot:2,GET,1790065610393,1,44
hot:8,GET,1790065610396,1,16
hot:6,GET,1790065610396,1,4
warm:32,GET,1790065610396,1,17
warm:22,GET,1790065610396,1,22
warm:34,GET,1790065610396,1,7
hot:7,SET,1790065610396,1,13
hot:7,GET,1790065610404,1,13
hot:11,GET,1790065610404,1,24
warm:32,SET,1790065610404,1,10
warm:34,GET,1790065610416,1,7
warm:28,GET,1790065610416,1,11
hot:3,GET,1790065610416,1,8
hot:7,GET,1790065610416,1,13
warm:4,GET,1790065610416,1,9
hot:4,GET,1790065610416,1,23
hot:3,GET,1790065610416,1,8
warm:3,GET,1790065610416,1,20
hot:0,GET,1790065610416,1,30
hot:9,GET,1790065610416,1,4
cold:74,GET,1790065610416,1,4
hot:4,GET,1790065610418,1,23
warm:1,GET,1790065610418,1,34
warm:4,GET,1790065610418,1,9
warm:39,GET,1790065610418,1,8
warm:34,GET,1790065610418,1,7
hot:3,GET,1790065610418,1,8
hot:11,GET,1790065610418,1,24
hot:10,GET,1790065610418,1,19
warm:4,GET,1790065610418,1,9
warm:32,GET,1790065610418,1,10
cold:63,GET,1790065610418,1,7
hot:1,GET,1790065610418,1,32
hot:3,GET,1790065610418,1,8
hot:9,EXISTS,1790065610418,1,4
hot:6,GET,1790065610418,1,4
cold:70,GET,1790065610418,1,14
warm:32,GET,1790065610418,1,10
hot:2,SET,1790065610418,1,31
warm:1,GET,1790065610426,1,34
hot:9,GET,1790065610426,1,4
warm:4,GET,1790065610431,1,9
hot:8,GET,1790065610431,1,16
warm:38,GET,1790065610431,1,11
warm:37,GET,1790065610431,1,29
warm:34,GET,1790065610431,1,7
warm:31,GET,1790065610431,1,21
session:42,SET,1790065610431,0,7
session:42,GET,1790065610440,1,7
hot:9,GET,1790065610440,1,4
cold:1,GET,1790065610440,1,14
hot:10,GET,1790065610440,1,19
cold:2,GET,1790065610440,1,4
hot:1,GET,1790065610440,1,32
hot:8,GET,1790065610440,1,16
warm:16,GET,1790065610440,1,33
hot:1,GET,1790065610440,1,32
hot:2,GET,1790065610440,1,31
hot:7,GET,1790065610440,1,13
hot:7,GET,1790065610440,1,13
hot:4,GET,1790065610440,1,23
warm:1,EXISTS,1790065610440,1,34
warm:17,SET,1790065610444,1,31
hot:6,GET,1790065610455,1,4
cold:73,GET,1790065610455,1,16
hot:5,GET,1790065610455,1,34
warm:32,GET,1790065610455,1,10
warm:39,GET,1790065610455,1,8
hot:5,GET,1790065610455,1,34
hot:9,GET,1790065610455,1,4
hot:2,GET,1790065610455,1,31
hot:1,GET,1790065610455,1,32
hot:4,GET,1790065610455,1,23
warm:1,GET,1790065610455,1,34
warm:39,GET,1790065610455,1,8
warm:6,SET,1790065610455,1,22
hot:3,GET,1790065610468,1,8
warm:32,GET,1790065610468,1,10
warm:34,GET,1790065610468,1,7
warm:39,GET,1790065610468,1,8
hot:3,GET,1790065610468,1,8
hot:0,GET,1790065610468,1,30
warm:15,GET,1790065610471,1,15
warm:34,GET,1790065610471,1,7
cold:5,GET,1790065610471,1,18
hot:11,GET,1790065610471,1,24
cold:14,GET,1790065610471,1,16
hot:9,GET,1790065610471,1,4
warm:39,SET,1790065610471,1,7
hot:6,GET,1790065610483,1,4
warm:32,GET,1790065610483,1,10
hot:9,GET,1790065610483,1,4
hot:9,SET,1790065610483,1,8
warm:23,GET,1790065610493,1,35
warm:39,GET,1790065610493,1,7
hot:4,GET,1790065610493,1,23
cold:61,GET,1790065610493,1,18
cold:5,GET,1790065610493,1,18
warm:4,GET,1790065610493,1,9
hot:4,GET,1790065610493,1,23
warm:34,GET,1790065610493,1,7
warm:28,GET,1790065610493,1,11
warm:39,GET,1790065610496,1,7
warm:3,GET,1790065610496,1,20
hot:6,GET,1790065610496,1,4
warm:17,GET,1790065610496,1,31
hot:1,GET,1790065610496,1,32
hot:10,GET,1790065610496,1,19
hot:4,GET,1790065610496,1,23
hot:0,SET,1790065610496,1,32
hot:4,GET,1790065610505,1,23
warm:34,GET,1790065610505,1,7
hot:0,GET,1790065610505,1,32
warm:32,GET,1790065610505,1,10
warm:29,GET,1790065610505,1,20
hot:7,GET,1790065610505,1,13
hot:4,GET,1790065610505,1,23
session:43,SET,1790065610505,0,16
session:43,GET,1790065610517,1,16
warm:13,GET,1790065610517,1,4
hot:6,GET,1790065610517,1,4
hot:5,GET,1790065610517,1,34
warm:17,GET,1790065610517,1,31
warm:1,GET,1790065610518,1,34
session:44,SET,1790065610518,0,4
session:44,GET,1790065610527,1,4
hot:9,GET,1790065610527,1,8
warm:32,SET,1790065610527,1,18
hot:11,GET,1790065610539,1,24
hot:9,EXISTS,1790065610539,1,8
hot:0,GET,1790065610539,1,32
warm:4,GET,1790065610539,1,9
hot:7,SET,1790065610539,1,25
session:45,SET,1790065610550,0,20
session:45,GET,1790065610554,1,20
warm:23,GET,1790065610554,1,35
session:46,SET,1790065610554,0,17
session:46,GET,1790065610567,1,17
warm:34,GET,1790065610567,1,7
hot:6,GET,1790065610567,1,4
hot:10,GET,1790065610567,1,19
warm:39,GET,1790065610567,1,7
warm:3,GET,1790065610567,1,20
warm:39,SET,1790065610567,1,5
hot:0,GET,1790065610567,1,32
warm:13,GET,1790065610567,1,4
warm:19,SET,1790065610582,1,18
warm:16,SET,1790065610590,1,33
hot:1,GET,1790065610602,1,32
hot:4,GET,1790065610602,1,23
warm:1,GET,1790065610602,1,34
warm:34,GET,1790065610602,1,7
warm:39,GET,1790065610602,1,5
warm:39,GET,1790065610602,1,5
hot:1,SET,1790065610602,1,34
warm:17,GET,1790065610615,1,31
hot:5,GET,1790065610615,1,34
cold:61,GET,1790065610615,1,18
warm:34,GET,1790065610615,1,7
warm:26,GET,1790065610615,1,12
warm:4,GET,1790065610615,1,9
hot:4,GET,1790065610615,1,23
warm:18,GET,1790065610615,1,15
cold:26,GET,1790065610615,1,26
hot:8,GET,1790065610615,1,16
warm:34,GET,1790065610615,1,7
warm:28,GET,1790065610616,1,11
warm:39,GET,1790065610616,1,5
cold:83,GET,1790065610616,1,4
cold:81,GET,1790065610616,1,5
hot:2,GET,1790065610616,1,31
warm:3,GET,1790065610616,1,20
hot:6,GET,1790065610616,1,4
hot:4,GET,1790065610616,1,23
hot:10,GET,1790065610616,1,19
hot:1,GET,1790065610616,1,34
hot:11,GET,1790065610616,1,24
hot:5,GET,1790065610616,1,34
warm:1,GET,1790065610616,1,34
cold:88,GET,1790065610616,1,8
warm:16,GET,1790065610616,1,33
warm:24,GET,1790065610616,1,27
hot:6,GET,1790065610616,1,4
hot:11,GET,1790065610616,1,24
warm:4,GET,1790065610616,1,9
hot:5,GET,1790065610616,1,34
warm:1,GET,1790065610618,1,34
warm:39,GET,1790065610618,1,5
hot:4,GET,1790065610618,1,23
hot:4,GET,1790065610618,1,23
warm:39,GET,1790065610618,1,5
warm:16,SET,1790065610618,1,34
warm:32,GET,1790065610626,1,18
hot:0,SET,1790065610626,1,11
hot:7,GET,1790065610636,1,25
hot:9,GET,1790065610636,1,8
warm:28,GET,1790065610636,1,11
warm:9,GET,1790065610636,1,26
warm:28,GET,1790065610636,1,11
hot:4,GET,1790065610636,1,23
cold:3,GET,1790065610636,1,8
warm:34,GET,1790065610636,1,7
hot:8,GET,1790065610636,1,16
cold:68,GET,1790065610636,1,15
warm:16,GET,1790065610636,1,34
hot:6,GET,1790065610636,1,4
hot:1,GET,1790065610640,1,34
warm:17,EXISTS,1790065610640,1,31
hot:1,GET,1790065610640,1,34
warm:30,GET,1790065610640,1,33
hot:11,GET,1790065610640,1,24
warm:38,GET,1790065610640,1,11
cold:16,GET,1790065610640,1,7
hot:9,SET,1790065610640,1,13
warm:34,GET,1790065610650,1,7
warm:23,SET,1790065610650,1,14
hot:11,GET,1790065610658,1,24
cold:4,GET,1790065610658,1,29
hot:10,GET,1790065610658,1,19
warm:4,GET,1790065610658,1,9
hot:4,GET,1790065610658,1,23
hot:7,GET,1790065610658,1,25
hot:7,GET,1790065610658,1,25
hot:5,GET,1790065610658,1,34
warm:28,GET,1790065610658,1,11
hot:8,GET,1790065610658,1,16
hot:5,EXISTS,1790065610662,1,34
hot:11,GET,1790065610662,1,24
warm:39,GET,1790065610662,1,5
hot:1,SET,1790065610662,1,27
session:47,SET,1790065610670,0,18
session:47,GET,1790065610678,1,18
warm:1,GET,1790065610678,1,34
warm:1,GET,1790065610678,1,34
warm:1,GET,1790065610678,1,34
hot:7,GET,1790065610678,1,25
hot:11,GET,1790065610678,1,24
cold:38,GET,1790065610678,1,12
hot:8,GET,1790065610678,1,16
warm:30,GET,1790065610678,1,33
warm:32,GET,1790065610678,1,18
hot:6,GET,1790065610678,1,4
hot:2,GET,1790065610678,1,31
warm:1,GET,1790065610678,1,34
warm:28,GET,1790065610678,1,11
warm:4,GET,1790065610678,1,9
warm:0,SET,1790065610678,1,23
hot:6,GET,1790065610693,1,4
hot:4,GET,1790065610693,1,23
warm:28,SET,1790065610693,1,31
warm:39,GET,1790065610701,1,5
hot:2,GET,1790065610701,1,31
hot:3,GET,1790065610701,1,8
warm:1,GET,1790065610701,1,34
warm:35,GET,1790065610701,1,25
warm:11,SET,1790065610701,1,33
hot:2,SET,1790065610709,1,31
hot:2,GET,1790065610721,1,31
warm:39,SET,1790065610721,1,16
cold:50,GET,1790065610724,1,11
warm:34,GET,1790065610724,1,7
hot:10,GET,1790065610724,1,19
hot:1,GET,1790065610724,1,27
warm:36,GET,1790065610724,1,16
hot:2,GET,1790065610724,1,31
hot:1,GET,1790065610724,1,27
warm:32,GET,1790065610724,1,18
warm:34,GET,1790065610733,1,7
hot:8,GET,1790065610733,1,16
warm:1,GET,1790065610733,1,34
warm:23,SET,1790065610733,1,5
hot:11,GET,1790065610741,1,24
warm:1,GET,1790065610741,1,34
warm:39,GET,1790065610741,1,16
hot:7,GET,1790065610741,1,25
cold:49,DELETE,1790065610741,1,-1
cold:49,SET,1790065610754,0,12
hot:0,GET,1790065610765,1,11
hot:7,GET,1790065610765,1,25
hot:9,GET,1790065610765,1,13
hot:4,GET,1790065610765,1,23
cold:42,GET,1790065610765,1,5
hot:5,GET,1790065610765,1,34
cold:38,GET,1790065610765,1,12
hot:7,GET,1790065610765,1,25
warm:34,SET,1790065610765,1,7
warm:3,SET,1790065610778,1,32
warm:34,GET,1790065610789,1,7
cold:21,GET,1790065610793,1,19
warm:33,GET,1790065610793,1,28
warm:39,GET,1790065610793,1,16
session:48,SET,1790065610793,0,10
session:48,GET,1790065610797,1,10
warm:1,GET,1790065610797,1,34
cold:83,GET,1790065610797,1,4
warm:28,GET,1790065610797,1,31
hot:7,GET,1790065610797,1,25
hot:5,GET,1790065610797,1,34
warm:1,GET,1790065610797,1,34
hot:7,GET,1790065610797,1,25
hot:6,GET,1790065610797,1,4
warm:4,GET,1790065610797,1,9
hot:1,GET,1790065610797,1,27
hot:11,GET,1790065610797,1,24
warm:28,SET,1790065610797,1,23
warm:32,GET,1790065610813,1,18
hot:0,GET,1790065610813,1,11
hot:11,GET,1790065610813,1,24
warm:7,EXISTS,1790065610813,1,18
warm:4,GET,1790065610816,1,9
hot:1,GET,1790065610816,1,27
hot:0,GET,1790065610816,1,11
hot:0,GET,1790065610816,1,11
warm:33,GET,1790065610816,1,28
hot:4,SET,1790065610816,1,33
hot:1,GET,1790065610824,1,27
session:49,SET,1790065610824,0,24
session:49,GET,1790065610833,1,24
warm:32,GET,1790065610833,1,18
hot:4,GET,1790065610833,1,33
hot:10,GET,1790065610833,1,19
warm:32,GET,1790065610833,1,18
hot:1,GET,1790065610833,1,27
warm:34,GET,1790065610833,1,7
warm:39,GET,1790065610833,1,16
cold:52,GET,1790065610833,1,13
warm:32,GET,1790065610833,1,18
warm:28,GET,1790065610833,1,23
hot:2,GET,1790065610833,1,31
hot:8,GET,1790065610833,1,16
warm:25,GET,1790065610838,1,21
hot:1,GET,1790065610838,1,27
warm:32,GET,1790065610838,1,18
session:50,SET,1790065610838,0,20
session:50,GET,1790065610847,1,20
warm:34,GET,1790065610847,1,7
hot:9,GET,1790065610847,1,13
hot:4,GET,1790065610847,1,33
hot:11,GET,1790065610847,1,24
warm:17,GET,1790065610847,1,31
hot:7,GET,1790065610847,1,25
hot:7,GET,1790065610847,1,25
hot:3,GET,1790065610847,1,8
hot:3,GET,1790065610847,1,8
hot:5,GET,1790065610847,1,34
warm:32,GET,1790065610847,1,18
warm:22,GET,1790065610847,1,22
warm:4,GET,1790065610847,1,9
warm:13,GET,1790065610847,1,4
hot:10,GET,1790065610847,1,19
warm:39,GET,1790065610847,1,16
warm:34,GET,1790065610849,1,7
hot:0,GET,1790065610849,1,11
warm:34,EXISTS,1790065610849,1,7
warm:32,GET,1790065610849,1,18
warm:4,GET,1790065610849,1,9
hot:4,GET,1790065610849,1,33
warm:1,GET,1790065610849,1,34
hot:7,GET,1790065610849,1,25
warm:34,GET,1790065610849,1,7
hot:6,GET,1790065610849,1,4
warm:39,GET,1790065610849,1,16
hot:1,GET,1790065610849,1,27
warm:1,GET,1790065610849,1,34
cold:62,DELETE,1790065610849,1,-1
cold:62,SET,1790065610859,0,8
warm:4,GET,1790065610866,1,9
hot:8,GET,1790065610866,1,16
warm:23,GET,1790065610866,1,5
warm:32,GET,1790065610866,1,18
hot:11,GET,1790065610866,1,24
warm:3,SET,1790065610866,1,14
warm:32,GET,1790065610882,1,18
hot:6,GET,1790065610882,1,4
warm:1,GET,1790065610882,1,34
hot:6,GET,1790065610882,1,4
hot:1,GET,1790065610882,1,27
warm:34,GET,1790065610882,1,7
cold:34,DELETE,1790065610882,1,-1
cold:34,SET,1790065610892,0,5
warm:39,GET,1790065610906,1,16
warm:1,GET,1790065610906,1,34
warm:1,GET,1790065610906,1,34
warm:3,GET,1790065610906,1,14
hot:11,GET,1790065610906,1,24
hot:8,GET,1790065610906,1,16
hot:11,GET,1790065610906,1,24
hot:1,GET,1790065610906,1,27
warm:24,GET,1790065610906,1,27
hot:2,GET,1790065610906,1,31
hot:4,GET,1790065610906,1,33
hot:11,GET,1790065610906,1,24
cold:85,GET,1790065610906,1,17
hot:8,EXISTS,1790065610908,1,16
warm:28,GET,1790065610908,1,23
hot:11,GET,1790065610908,1,24
hot:0,GET,1790065610908,1,11
cold:68,GET,1790065610908,1,15
warm:32,GET,1790065610908,1,18
hot:3,GET,1790065610908,1,8
warm:4,GET,1790065610908,1,9
warm:39,GET,1790065610908,1,16
hot:0,GET,1790065610908,1,11
warm:1,GET,1790065610908,1,34
hot:2,GET,1790065610908,1,31
hot:0,GET,1790065610908,1,11
warm:22,GET,1790065610908,1,22
hot:7,GET,1790065610908,1,25
warm:32,GET,1790065610908,1,18
warm:34,GET,1790065610908,1,7
warm:39,GET,1790065610908,1,16
warm:8,GET,1790065610908,1,35
hot:7,GET,1790065610908,1,25
hot:0,GET,1790065610909,1,11
warm:34,GET,1790065610909,1,7
cold:5,GET,1790065610909,1,18
cold:45,GET,1790065610909,1,13
hot:9,GET,1790065610909,1,13
warm:39,GET,1790065610909,1,16
warm:35,GET,1790065610909,1,25
hot:10,GET,1790065610909,1,19
warm:24,GET,1790065610909,1,27
cold:82,GET,1790065610909,1,8
hot:8,GET,1790065610909,1,16
warm:34,GET,1790065610909,1,7
session:51,SET,1790065610909,0,15
session:51,SET,1790065610925,1,34
warm:32,GET,1790065610936,1,18
cold:22,GET,1790065610936,1,11
hot:7,GET,1790065610936,1,25
warm:3,GET,1790065610936,1,14
cold:28,GET,1790065610936,1,10
warm:18,GET,1790065610936,1,15
hot:6,GET,1790065610936,1,4
cold:9,GET,1790065610938,1,18
warm:34,GET,1790065610938,1,7
hot:1,GET,1790065610938,1,27
hot:8,GET,1790065610938,1,16
warm:32,GET,1790065610938,1,18
session:52,SET,1790065610938,0,16
session:52,GET,1790065610947,1,16
hot:7,GET,1790065610947,1,25
hot:7,EXISTS,1790065610947,1,25
warm:39,GET,1790065610947,1,16
warm:14,GET,1790065610947,1,31
warm:39,GET,1790065610947,1,16
cold:51,GET,1790065610947,1,14
warm:39,GET,1790065610947,1,16
hot:6,GET,1790065610947,1,4
warm:34,GET,1790065610947,1,7
hot:9,SET,1790065610947,1,6
hot:1,GET,1790065610956,1,27
hot:1,GET,1790065610956,1,27
hot:2,GET,1790065610956,1,31
warm:34,GET,1790065610956,1,7
hot:9,GET,1790065610963,1,6
hot:11,GET,1790065610963,1,24
hot:7,GET,1790065610963,1,25
hot:5,GET,1790065610963,1,34
hot:7,GET,1790065610963,1,25
hot:4,GET,1790065610963,1,33
warm:39,GET,1790065610963,1,16
warm:39,GET,1790065610963,1,16
hot:4,GET,1790065610963,1,33
hot:7,GET,1790065610963,1,25
hot:1,GET,1790065610963,1,27
cold:23,GET,1790065610963,1,19
hot:0,GET,1790065610963,1,11
hot:1,SET,1790065610963,1,12
hot:8,GET,1790065610973,1,16
cold:8,GET,1790065610973,1,12
warm:28,GET,1790065610973,1,23
session:53,SET,1790065610973,0,4
session:53,GET,1790065610980,1,4
warm:39,GET,1790065610980,1,16
hot:4,GET,1790065610980,1,33
warm:39,GET,1790065610988,1,16
warm:11,GET,1790065610988,1,33
warm:39,GET,1790065610988,1,16
warm:28,GET,1790065610988,1,23
warm:34,GET,1790065610988,1,7
warm:1,GET,1790065610988,1,34
session:54,SET,1790065610988,0,10
session:54,GET,1790065610999,1,10
warm:3,GET,1790065610999,1,14
hot:0,GET,1790065610999,1,11
hot:7,GET,1790065610999,1,25
hot:7,GET,1790065610999,1,25
hot:0,GET,1790065610999,1,11
session:55,SET,1790065610999,0,19
session:55,GET,1790065611010,1,19
hot:10,GET,1790065611010,1,19
cold:6,GET,1790065611010,1,18
warm:21,GET,1790065611010,1,34
hot:7,GET,1790065611010,1,25
warm:4,GET,1790065611010,1,9
hot:11,GET,1790065611010,1,24
warm:39,GET,1790065611010,1,16
warm:28,GET,1790065611015,1,23
cold:40,GET,1790065611015,1,18
hot:6,GET,1790065611015,1,4
hot:11,GET,1790065611015,1,24
warm:39,GET,1790065611015,1,16
hot:1,GET,1790065611015,1,12
warm:32,GET,1790065611015,1,18
hot:9,GET,1790065611015,1,6
hot:1,GET,1790065611015,1,12
warm:4,GET,1790065611015,1,9
warm:23,GET,1790065611015,1,5
hot:7,GET,1790065611015,1,25
warm:23,GET,1790065611015,1,5
session:56,SET,1790065611015,0,27
session:56,SET,1790065611025,1,9
cold:52,GET,1790065611037,1,13
hot:2,GET,1790065611037,1,31
warm:2,GET,1790065611037,1,11
warm:28,GET,1790065611037,1,23
warm:4,SET,1790065611037,1,16
hot:6,GET,1790065611049,1,4
session:57,SET,1790065611054,0,11
session:57,GET,1790065611062,1,11
hot:3,GET,1790065611062,1,8
hot:4,SET,1790065611062,1,35
cold:87,GET,1790065611073,1,18
hot:8,GET,1790065611073,1,16
hot:10,GET,1790065611073,1,19
hot:10,GET,1790065611073,1,19
warm:3,SET,1790065611073,1,33
cold:15,GET,1790065611087,1,8
hot:9,GET,1790065611087,1,6
hot:4,GET,1790065611087,1,35
hot:7,GET,1790065611087,1,25
warm:32,GET,1790065611087,1,18
hot:7,GET,1790065611087,1,25
warm:19,GET,1790065611087,1,18
warm:13,GET,1790065611087,1,4
hot:5,GET,1790065611087,1,34
cold:2,GET,1790065611087,1,4
hot:6,GET,1790065611087,1,4
hot:4,GET,1790065611087,1,35
cold:64,GET,1790065611088,1,12
warm:32,GET,1790065611088,1,18
cold:75,DELETE,1790065611088,1,-1
cold:75,SET,1790065611096,0,12
hot:11,GET,1790065611104,1,24
hot:3,GET,1790065611104,1,8
cold:0,GET,1790065611104,1,17
session:58,SET,1790065611104,0,21
session:58,GET,1790065611124,1,21
hot:4,GET,1790065611124,1,35
hot:2,GET,1790065611124,1,31
hot:10,GET,1790065611124,1,19
hot:6,GET,1790065611124,1,4
hot:3,GET,1790065611124,1,8
warm:32,GET,1790065611124,1,18
hot:5,GET,1790065611124,1,34
hot:1,GET,1790065611124,1,12
hot:0,GET,1790065611124,1,11
hot:10,GET,1790065611124,1,19
hot:2,GET,1790065611124,1,31
cold:49,GET,1790065611124,1,12
warm:32,GET,1790065611124,1,18
warm:28,GET,1790065611126,1,23
hot:3,GET,1790065611126,1,8
warm:34,GET,1790065611126,1,7
hot:7,GET,1790065611126,1,25
hot:2,GET,1790065611126,1,31
warm:34,GET,1790065611126,1,7
hot:11,GET,1790065611126,1,24
warm:25,GET,1790065611126,1,21
hot:3,SET,1790065611126,1,6
warm:28,GET,1790065611136,1,23
hot:6,GET,1790065611136,1,4
warm:24,GET,1790065611136,1,27
hot:6,GET,1790065611136,1,4
hot:9,SET,1790065611136,1,19
warm:20,GET,1790065611147,1,25
warm:10,GET,1790065611147,1,25
warm:4,GET,1790065611147,1,16
cold:59,DELETE,1790065611147,1,-1
cold:59,SET,1790065611150,0,18
hot:11,SET,1790065611167,1,20
warm:32,GET,1790065611167,1,18
hot:8,GET,1790065611181,1,16
hot:2,GET,1790065611181,1,31
warm:1,GET,1790065611181,1,34
warm:4,GET,1790065611181,1,16
warm:8,GET,1790065611181,1,35
cold:12,GET,1790065611181,1,11
hot:1,GET,1790065611181,1,12
cold:78,DELETE,1790065611181,1,-1
cold:78,SET,1790065611189,0,19
hot:2,GET,1790065611203,1,31
warm:1,GET,1790065611203,1,34
warm:32,GET,1790065611203,1,18
warm:19,GET,1790065611203,1,18
session:59,SET,1790065611203,0,21
session:59,GET,1790065611215,1,21
hot:4,GET,1790065611215,1,35
hot:1,GET,1790065611215,1,12
hot:9,GET,1790065611215,1,19
cold:60,GET,1790065611215,1,5
warm:34,GET,1790065611215,1,7
warm:39,GET,1790065611215,1,16
warm:4,GET,1790065611215,1,16
warm:4,GET,1790065611220,1,16
hot:5,GET,1790065611220,1,34
warm:32,GET,1790065611220,1,18
warm:32,GET,1790065611220,1,18
hot:6,GET,1790065611220,1,4
cold:9,GET,1790065611220,1,18
hot:3,GET,1790065611220,1,6
hot:0,GET,1790065611220,1,11
hot:1,GET,1790065611220,1,12
warm:34,GET,1790065611220,1,7
warm:27,GET,1790065611220,1,35
warm:9,SET,1790065611220,1,25
warm:28,GET,1790065611230,1,23
warm:37,GET,1790065611230,1,29
hot:11,GET,1790065611230,1,20
cold:18,SET,1790065611230,1,22
warm:24,GET,1790065611242,1,27
warm:17,GET,1790065611242,1,31
hot:9,GET,1790065611242,1,19
hot:6,GET,1790065611242,1,4
warm:7,GET,1790065611245,1,18
hot:3,GET,1790065611245,1,6
hot:9,SET,1790065611245,1,12
hot:8,GET,1790065611259,1,16
warm:7,GET,1790065611259,1,18
cold:64,GET,1790065611259,1,12
hot:10,GET,1790065611259,1,19
hot:0,GET,1790065611259,1,11
hot:2,SET,1790065611259,1,29
warm:1,GET,1790065611272,1,34
cold:88,GET,1790065611272,1,8
hot:9,GET,1790065611272,1,12
warm:28,GET,1790065611272,1,23
hot:10,GET,1790065611272,1,19
hot:11,GET,1790065611272,1,20
hot:4,GET,1790065611272,1,35
warm:2,GET,1790065611272,1,11
hot:1,GET,1790065611272,1,12
hot:4,GET,1790065611272,1,35
warm:4,SET,1790065611272,1,20
warm:28,SET,1790065611285,1,20
hot:4,GET,1790065611295,1,35
hot:2,GET,1790065611295,1,29
cold:39,GET,1790065611295,1,6
cold:64,GET,1790065611295,1,12
cold:13,GET,1790065611295,1,18
cold:8,DELETE,1790065611295,1,-1
cold:8,SET,1790065611305,0,7
hot:7,GET,1790065611316,1,25
hot:11,SET,1790065611316,1,29
hot:2,GET,1790065611325,1,29
hot:10,GET,1790065611325,1,19
warm:28,GET,1790065611325,1,20
warm:32,GET,1790065611325,1,18
hot:7,GET,1790065611325,1,25
hot:2,GET,1790065611325,1,29
warm:6,GET,1790065611325,1,22
hot:4,SET,1790065611325,1,21
hot:10,GET,1790065611336,1,19
hot:4,GET,1790065611336,1,21
cold:85,GET,1790065611336,1,17
hot:3,GET,1790065611340,1,6
cold:77,SET,1790065611340,1,6
warm:39,GET,1790065611349,1,16
hot:1,GET,1790065611349,1,12
cold:29,GET,1790065611349,1,12
hot:6,GET,1790065611349,1,4
warm:28,GET,1790065611349,1,20
warm:10,GET,1790065611349,1,25
hot:7,GET,1790065611349,1,25
warm:34,GET,1790065611349,1,7
hot:10,GET,1790065611349,1,19
hot:5,SET,1790065611349,1,4
hot:7,SET,1790065611360,1,10
warm:28,GET,1790065611362,1,20
cold:82,GET,1790065611362,1,8
warm:14,GET,1790065611362,1,31
warm:34,GET,1790065611362,1,7
hot:2,GET,1790065611362,1,29
warm:31,GET,1790065611362,1,21
hot:6,GET,1790065611362,1,4
hot:4,GET,1790065611372,1,21
warm:34,GET,1790065611372,1,7
warm:14,GET,1790065611372,1,31
hot:6,GET,1790065611372,1,4
hot:5,GET,1790065611372,1,4
cold:45,GET,1790065611372,1,13
warm:1,SET,1790065611372,1,26
warm:34,GET,1790065611372,1,7
hot:1,GET,1790065611372,1,12
warm:32,GET,1790065611372,1,18
warm:4,EXISTS,1790065611372,1,20
cold:1,SET,1790065611372,1,10
hot:5,SET,1790065611393,1,35
hot:11,GET,1790065611405,1,29
hot:3,GET,1790065611405,1,6
warm:32,GET,1790065611405,1,18
hot:6,GET,1790065611405,1,4
hot:8,GET,1790065611405,1,16
warm:28,GET,1790065611405,1,20
hot:10,GET,1790065611405,1,19
warm:1,GET,1790065611406,1,26
cold:39,DELETE,1790065611406,1,-1
cold:39,SET,1790065611414,0,15
warm:4,GET,1790065611429,1,20
hot:2,GET,1790065611429,1,29
warm:21,GET,1790065611429,1,34
hot:6,GET,1790065611429,1,4
hot:10,SET,1790065611429,1,17
hot:8,GET,1790065611443,1,16
hot:8,GET,1790065611443,1,16
hot:8,GET,1790065611443,1,16
warm:17,SET,1790065611443,1,11
warm:28,GET,1790065611455,1,20
warm:34,GET,1790065611455,1,7
hot:6,GET,1790065611455,1,4
hot:6,GET,1790065611455,1,4
hot:11,GET,1790065611455,1,29
hot:9,GET,1790065611455,1,12
warm:39,GET,1790065611455,1,16
cold:58,GET,1790065611455,1,5
cold:71,GET,1790065611455,1,4
warm:33,GET,1790065611459,1,28
hot:6,GET,1790065611459,1,4
hot:0,GET,1790065611459,1,11
warm:8,GET,1790065611459,1,35
warm:30,GET,1790065611459,1,33
warm:4,GET,1790065611459,1,20
hot:7,GET,1790065611459,1,10
hot:9,GET,1790065611459,1,12
hot:1,GET,1790065611459,1,12
hot:7,GET,1790065611459,1,10
hot:3,GET,1790065611459,1,6
warm:34,GET,1790065611459,1,7
hot:8,GET,1790065611459,1,16
warm:32,GET,1790065611459,1,18
warm:32,GET,1790065611459,1,18
warm:28,GET,1790065611459,1,20
hot:4,GET,1790065611459,1,21
warm:4,GET,1790065611459,1,20
warm:28,GET,1790065611459,1,20
hot:4,GET,1790065611459,1,21
warm:4,GET,1790065611460,1,20
warm:20,GET,1790065611460,1,25
hot:5,GET,1790065611460,1,35
warm:32,EXISTS,1790065611460,1,18
hot:6,SET,1790065611460,1,21
warm:5,GET,1790065611470,1,25
hot:8,GET,1790065611470,1,16
cold:65,GET,1790065611470,1,16
hot:9,GET,1790065611470,1,12
warm:25,GET,1790065611470,1,21
warm:29,GET,1790065611470,1,20
hot:9,GET,1790065611470,1,12
cold:69,GET,1790065611470,1,15
warm:28,GET,1790065611470,1,20
warm:9,GET,1790065611470,1,25
hot:0,GET,1790065611470,1,11
hot:2,GET,1790065611470,1,29
warm:7,GET,1790065611470,1,18
hot:6,SET,1790065611470,1,16
hot:5,GET,1790065611476,1,35
hot:8,GET,1790065611484,1,16
warm:28,GET,1790065611484,1,20
cold:50,GET,1790065611484,1,11
warm:23,GET,1790065611484,1,5
warm:1,GET,1790065611484,1,26
hot:7,GET,1790065611484,1,10
warm:10,SET,1790065611484,1,29
warm:2,GET,1790065611493,1,11
warm:34,GET,1790065611493,1,7
warm:32,GET,1790065611493,1,18
hot:7,SET,1790065611493,1,33
hot:9,GET,1790065611505,1,12
warm:4,GET,1790065611505,1,20
hot:1,GET,1790065611505,1,12
hot:2,GET,1790065611505,1,29
hot:1,GET,1790065611505,1,12
hot:0,GET,1790065611505,1,11
hot:8,GET,1790065611505,1,16
warm:32,GET,1790065611505,1,18
hot:10,GET,1790065611505,1,17
hot:2,GET,1790065611508,1,29
hot:2,GET,1790065611508,1,29
warm:28,GET,1790065611508,1,20
warm:1,EXISTS,1790065611508,1,26
hot:10,GET,1790065611508,1,17
warm:39,GET,1790065611508,1,16
warm:4,GET,1790065611508,1,20
hot:5,GET,1790065611508,1,35
warm:29,GET,1790065611508,1,20
warm:19,GET,1790065611508,1,18
cold:71,GET,1790065611508,1,4
warm:1,GET,1790065611508,1,26
hot:4,GET,1790065611508,1,21
cold:46,SET,1790065611508,1,23
warm:35,GET,1790065611520,1,25
hot:11,GET,1790065611520,1,29
hot:1,GET,1790065611520,1,12
warm:16,GET,1790065611520,1,34
hot:11,GET,1790065611520,1,29
warm:0,GET,1790065611520,1,23
warm:32,GET,1790065611523,1,18
cold:62,GET,1790065611523,1,8
hot:10,GET,1790065611523,1,17
warm:26,GET,1790065611523,1,12
hot:5,EXISTS,1790065611523,1,35
hot:11,GET,1790065611523,1,29
cold:27,GET,1790065611523,1,17
hot:11,GET,1790065611523,1,29
warm:28,GET,1790065611523,1,20
warm:4,GET,1790065611523,1,20
warm:21,GET,1790065611523,1,34
hot:6,GET,1790065611523,1,16
hot:9,GET,1790065611523,1,12
warm:28,GET,1790065611523,1,20
hot:2,EXISTS,1790065611523,1,29
warm:1,GET,1790065611523,1,26
warm:18,GET,1790065611523,1,15
hot:7,GET,1790065611523,1,33
warm:32,GET,1790065611523,1,18
warm:28,GET,1790065611523,1,20
hot:3,GET,1790065611524,1,6
warm:4,GET,1790065611524,1,20
hot:11,SET,1790065611524,1,7
warm:4,GET,1790065611534,1,20
warm:6,GET,1790065611534,1,22
cold:77,DELETE,1790065611534,1,-1
cold:77,SET,1790065611547,0,8
hot:3,GET,1790065611556,1,6
hot:8,GET,1790065611556,1,16
hot:1,GET,1790065611556,1,12
warm:1,GET,1790065611556,1,26
hot:11,GET,1790065611556,1,7
warm:39,GET,1790065611556,1,16
hot:7,GET,1790065611556,1,33
cold:21,DELETE,1790065611556,1,-1
cold:21,SET,1790065611572,0,11
warm:30,GET,1790065611573,1,33
hot:9,GET,1790065611573,1,12
hot:4,GET,1790065611573,1,21
warm:17,GET,1790065611573,1,11
cold:1,DELETE,1790065611573,1,-1
cold:1,SET,1790065611589,0,15
cold:37,SET,1790065611603,1,25
hot:9,GET,1790065611620,1,12
hot:2,GET,1790065611620,1,29
warm:32,GET,1790065611620,1,18
warm:28,GET,1790065611620,1,20
warm:1,GET,1790065611620,1,26
hot:8,GET,1790065611620,1,16
hot:9,GET,1790065611620,1,12
warm:18,GET,1790065611620,1,15
warm:14,GET,1790065611620,1,31
warm:20,GET,1790065611620,1,25
hot:7,GET,1790065611620,1,33
cold:59,SET,1790065611620,1,33
warm:28,GET,1790065611632,1,20
warm:11,GET,1790065611632,1,33
cold:18,GET,1790065611632,1,22
hot:0,GET,1790065611632,1,11
cold:71,SET,1790065611632,1,9
hot:6,GET,1790065611643,1,16
hot:8,GET,1790065611643,1,16
warm:7,SET,1790065611645,1,22
warm:20,GET,1790065611657,1,25
warm:14,GET,1790065611657,1,31
hot:11,GET,1790065611657,1,7
hot:7,GET,1790065611657,1,33
hot:4,GET,1790065611657,1,21
warm:34,GET,1790065611657,1,7
warm:12,GET,1790065611657,1,18
warm:15,GET,1790065611657,1,15
warm:24,GET,1790065611657,1,27
warm:28,GET,1790065611657,1,20
warm:7,GET,1790065611657,1,22
hot:8,GET,1790065611657,1,16
hot:7,GET,1790065611657,1,33
warm:31,GET,1790065611657,1,21
hot:7,GET,1790065611657,1,33
hot:10,GET,1790065611657,1,17
hot:5,GET,1790065611657,1,35
warm:12,GET,1790065611657,1,18
warm:28,GET,1790065611657,1,20
hot:6,GET,1790065611657,1,16
cold:68,GET,1790065611658,1,15
hot:4,GET,1790065611658,1,21
warm:12,GET,1790065611658,1,18
hot:2,GET,1790065611658,1,29
cold:57,GET,1790065611658,1,11
hot:7,GET,1790065611658,1,33
hot:7,GET,1790065611658,1,33
warm:7,GET,1790065611658,1,22
hot:0,GET,1790065611658,1,11
hot:5,GET,1790065611658,1,35
warm:0,GET,1790065611658,1,23
warm:22,GET,1790065611658,1,22
hot:4,GET,1790065611658,1,21
cold:69,GET,1790065611658,1,15
hot:7,SET,1790065611658,1,27
hot:11,GET,1790065611668,1,7
warm:28,GET,1790065611668,1,20
hot:1,GET,1790065611668,1,12
hot:1,SET,1790065611668,1,26
hot:0,GET,1790065611671,1,11
cold:84,GET,1790065611681,1,12
warm:15,GET,1790065611681,1,15
cold:65,GET,1790065611681,1,16
hot:2,GET,1790065611681,1,29
cold:25,GET,1790065611681,1,17
cold:87,GET,1790065611681,1,18
hot:3,GET,1790065611681,1,6
warm:20,GET,1790065611681,1,25
hot:0,GET,1790065611681,1,11
hot:0,GET,1790065611681,1,11
hot:9,GET,1790065611681,1,12
hot:11,SET,1790065611681,1,35
hot:11,GET,1790065611691,1,35
warm:31,GET,1790065611691,1,21
hot:1,GET,1790065611691,1,26
warm:20,GET,1790065611691,1,25
hot:9,SET,1790065611691,1,6
warm:12,GET,1790065611699,1,18
hot:6,GET,1790065611699,1,16
hot:9,GET,1790065611699,1,6
warm:27,GET,1790065611704,1,35
hot:5,SET,1790065611704,1,19
warm:15,GET,1790065611714,1,15
hot:10,GET,1790065611714,1,17
warm:10,GET,1790065611714,1,29
cold:44,GET,1790065611714,1,19
warm:20,GET,1790065611714,1,25
warm:31,GET,1790065611714,1,21
hot:9,GET,1790065611714,1,6
hot:6,GET,1790065611714,1,16
hot:0,GET,1790065611714,1,11
hot:11,GET,1790065611714,1,35
hot:9,GET,1790065611714,1,6
warm:20,GET,1790065611714,1,25
hot:5,GET,1790065611714,1,19
warm:33,GET,1790065611714,1,28
hot:4,GET,1790065611714,1,21
warm:7,GET,1790065611714,1,22
warm:15,SET,1790065611714,1,25
hot:7,GET,1790065611727,1,27
cold:64,SET,1790065611728,1,34
warm:0,GET,1790065611739,1,23
warm:37,GET,1790065611739,1,29
hot:3,GET,1790065611739,1,6
warm:28,GET,1790065611739,1,20
warm:27,GET,1790065611739,1,35
warm:37,GET,1790065611739,1,29
hot:3,GET,1790065611739,1,6
hot:8,GET,1790065611739,1,16
hot:5,GET,1790065611739,1,19
hot:1,GET,1790065611739,1,26
warm:31,SET,1790065611739,1,11
warm:20,GET,1790065611750,1,25
cold:55,GET,1790065611750,1,15
hot:0,GET,1790065611750,1,11
warm:31,GET,1790065611750,1,11
warm:27,EXISTS,1790065611750,1,35
warm:7,GET,1790065611750,1,22
warm:30,SET,1790065611750,1,16
hot:4,GET,1790065611762,1,21
warm:12,GET,1790065611764,1,18
hot:4,GET,1790065611764,1,21
hot:0,GET,1790065611764,1,11
cold:83,GET,1790065611764,1,4
warm:28,GET,1790065611764,1,20
warm:28,GET,1790065611764,1,20
hot:3,GET,1790065611764,1,6
warm:22,SET,1790065611764,1,10
hot:8,GET,1790065611776,1,16
warm:15,GET,1790065611776,1,25
warm:28,GET,1790065611776,1,20
warm:31,GET,1790065611776,1,11
warm:20,GET,1790065611776,1,25
hot:7,GET,1790065611776,1,27
warm:7,GET,1790065611776,1,22
cold:9,GET,1790065611776,1,18
hot:9,GET,1790065611776,1,6
hot:10,GET,1790065611776,1,17
warm:20,GET,1790065611776,1,25
hot:4,EXISTS,1790065611776,1,21
warm:15,GET,1790065611778,1,25
hot:4,GET,1790065611778,1,21
warm:5,GET,1790065611778,1,25
hot:10,GET,1790065611778,1,17
warm:28,GET,1790065611778,1,20
hot:1,GET,1790065611778,1,26
warm:18,GET,1790065611778,1,15
hot:1,GET,1790065611778,1,26
warm:7,GET,1790065611778,1,22
hot:4,SET,1790065611778,1,35
warm:36,GET,1790065611789,1,16
warm:31,GET,1790065611789,1,11
hot:6,GET,1790065611789,1,16
hot:4,GET,1790065611789,1,35
warm:12,GET,1790065611789,1,18
hot:10,GET,1790065611789,1,17
warm:28,GET,1790065611789,1,20
hot:7,GET,1790065611789,1,27
cold:35,GET,1790065611789,1,4
warm:9,GET,1790065611789,1,25
hot:11,GET,1790065611792,1,35
cold:37,GET,1790065611792,1,25
hot:3,GET,1790065611792,1,6
cold:2,GET,1790065611792,1,4
hot:11,EXISTS,1790065611792,1,35
hot:10,GET,1790065611792,1,17
hot:9,GET,1790065611792,1,6
hot:1,GET,1790065611792,1,26
hot:6,GET,1790065611792,1,16
hot:5,GET,1790065611792,1,19
hot:6,GET,1790065611792,1,16
cold:0,GET,1790065611792,1,17
hot:3,GET,1790065611792,1,6
warm:15,GET,1790065611792,1,25
cold:6,GET,1790065611792,1,18
hot:10,GET,1790065611792,1,17
hot:2,GET,1790065611792,1,29
hot:3,GET,1790065611792,1,6
hot:0,GET,1790065611792,1,11
hot:11,GET,1790065611792,1,35
hot:0,GET,1790065611793,1,11
hot:2,EXISTS,1790065611793,1,29
hot:8,GET,1790065611793,1,16
warm:15,GET,1790065611793,1,25
hot:10,GET,1790065611793,1,17
warm:31,GET,1790065611793,1,11
warm:31,GET,1790065611793,1,11
hot:9,GET,1790065611793,1,6
warm:28,GET,1790065611793,1,20
hot:5,GET,1790065611793,1,19
hot:11,GET,1790065611793,1,35
warm:28,GET,1790065611793,1,20
hot:2,GET,1790065611793,1,29
hot:4,GET,1790065611793,1,35
cold:19,SET,1790065611793,1,32
warm:31,GET,1790065611803,1,11
hot:5,GET,1790065611803,1,19
hot:1,GET,1790065611803,1,26
cold:59,GET,1790065611803,1,33
cold:49,GET,1790065611803,1,12
hot:4,GET,1790065611806,1,35
warm:31,GET,1790065611806,1,11
hot:4,GET,1790065611806,1,35
hot:9,GET,1790065611806,1,6
warm:20,SET,1790065611806,1,16
hot:11,SET,1790065611814,1,29
warm:32,GET,1790065611832,1,18
hot:10,GET,1790065611832,1,17
warm:28,GET,1790065611832,1,20
cold:86,GET,1790065611832,1,32
warm:4,GET,1790065611832,1,20
hot:2,GET,1790065611832,1,29
warm:20,GET,1790065611832,1,16
warm:7,GET,1790065611832,1,22
warm:20,GET,1790065611832,1,16
hot:10,GET,1790065611832,1,17
warm:5,GET,1790065611832,1,25
warm:37,SET,1790065611832,1,19
hot:4,SET,1790065611843,1,5
hot:7,GET,1790065611856,1,27
hot:11,GET,1790065611859,1,29
hot:5,GET,1790065611859,1,19
hot:3,GET,1790065611859,1,6
warm:20,GET,1790065611859,1,16
warm:14,GET,1790065611859,1,31
hot:6,GET,1790065611859,1,16
warm:20,GET,1790065611859,1,16
cold:5,DELETE,1790065611859,1,-1
cold:5,SET,1790065611872,0,8
warm:15,GET,1790065611882,1,25
warm:28,GET,1790065611882,1,20
cold:10,GET,1790065611882,1,25
hot:5,GET,1790065611882,1,19
warm:31,GET,1790065611882,1,11
warm:28,SET,1790065611882,1,16
warm:26,GET,1790065611897,1,12
warm:31,GET,1790065611897,1,11
warm:31,GET,1790065611897,1,11
hot:10,GET,1790065611897,1,17
cold:36,DELETE,1790065611897,1,-1
cold:36,SET,1790065611906,0,12
hot:4,GET,1790065611922,1,5
hot:1,GET,1790065611926,1,26
hot:4,EXISTS,1790065611926,1,5
hot:0,GET,1790065611926,1,11
hot:4,GET,1790065611926,1,5
cold:63,GET,1790065611926,1,7
warm:15,GET,1790065611926,1,25
hot:9,GET,1790065611926,1,6
warm:7,GET,1790065611926,1,22
hot:4,GET,1790065611926,1,5
hot:5,GET,1790065611926,1,19
warm:7,GET,1790065611926,1,22
hot:8,GET,1790065611926,1,16
hot:1,GET,1790065611926,1,26
hot:2,GET,1790065611926,1,29
warm:20,GET,1790065611926,1,16
warm:28,GET,1790065611926,1,16
warm:15,GET,1790065611926,1,25
warm:7,GET,1790065611926,1,22
hot:7,GET,1790065611926,1,27
warm:38,GET,1790065611926,1,11
warm:12,GET,1790065611927,1,18
hot:1,GET,1790065611927,1,26
warm:23,GET,1790065611927,1,5
hot:9,GET,1790065611927,1,6
warm:20,GET,1790065611927,1,16
hot:6,GET,1790065611927,1,16
hot:10,SET,1790065611927,1,27
cold:5,EXISTS,1790065611941,1,8
warm:28,GET,1790065611941,1,16
hot:4,GET,1790065611941,1,5
cold:37,GET,1790065611941,1,25
warm:31,GET,1790065611941,1,11
hot:4,EXISTS,1790065611941,1,5
hot:8,GET,1790065611941,1,16
hot:0,GET,1790065611941,1,11
hot:5,GET,1790065611941,1,19
cold:89,DELETE,1790065611941,1,-1
cold:89,SET,1790065611955,0,15
warm:28,GET,1790065611971,1,16
warm:17,GET,1790065611971,1,11
hot:10,GET,1790065611971,1,27
cold:39,GET,1790065611972,1,15
warm:1,GET,1790065611972,1,26
cold:57,GET,1790065611972,1,11
hot:9,GET,1790065611972,1,6
warm:7,GET,1790065611972,1,22
hot:0,GET,1790065611972,1,11
hot:0,GET,1790065611972,1,11
warm:15,GET,1790065611972,1,25
hot:1,GET,1790065611972,1,26
warm:12,GET,1790065611972,1,18
hot:9,GET,1790065611972,1,6
hot:7,GET,1790065611972,1,27
warm:30,GET,1790065611972,1,16
hot:1,GET,1790065611972,1,26
hot:0,GET,1790065611972,1,11
warm:31,GET,1790065611972,1,11
hot:9,SET,1790065611972,1,7
warm:15,GET,1790065611982,1,25
hot:9,GET,1790065611982,1,7
hot:7,GET,1790065611982,1,27
cold:87,GET,1790065611988,1,18
cold:62,GET,1790065611988,1,8
hot:6,GET,1790065611988,1,16
warm:28,GET,1790065611988,1,16
warm:7,GET,1790065611988,1,22
warm:20,GET,1790065611988,1,16
hot:11,GET,1790065611988,1,29
warm:12,GET,1790065611988,1,18
warm:2,GET,1790065611988,1,11
cold:38,GET,1790065611988,1,12
hot:5,GET,1790065611988,1,19
warm:11,GET,1790065611988,1,33
hot:8,GET,1790065611988,1,16
hot:6,GET,1790065611988,1,16
warm:20,GET,1790065611988,1,16
hot:4,GET,1790065611988,1,5
cold:35,EXISTS,1790065611988,1,4
warm:28,GET,1790065611988,1,16
hot:6,GET,1790065611988,1,16
hot:7,EXISTS,1790065611988,1,27
cold:66,GET,1790065611989,1,18
hot:7,GET,1790065611989,1,27
warm:36,GET,1790065611989,1,16
warm:7,GET,1790065611989,1,22
hot:10,GET,1790065611989,1,27
warm:31,GET,1790065611989,1,11
warm:7,GET,1790065611989,1,22
hot:3,GET,1790065611989,1,6
warm:24,GET,1790065611989,1,27
hot:2,GET,1790065611989,1,29
warm:7,GET,1790065611989,1,22
warm:11,GET,1790065611989,1,33
warm:7,SET,1790065611989,1,10
warm:27,GET,1790065611999,1,35
cold:11,GET,1790065611999,1,18
hot:10,GET,1790065611999,1,27
warm:15,GET,1790065611999,1,25
warm:28,GET,1790065611999,1,16
hot:6,GET,1790065611999,1,16
warm:28,SET,1790065611999,1,23
hot:6,GET,1790065612014,1,16
hot:10,GET,1790065612014,1,27
warm:15,GET,1790065612014,1,25
warm:28,GET,1790065612014,1,23
warm:28,GET,1790065612014,1,23
hot:9,GET,1790065612014,1,7
cold:46,SET,1790065612014,1,11
warm:32,GET,1790065612019,1,18
hot:9,GET,1790065612019,1,7
cold:6,GET,1790065612019,1,18
warm:31,SET,1790065612019,1,21
warm:9,GET,1790065612039,1,25
warm:19,GET,1790065612039,1,18
hot:6,GET,1790065612039,1,16
hot:1,GET,1790065612039,1,26
hot:11,GET,1790065612039,1,29
warm:7,GET,1790065612039,1,10
warm:31,EXISTS,1790065612039,1,21
warm:6,SET,1790065612039,1,20
hot:8,GET,1790065612053,1,16
hot:3,GET,1790065612056,1,6
hot:7,GET,1790065612056,1,27
warm:31,GET,1790065612056,1,21
cold:75,GET,1790065612056,1,12
warm:15,GET,1790065612056,1,25
cold:57,GET,1790065612056,1,11
hot:10,GET,1790065612056,1,27
warm:7,GET,1790065612056,1,10
cold:20,GET,1790065612056,1,13
hot:11,GET,1790065612056,1,29
warm:20,GET,1790065612056,1,16
cold:62,GET,1790065612056,1,8
hot:9,GET,1790065612056,1,7
cold:27,GET,1790065612056,1,17
warm:20,GET,1790065612056,1,16
hot:5,SET,1790065612056,1,22
warm:12,SET,1790065612068,1,10
warm:31,GET,1790065612085,1,21
hot:6,GET,1790065612085,1,16
cold:15,GET,1790065612085,1,8
warm:28,GET,1790065612087,1,23
warm:7,GET,1790065612087,1,10
warm:3,SET,1790065612087,1,31
hot:4,GET,1790065612096,1,5
hot:1,GET,1790065612096,1,26
warm:20,EXISTS,1790065612096,1,16
warm:22,GET,1790065612096,1,10
warm:20,GET,1790065612096,1,16
cold:47,GET,1790065612096,1,28
hot:2,GET,1790065612096,1,29
warm:28,GET,1790065612096,1,23
warm:20,GET,1790065612096,1,16
warm:28,GET,1790065612096,1,23
hot:10,GET,1790065612096,1,27
warm:2,GET,1790065612096,1,11
hot:3,GET,1790065612096,1,6
warm:28,GET,1790065612096,1,23
cold:36,SET,1790065612096,1,30
hot:11,GET,1790065612104,1,29
warm:1,GET,1790065612104,1,26
warm:20,GET,1790065612111,1,16
hot:7,GET,1790065612111,1,27
hot:4,GET,1790065612111,1,5
hot:2,GET,1790065612111,1,29
warm:7,GET,1790065612111,1,10
warm:39,GET,1790065612111,1,16
cold:75,SET,1790065612111,1,9
warm:7,GET,1790065612124,1,10
hot:11,GET,1790065612124,1,29
warm:1,GET,1790065612124,1,26
cold:86,GET,1790065612124,1,32
hot:5,SET,1790065612124,1,9
hot:2,SET,1790065612137,1,4
hot:9,GET,1790065612149,1,7
hot:3,GET,1790065612149,1,6
warm:23,GET,1790065612149,1,5
hot:2,GET,1790065612149,1,4
warm:7,EXISTS,1790065612149,1,10
hot:0,GET,1790065612149,1,11
hot:3,GET,1790065612149,1,6
warm:1,GET,1790065612153,1,26
hot:2,GET,1790065612153,1,4
cold:3,GET,1790065612153,1,8
warm:28,GET,1790065612153,1,23
cold:72,GET,1790065612153,1,16
hot:8,GET,1790065612153,1,16
warm:23,GET,1790065612153,1,5
hot:10,GET,1790065612153,1,27
warm:12,GET,1790065612153,1,10
hot:7,SET,1790065612153,1,7
warm:20,GET,1790065612161,1,16
hot:11,GET,1790065612161,1,29
hot:5,GET,1790065612161,1,9
warm:15,GET,1790065612161,1,25
cold:20,GET,1790065612161,1,13
hot:2,GET,1790065612161,1,4
warm:15,GET,1790065612161,1,25
warm:35,GET,1790065612161,1,25
warm:31,GET,1790065612161,1,21
hot:7,GET,1790065612161,1,7
hot:6,EXISTS,1790065612166,1,16
warm:28,GET,1790065612166,1,23
hot:4,SET,1790065612166,1,24
warm:12,GET,1790065612172,1,10
hot:7,GET,1790065612172,1,7
warm:38,GET,1790065612172,1,11
hot:11,GET,1790065612172,1,29
warm:28,GET,1790065612172,1,23
warm:31,GET,1790065612172,1,21
warm:38,GET,1790065612172,1,11
hot:8,GET,1790065612172,1,16
cold:75,GET,1790065612172,1,9
cold:5,DELETE,1790065612172,1,-1
cold:5,SET,1790065612191,0,16
hot:6,GET,1790065612201,1,16
hot:8,GET,1790065612201,1,16
hot:11,GET,1790065612201,1,29
warm:3,GET,1790065612201,1,31
warm:31,GET,1790065612201,1,21
warm:21,SET,1790065612201,1,35
hot:3,GET,1790065612215,1,6
hot:9,GET,1790065612218,1,7
warm:28,GET,1790065612218,1,23
hot:6,GET,1790065612218,1,16
hot:5,GET,1790065612218,1,9
warm:28,GET,1790065612218,1,23
hot:10,GET,1790065612218,1,27
hot:5,GET,1790065612218,1,9
warm:28,GET,1790065612218,1,23
warm:28,GET,1790065612218,1,23
hot:4,GET,1790065612218,1,24
warm:17,GET,1790065612218,1,11
cold:42,DELETE,1790065612218,1,-1
cold:42,SET,1790065612221,0,14
hot:10,GET,1790065612240,1,27
warm:16,GET,1790065612240,1,34
warm:21,GET,1790065612240,1,35
warm:10,GET,1790065612240,1,29
cold:87,GET,1790065612240,1,18
cold:42,DELETE,1790065612240,1,-1
cold:42,SET,1790065612253,0,16
warm:20,GET,1790065612265,1,16
warm:15,GET,1790065612265,1,25
hot:7,GET,1790065612267,1,7
warm:18,GET,1790065612267,1,15
warm:15,GET,1790065612267,1,25
hot:2,GET,1790065612267,1,4
warm:12,GET,1790065612267,1,10
warm:15,GET,1790065612267,1,25
hot:5,GET,1790065612267,1,9
hot:0,GET,1790065612267,1,11
warm:31,GET,1790065612267,1,21
warm:21,GET,1790065612267,1,35
hot:4,GET,1790065612267,1,24
cold:77,GET,1790065612267,1,8
hot:3,GET,1790065612267,1,6
hot:1,GET,1790065612267,1,26
warm:7,SET,1790065612267,1,14
warm:20,SET,1790065612279,1,17
cold:12,GET,1790065612290,1,11
cold:66,GET,1790065612290,1,18
warm:28,GET,1790065612290,1,23
hot:8,GET,1790065612290,1,16
hot:3,SET,1790065612294,1,17
hot:10,GET,1790065612306,1,27
warm:26,GET,1790065612306,1,12
cold:83,GET,1790065612306,1,4
warm:15,GET,1790065612306,1,25
warm:20,GET,1790065612306,1,17
warm:20,SET,1790065612306,1,28
warm:12,SET,1790065612317,1,4
warm:16,GET,1790065612326,1,34
warm:7,GET,1790065612326,1,14
cold:21,SET,1790065612326,1,21
warm:33,GET,1790065612334,1,28
hot:7,GET,1790065612334,1,7
warm:20,GET,1790065612334,1,28
cold:39,GET,1790065612334,1,15
warm:20,GET,1790065612334,1,28
hot:8,EXISTS,1790065612334,1,16
warm:15,GET,1790065612334,1,25
hot:9,GET,1790065612334,1,7
warm:31,GET,1790065612334,1,21
hot:6,GET,1790065612340,1,16
cold:7,GET,1790065612340,1,13
hot:3,GET,1790065612340,1,17
warm:28,SET,1790065612340,1,32
warm:24,GET,1790065612350,1,27
hot:6,GET,1790065612350,1,16
warm:15,SET,1790065612350,1,18
warm:2,GET,1790065612360,1,11
hot:7,GET,1790065612360,1,7
warm:7,GET,1790065612360,1,14
hot:6,GET,1790065612360,1,16
hot:7,GET,1790065612360,1,7
hot:2,GET,1790065612360,1,4
hot:10,GET,1790065612360,1,27
warm:7,GET,1790065612360,1,14
cold:74,GET,1790065612360,1,4
hot:2,GET,1790065612360,1,4
warm:20,SET,1790065612360,1,16
hot:4,GET,1790065612373,1,24
hot:7,SET,1790065612373,1,33
warm:24,GET,1790065612388,1,27
hot:5,GET,1790065612388,1,9
hot:0,GET,1790065612388,1,11
hot:0,GET,1790065612388,1,11
hot:1,GET,1790065612388,1,26
warm:7,GET,1790065612388,1,14
warm:6,GET,1790065612388,1,20
warm:2,GET,1790065612388,1,11
hot:0,GET,1790065612388,1,11
warm:15,GET,1790065612388,1,18
hot:11,GET,1790065612388,1,29
hot:4,GET,1790065612388,1,24
hot:4,SET,1790065612388,1,34
hot:11,GET,1790065612400,1,29
hot:3,GET,1790065612400,1,17
hot:6,SET,1790065612400,1,20
warm:31,EXISTS,1790065612405,1,21
warm:33,SET,1790065612405,1,16
hot:5,GET,1790065612417,1,9
cold:88,GET,1790065612417,1,8
warm:15,GET,1790065612424,1,18
hot:1,GET,1790065612424,1,26
warm:12,GET,1790065612424,1,4
hot:5,GET,1790065612424,1,9
hot:9,GET,1790065612424,1,7
hot:5,GET,1790065612424,1,9
hot:9,GET,1790065612424,1,7
hot:4,GET,1790065612424,1,34
warm:31,GET,1790065612424,1,21
cold:74,GET,1790065612424,1,4
warm:34,GET,1790065612424,1,7
warm:20,GET,1790065612424,1,16
hot:0,GET,1790065612424,1,11
warm:7,GET,1790065612424,1,14
cold:50,GET,1790065612424,1,11
hot:4,GET,1790065612424,1,34
warm:28,EXISTS,1790065612424,1,32
warm:20,GET,1790065612424,1,16
hot:5,GET,1790065612424,1,9
hot:5,GET,1790065612424,1,9
cold:43,GET,1790065612425,1,14
cold:56,GET,1790065612425,1,10
hot:1,GET,1790065612425,1,26
warm:0,GET,1790065612425,1,23
warm:28,GET,1790065612425,1,32
cold:26,GET,1790065612425,1,26
hot:8,EXISTS,1790065612425,1,16
warm:12,GET,1790065612425,1,4
warm:31,GET,1790065612425,1,21
warm:12,EXISTS,1790065612425,1,4
warm:27,GET,1790065612425,1,35
hot:3,GET,1790065612425,1,17
cold:49,GET,1790065612425,1,12
hot:1,GET,1790065612425,1,26
hot:0,GET,1790065612425,1,11
warm:29,GET,1790065612425,1,20
warm:37,GET,1790065612425,1,19
cold:72,GET,1790065612425,1,16
hot:8,GET,1790065612425,1,16
warm:15,GET,1790065612425,1,18
hot:1,GET,1790065612427,1,26
hot:9,GET,1790065612427,1,7
warm:0,SET,1790065612427,1,34
warm:12,GET,1790065612436,1,4
warm:14,SET,1790065612436,1,13
hot:9,GET,1790065612452,1,7
hot:4,SET,1790065612452,1,28
cold:86,GET,1790065612461,1,32
hot:6,GET,1790065612461,1,20
cold:70,DELETE,1790065612461,1,-1
cold:70,SET,1790065612480,0,8
warm:14,GET,1790065612494,1,13
hot:7,GET,1790065612494,1,33
warm:39,GET,1790065612494,1,16
warm:28,SET,1790065612494,1,8
cold:81,GET,1790065612502,1,5
warm:31,GET,1790065612502,1,21
warm:20,GET,1790065612502,1,16
hot:0,GET,1790065612502,1,11
warm:38,GET,1790065612502,1,11
warm:12,GET,1790065612502,1,4
hot:3,GET,1790065612508,1,17
warm:21,GET,1790065612508,1,35
hot:0,GET,1790065612508,1,11
cold:78,GET,1790065612508,1,19
warm:20,GET,1790065612508,1,16
warm:39,GET,1790065612508,1,16
warm:22,GET,1790065612508,1,10
hot:6,GET,1790065612508,1,20
warm:20,GET,1790065612508,1,16
hot:9,GET,1790065612508,1,7
hot:11,GET,1790065612508,1,29
warm:16,GET,1790065612508,1,34
warm:28,GET,1790065612508,1,8
warm:37,GET,1790065612508,1,19
cold:78,GET,1790065612508,1,19
hot:1,GET,1790065612508,1,26
hot:5,GET,1790065612508,1,9
warm:12,GET,1790065612508,1,4
warm:14,GET,1790065612508,1,13
warm:20,GET,1790065612508,1,16
hot:10,GET,1790065612510,1,27
cold:38,GET,1790065612510,1,12
hot:0,GET,1790065612510,1,11
cold:24,GET,1790065612510,1,11
warm:31,GET,1790065612510,1,21
hot:0,GET,1790065612510,1,11
warm:7,GET,1790065612510,1,14
hot:7,EXISTS,1790065612510,1,33
warm:16,GET,1790065612510,1,34
hot:4,GET,1790065612510,1,28
cold:82,GET,1790065612510,1,8
hot:11,GET,1790065612510,1,29
hot:4,GET,1790065612510,1,28
warm:36,GET,1790065612510,1,16
hot:1,GET,1790065612510,1,26
hot:0,GET,1790065612510,1,11
warm:31,GET,1790065612510,1,21
hot:2,GET,1790065612510,1,4
warm:31,GET,1790065612510,1,21
hot:1,GET,1790065612510,1,26
hot:8,GET,1790065612512,1,16
hot:8,GET,1790065612512,1,16
warm:28,GET,1790065612512,1,8
cold:11,DELETE,1790065612512,1,-1
cold:11,SET,1790065612521,0,6
hot:5,GET,1790065612535,1,9
hot:9,GET,1790065612535,1,7
warm:17,GET,1790065612535,1,11
warm:5,SET,1790065612535,1,4
warm:23,GET,1790065612546,1,5
cold:73,GET,1790065612546,1,16
warm:9,GET,1790065612546,1,25
hot:5,SET,1790065612546,1,12
cold:33,GET,1790065612560,1,6
warm:33,GET,1790065612560,1,16
warm:20,GET,1790065612560,1,16
cold:58,GET,1790065612560,1,5
warm:16,GET,1790065612560,1,34
warm:15,GET,1790065612560,1,18
hot:10,GET,1790065612560,1,27
hot:8,SET,1790065612560,1,31
warm:28,GET,1790065612573,1,8
hot:5,EXISTS,1790065612573,1,12
cold:54,SET,1790065612573,1,30
warm:31,GET,1790065612585,1,21
hot:11,GET,1790065612585,1,29
hot:2,GET,1790065612585,1,4
hot:10,GET,1790065612585,1,27
warm:28,SET,1790065612585,1,31
warm:25,GET,1790065612590,1,21
hot:6,GET,1790065612590,1,20
hot:2,EXISTS,1790065612590,1,4
warm:7,GET,1790065612590,1,14
hot:5,GET,1790065612590,1,12
warm:21,SET,1790065612590,1,9
cold:3,GET,1790065612613,1,8
hot:6,GET,1790065612613,1,20
hot:0,SET,1790065612613,1,16
hot:10,GET,1790065612622,1,27
warm:30,GET,1790065612622,1,16
warm:7,GET,1790065612622,1,14
warm:13,GET,1790065612627,1,4
warm:35,GET,1790065612627,1,25
hot:10,GET,1790065612627,1,27
warm:20,GET,1790065612627,1,16
warm:7,GET,1790065612627,1,14
hot:3,SET,1790065612627,1,6
hot:11,GET,1790065612639,1,29
warm:14,GET,1790065612639,1,13
hot:3,SET,1790065612639,1,11
warm:12,SET,1790065612652,1,22
warm:8,GET,1790065612661,1,35
hot:11,GET,1790065612661,1,29
hot:11,GET,1790065612661,1,29
warm:28,GET,1790065612661,1,31
warm:36,GET,1790065612661,1,16
warm:31,GET,1790065612661,1,21
hot:6,EXISTS,1790065612661,1,20
hot:8,GET,1790065612661,1,31
warm:28,GET,1790065612661,1,31
hot:6,GET,1790065612661,1,20
warm:7,GET,1790065612666,1,14
hot:10,SET,1790065612666,1,7
warm:7,GET,1790065612675,1,14
warm:21,GET,1790065612675,1,9
warm:1,GET,1790065612675,1,26
warm:28,GET,1790065612675,1,31
hot:3,SET,1790065612675,1,10
warm:7,GET,1790065612686,1,14
hot:9,GET,1790065612686,1,7
hot:3,GET,1790065612686,1,10
hot:4,GET,1790065612686,1,28
hot:8,GET,1790065612686,1,31
warm:31,GET,1790065612686,1,21
hot:10,GET,1790065612686,1,7
warm:16,GET,1790065612686,1,34
warm:0,GET,1790065612686,1,34
hot:9,GET,1790065612686,1,7
hot:1,GET,1790065612686,1,26
warm:31,GET,1790065612686,1,21
hot:11,GET,1790065612686,1,29
hot:5,GET,1790065612693,1,12
hot:4,SET,1790065612693,1,9
cold:88,GET,1790065612702,1,8
hot:6,GET,1790065612702,1,20
warm:31,GET,1790065612702,1,21
cold:27,GET,1790065612702,1,17
hot:0,SET,1790065612702,1,23
warm:15,GET,1790065612717,1,18
warm:0,GET,1790065612717,1,34
hot:0,GET,1790065612717,1,23
cold:20,GET,1790065612717,1,13
warm:12,GET,1790065612717,1,22
hot:2,GET,1790065612717,1,4
hot:0,GET,1790065612717,1,23
cold:28,GET,1790065612717,1,10
warm:28,GET,1790065612717,1,31
cold:77,GET,1790065612717,1,8
hot:11,GET,1790065612717,1,29
hot:6,GET,1790065612717,1,20
hot:2,SET,1790065612717,1,21
hot:7,GET,1790065612731,1,33
hot:9,GET,1790065612731,1,7
hot:4,GET,1790065612731,1,9
cold:86,GET,1790065612731,1,32
hot:1,GET,1790065612731,1,26
warm:14,GET,1790065612731,1,13
hot:0,GET,1790065612731,1,23
cold:50,GET,1790065612731,1,11
warm:12,GET,1790065612731,1,22
cold:12,GET,1790065612731,1,11
warm:30,GET,1790065612731,1,16
warm:23,GET,1790065612731,1,5
warm:31,SET,1790065612731,1,11
hot:3,GET,1790065612741,1,10
warm:12,GET,1790065612741,1,22
cold:63,GET,1790065612741,1,7
cold:33,GET,1790065612741,1,6
cold:16,GET,1790065612741,1,7
warm:10,GET,1790065612741,1,29
hot:9,GET,1790065612741,1,7
hot:1,GET,1790065612744,1,26
warm:20,GET,1790065612744,1,16
hot:3,SET,1790065612744,1,21
hot:6,GET,1790065612753,1,20
warm:20,EXISTS,1790065612753,1,16
warm:20,GET,1790065612753,1,16
hot:10,GET,1790065612753,1,7
warm:28,SET,1790065612753,1,6
warm:8,GET,1790065612767,1,35
warm:12,GET,1790065612767,1,22
hot:9,GET,1790065612767,1,7
hot:9,GET,1790065612767,1,7
hot:9,GET,1790065612767,1,7
warm:12,GET,1790065612767,1,22
hot:3,GET,1790065612767,1,21
warm:19,GET,1790065612767,1,18
hot:0,GET,1790065612767,1,23
warm:28,GET,1790065612767,1,6
warm:25,GET,1790065612767,1,21
warm:21,GET,1790065612767,1,9
hot:0,GET,1790065612769,1,23
cold:58,GET,1790065612769,1,5
hot:4,SET,1790065612769,1,9
cold:13,DELETE,1790065612777,1,-1
cold:13,SET,1790065612784,0,15
cold:50,GET,1790065612802,1,11
hot:0,GET,1790065612802,1,23
hot:11,GET,1790065612802,1,29
warm:31,GET,1790065612802,1,11
cold:41,DELETE,1790065612802,1,-1
cold:41,SET,1790065612817,0,5
warm:15,GET,1790065612825,1,18
warm:12,GET,1790065612825,1,22
hot:7,GET,1790065612825,1,33
warm:28,GET,1790065612825,1,6
hot:11,GET,1790065612825,1,29
cold:67,EXISTS,1790065612825,1,16
hot:2,GET,1790065612825,1,21
hot:9,GET,1790065612825,1,7
warm:20,GET,1790065612825,1,16
warm:20,SET,1790065612825,1,31
hot:10,SET,1790065612833,1,11
hot:4,GET,1790065612854,1,9
warm:20,GET,1790065612854,1,31
warm:20,GET,1790065612854,1,31
hot:4,GET,1790065612854,1,9
warm:19,GET,1790065612854,1,18
hot:11,GET,1790065612854,1,29
warm:2,GET,1790065612854,1,11
hot:2,GET,1790065612854,1,21
warm:20,GET,1790065612854,1,31
hot:8,GET,1790065612854,1,31
hot:5,SET,1790065612854,1,20
warm:0,GET,1790065612856,1,34
hot:3,GET,1790065612856,1,21
warm:12,GET,1790065612856,1,22
warm:7,SET,1790065612856,1,14
hot:7,GET,1790065612870,1,33
hot:8,GET,1790065612870,1,31
hot:5,GET,1790065612870,1,20
hot:2,GET,1790065612870,1,21
hot:1,SET,1790065612870,1,16
hot:3,GET,1790065612890,1,21
warm:27,GET,1790065612890,1,35
warm:9,GET,1790065612890,1,25
warm:20,GET,1790065612890,1,31
hot:5,GET,1790065612890,1,20
hot:1,GET,1790065612890,1,16
warm:12,GET,1790065612890,1,22
hot:11,SET,1790065612890,1,23
hot:11,GET,1790065612890,1,23
warm:11,GET,1790065612890,1,33
hot:4,GET,1790065612890,1,9
warm:36,GET,1790065612890,1,16
warm:28,GET,1790065612890,1,6
warm:34,GET,1790065612890,1,7
hot:3,GET,1790065612890,1,21
warm:36,GET,1790065612890,1,16
cold:71,DELETE,1790065612890,1,-1
cold:71,SET,1790065612906,0,13
warm:21,GET,1790065612922,1,9
hot:10,GET,1790065612922,1,11
hot:3,GET,1790065612922,1,21
warm:12,GET,1790065612926,1,22
cold:17,DELETE,1790065612926,1,-1
cold:17,SET,1790065612936,0,15
warm:12,GET,1790065612943,1,22
warm:31,GET,1790065612943,1,11
hot:4,GET,1790065612943,1,9
warm:31,GET,1790065612943,1,11
cold:6,DELETE,1790065612943,1,-1
cold:6,SET,1790065612958,0,6
warm:14,EXISTS,1790065612962,1,13
warm:11,GET,1790065612962,1,33
hot:11,GET,1790065612962,1,23
hot:11,GET,1790065612962,1,23
warm:28,GET,1790065612962,1,6
hot:9,GET,1790065612962,1,7
hot:6,GET,1790065612962,1,20
warm:19,GET,1790065612962,1,18
warm:28,GET,1790065612962,1,6
cold:63,SET,1790065612962,1,21
warm:31,GET,1790065612979,1,11
cold:13,SET,1790065612979,1,25
hot:8,GET,1790065612993,1,31
warm:7,SET,1790065613002,1,5
hot:4,GET,1790065613004,1,9
warm:32,GET,1790065613004,1,18
cold:59,EXISTS,1790065613004,1,33
warm:15,GET,1790065613004,1,18
hot:3,GET,1790065613004,1,21
warm:28,GET,1790065613004,1,6
hot:5,GET,1790065613004,1,20
hot:11,SET,1790065613004,1,32
hot:10,GET,1790065613019,1,11
cold:36,SET,1790065613019,1,32
warm:2,SET,1790065613035,1,9
hot:11,GET,1790065613051,1,32
hot:7,GET,1790065613051,1,33
cold:66,GET,1790065613051,1,18
warm:20,GET,1790065613051,1,31
hot:4,GET,1790065613051,1,9
cold:81,GET,1790065613051,1,5
warm:12,GET,1790065613051,1,22
cold:45,GET,1790065613051,1,13
warm:8,GET,1790065613055,1,35
cold:43,GET,1790065613055,1,14
warm:20,GET,1790065613055,1,31
hot:5,GET,1790065613055,1,20
warm:7,GET,1790065613055,1,5
hot:4,GET,1790065613055,1,9
warm:13,GET,1790065613055,1,4
warm:0,GET,1790065613055,1,34
warm:33,GET,1790065613055,1,16
hot:0,SET,1790065613055,1,16
hot:11,GET,1790065613066,1,32
warm:16,SET,1790065613066,1,10
cold:1,GET,1790065613073,1,15
hot:11,GET,1790065613073,1,32
warm:5,SET,1790065613073,1,13
warm:28,GET,1790065613087,1,6
warm:12,GET,1790065613087,1,22
warm:36,GET,1790065613087,1,16
hot:7,GET,1790065613087,1,33
hot:6,GET,1790065613087,1,20
warm:34,GET,1790065613093,1,7
warm:38,SET,1790065613093,1,25
hot:3,GET,1790065613096,1,21
hot:1,SET,1790065613096,1,19
warm:28,GET,1790065613112,1,6
hot:10,GET,1790065613112,1,11
warm:31,GET,1790065613112,1,11
hot:1,GET,1790065613112,1,19
hot:5,GET,1790065613112,1,20
cold:28,GET,1790065613112,1,10
warm:28,GET,1790065613112,1,6
hot:8,GET,1790065613112,1,31
hot:1,GET,1790065613112,1,19
cold:15,GET,1790065613112,1,8
warm:12,GET,1790065613112,1,22
hot:2,GET,1790065613112,1,21
hot:4,GET,1790065613112,1,9
cold:84,DELETE,1790065613112,1,-1
cold:84,SET,1790065613126,0,10
cold:2,GET,1790065613138,1,4
warm:28,EXISTS,1790065613138,1,6
hot:1,GET,1790065613143,1,19
hot:4,GET,1790065613143,1,9
hot:0,GET,1790065613143,1,16
warm:12,GET,1790065613143,1,22
hot:11,GET,1790065613143,1,32
warm:28,GET,1790065613143,1,6
hot:7,GET,1790065613143,1,33
hot:0,GET,1790065613143,1,16
hot:10,GET,1790065613143,1,11
warm:31,GET,1790065613143,1,11
hot:5,GET,1790065613143,1,20
cold:35,GET,1790065613143,1,4
cold:55,GET,1790065613143,1,15
hot:0,SET,1790065613143,1,13
hot:9,GET,1790065613145,1,7
hot:7,GET,1790065613145,1,33
hot:2,GET,1790065613145,1,21
warm:31,GET,1790065613145,1,11
hot:0,GET,1790065613145,1,13
warm:12,GET,1790065613145,1,22
warm:28,GET,1790065613157,1,6
hot:4,GET,1790065613157,1,9
hot:11,GET,1790065613157,1,32
hot:10,GET,1790065613157,1,11
hot:4,SET,1790065613157,1,14
cold:61,GET,1790065613157,1,18
cold:15,GET,1790065613157,1,8
hot:9,GET,1790065613157,1,7
warm:20,SET,1790065613157,1,23
hot:8,GET,1790065613173,1,31
warm:15,GET,1790065613173,1,18
warm:15,GET,1790065613173,1,18
warm:15,GET,1790065613173,1,18
warm:26,GET,1790065613173,1,12
hot:4,GET,1790065613173,1,14
warm:17,GET,1790065613173,1,11
warm:7,SET,1790065613173,1,6
warm:7,GET,1790065613194,1,6
warm:28,GET,1790065613194,1,6
warm:35,GET,1790065613194,1,25
hot:10,GET,1790065613197,1,11
cold:55,GET,1790065613197,1,15
warm:31,GET,1790065613197,1,11
warm:15,GET,1790065613197,1,18
hot:0,GET,1790065613197,1,13
hot:11,GET,1790065613197,1,32
hot:8,GET,1790065613197,1,31
hot:7,GET,1790065613197,1,33
warm:31,GET,1790065613197,1,11
hot:8,GET,1790065613197,1,31
warm:12,GET,1790065613197,1,22
cold:54,GET,1790065613197,1,30
cold:78,SET,1790065613197,1,21
warm:12,SET,1790065613199,1,8
hot:3,GET,1790065613216,1,21
hot:8,GET,1790065613216,1,31
warm:28,GET,1790065613216,1,6
hot:10,SET,1790065613216,1,32
cold:13,GET,1790065613229,1,25
hot:9,GET,1790065613229,1,7
hot:7,GET,1790065613234,1,33
warm:10,GET,1790065613234,1,29
hot:6,GET,1790065613234,1,20
warm:12,GET,1790065613234,1,8
hot:8,GET,1790065613234,1,31
cold:79,GET,1790065613234,1,31
hot:8,EXISTS,1790065613234,1,31
warm:28,GET,1790065613234,1,6
hot:10,GET,1790065613234,1,32
cold:56,GET,1790065613234,1,10
warm:15,GET,1790065613234,1,18
hot:2,GET,1790065613234,1,21
warm:27,GET,1790065613234,1,35
warm:20,SET,1790065613234,1,28
warm:25,GET,1790065613236,1,21
hot:10,GET,1790065613236,1,32
warm:28,GET,1790065613236,1,6
hot:10,GET,1790065613236,1,32
cold:57,GET,1790065613236,1,11
warm:28,GET,1790065613236,1,6
hot:7,GET,1790065613247,1,33
hot:5,GET,1790065613247,1,20
hot:1,GET,1790065613247,1,19
cold:37,DELETE,1790065613247,1,-1
cold:37,SET,1790065613256,0,19
hot:5,GET,1790065613268,1,20
hot:11,GET,1790065613268,1,32
warm:7,EXISTS,1790065613268,1,6
warm:20,GET,1790065613268,1,28
hot:8,GET,1790065613268,1,31
hot:11,SET,1790065613268,1,6
warm:15,GET,1790065613284,1,18
cold:61,GET,1790065613284,1,18
warm:20,GET,1790065613284,1,28
warm:31,GET,1790065613284,1,11
cold:18,GET,1790065613284,1,22
warm:12,GET,1790065613284,1,8
hot:11,GET,1790065613284,1,6
warm:19,GET,1790065613284,1,18
hot:2,GET,1790065613284,1,21
cold:57,GET,1790065613284,1,11
warm:31,GET,1790065613288,1,11
hot:8,GET,1790065613288,1,31
hot:0,GET,1790065613288,1,13
warm:30,GET,1790065613288,1,16
warm:25,GET,1790065613288,1,21
warm:5,GET,1790065613288,1,13
warm:12,SET,1790065613288,1,21
hot:4,GET,1790065613289,1,14
cold:55,GET,1790065613289,1,15
hot:9,GET,1790065613289,1,7
cold:59,GET,1790065613289,1,33
cold:26,GET,1790065613289,1,26
hot:5,GET,1790065613289,1,20
warm:8,GET,1790065613289,1,35
hot:1,GET,1790065613289,1,19
hot:1,SET,1790065613289,1,12
warm:25,GET,1790065613304,1,21
cold:30,GET,1790065613304,1,10
warm:7,GET,1790065613304,1,6
warm:31,GET,1790065613304,1,11
cold:38,GET,1790065613313,1,12
warm:7,GET,1790065613313,1,6
hot:2,GET,1790065613313,1,21
warm:15,EXISTS,1790065613313,1,18
cold:41,GET,1790065613313,1,5
hot:2,GET,1790065613313,1,21
hot:2,GET,1790065613313,1,21
warm:31,GET,1790065613313,1,11
hot:6,GET,1790065613313,1,20
cold:5,SET,1790065613313,1,18
hot:7,GET,1790065613315,1,33
hot:2,SET,1790065613315,1,18
hot:2,GET,1790065613330,1,18
hot:3,GET,1790065613330,1,21
hot:1,GET,1790065613330,1,12
hot:7,GET,1790065613330,1,33
hot:2,GET,1790065613330,1,18
warm:20,GET,1790065613330,1,28
cold:86,GET,1790065613330,1,32
warm:13,GET,1790065613330,1,4
warm:0,GET,1790065613337,1,34
warm:20,GET,1790065613337,1,28
hot:2,SET,1790065613337,1,10
warm:23,GET,1790065613339,1,5
warm:28,GET,1790065613339,1,6
warm:31,GET,1790065613339,1,11
hot:10,GET,1790065613339,1,32
hot:10,GET,1790065613339,1,32
warm:6,GET,1790065613339,1,20
warm:17,GET,1790065613339,1,11
warm:28,GET,1790065613339,1,6
warm:9,GET,1790065613339,1,25
hot:7,GET,1790065613339,1,33
warm:7,GET,1790065613339,1,6
warm:7,GET,1790065613339,1,6
warm:31,GET,1790065613339,1,11
warm:15,GET,1790065613339,1,18
warm:0,GET,1790065613339,1,34
hot:6,GET,1790065613339,1,20
cold:80,GET,1790065613339,1,4
hot:11,GET,1790065613350,1,6
hot:8,GET,1790065613350,1,31
hot:5,GET,1790065613350,1,20
hot:2,GET,1790065613350,1,10
hot:0,GET,1790065613350,1,13
warm:23,GET,1790065613350,1,5
hot:4,GET,1790065613350,1,14
warm:28,GET,1790065613350,1,6
warm:19,GET,1790065613350,1,18
hot:8,GET,1790065613350,1,31
hot:0,GET,1790065613350,1,13
warm:38,GET,1790065613350,1,25
hot:2,GET,1790065613350,1,10
hot:7,GET,1790065613350,1,33
warm:0,GET,1790065613350,1,34
hot:0,GET,1790065613350,1,13
hot:10,GET,1790065613350,1,32
warm:20,GET,1790065613350,1,28
hot:8,GET,1790065613350,1,31
hot:7,GET,1790065613350,1,33
warm:20,GET,1790065613352,1,28
hot:0,GET,1790065613352,1,13
hot:9,GET,1790065613352,1,7
hot:11,SET,1790065613352,1,14
hot:4,GET,1790065613354,1,14
hot:4,GET,1790065613354,1,14
warm:2,GET,1790065613354,1,9
warm:6,GET,1790065613354,1,20
cold:75,GET,1790065613354,1,9
cold:22,GET,1790065613354,1,11
warm:20,SET,1790065613354,1,27
cold:68,GET,1790065613368,1,15
warm:20,GET,1790065613368,1,27
hot:9,SET,1790065613368,1,14
hot:8,GET,1790065613385,1,31
cold:20,GET,1790065613385,1,13
hot:6,GET,1790065613385,1,20
warm:7,GET,1790065613385,1,6
warm:28,GET,1790065613385,1,6
warm:31,GET,1790065613385,1,11
warm:7,GET,1790065613390,1,6
warm:11,GET,1790065613390,1,33
hot:10,GET,1790065613390,1,32
hot:1,GET,1790065613390,1,12
hot:3,GET,1790065613390,1,21
warm:12,GET,1790065613390,1,21
hot:0,GET,1790065613390,1,13
hot:9,GET,1790065613390,1,14
warm:38,GET,1790065613390,1,25
hot:3,SET,1790065613390,1,30
hot:6,GET,1790065613393,1,20
warm:31,GET,1790065613393,1,11
hot:5,GET,1790065613393,1,20
hot:10,GET,1790065613393,1,32
cold:41,GET,1790065613393,1,5
cold:13,SET,1790065613393,1,16
warm:12,GET,1790065613406,1,21
cold:53,SET,1790065613406,1,18
warm:31,SET,1790065613423,1,23
hot:1,GET,1790065613436,1,12
cold:72,GET,1790065613437,1,16
hot:2,GET,1790065613437,1,10
hot:2,GET,1790065613437,1,10
warm:7,GET,1790065613437,1,6
hot:6,GET,1790065613437,1,20
warm:12,GET,1790065613437,1,21
warm:7,GET,1790065613437,1,6
hot:8,SET,1790065613437,1,28
hot:7,GET,1790065613444,1,33
cold:37,SET,1790065613444,1,19
warm:8,GET,1790065613454,1,35
hot:1,GET,1790065613454,1,12
hot:3,GET,1790065613454,1,30
hot:1,GET,1790065613454,1,12
warm:2,GET,1790065613454,1,9
hot:5,GET,1790065613454,1,20
hot:6,GET,1790065613454,1,20
hot:4,GET,1790065613454,1,14
warm:31,GET,1790065613454,1,23
warm:18,SET,1790065613454,1,18
cold:33,GET,1790065613481,1,6
warm:16,GET,1790065613481,1,10
hot:5,GET,1790065613481,1,20
cold:14,DELETE,1790065613481,1,-1
cold:14,SET,1790065613493,0,5
warm:31,GET,1790065613498,1,23
cold:74,GET,1790065613498,1,4
warm:15,GET,1790065613498,1,18
cold:46,GET,1790065613498,1,11
cold:46,SET,1790065613498,1,14
warm:7,GET,1790065613523,1,6
cold:23,GET,1790065613523,1,19
warm:31,GET,1790065613523,1,23
hot:5,GET,1790065613523,1,20
hot:5,GET,1790065613523,1,20
warm:12,GET,1790065613523,1,21
warm:12,SET,1790065613523,1,14
hot:0,GET,1790065613531,1,13
warm:31,GET,1790065613531,1,23
hot:10,GET,1790065613531,1,32
hot:1,GET,1790065613531,1,12
cold:25,GET,1790065613541,1,17
warm:31,GET,1790065613541,1,23
hot:7,GET,1790065613541,1,33
hot:11,GET,1790065613541,1,14
warm:28,GET,1790065613541,1,6
warm:15,GET,1790065613541,1,18
warm:33,GET,1790065613541,1,16
hot:2,GET,1790065613541,1,10
warm:14,GET,1790065613541,1,13
warm:23,GET,1790065613541,1,5
hot:0,EXISTS,1790065613541,1,13
cold:71,GET,1790065613541,1,13
warm:37,GET,1790065613541,1,19
warm:15,EXISTS,1790065613541,1,18
hot:6,GET,1790065613541,1,20
warm:28,GET,1790065613541,1,6
cold:58,GET,1790065613541,1,5
warm:28,GET,1790065613541,1,6
warm:20,GET,1790065613541,1,27
warm:29,GET,1790065613541,1,20
hot:4,GET,1790065613543,1,14
hot:2,GET,1790065613543,1,10
hot:8,GET,1790065613543,1,28
warm:8,GET,1790065613543,1,35
warm:20,GET,1790065613543,1,27
cold:68,GET,1790065613543,1,15
warm:5,GET,1790065613543,1,13
warm:6,GET,1790065613543,1,20
cold:29,GET,1790065613543,1,12
warm:15,GET,1790065613543,1,18
warm:38,GET,1790065613543,1,25
hot:3,GET,1790065613543,1,30
warm:33,GET,1790065613543,1,16
warm:12,GET,1790065613543,1,14
hot:4,SET,1790065613543,1,23
hot:1,GET,1790065613554,1,12
hot:9,GET,1790065613554,1,14
cold:34,GET,1790065613554,1,5
warm:27,GET,1790065613554,1,35
cold:11,DELETE,1790065613554,1,-1
cold:11,SET,1790065613561,0,8
warm:15,GET,1790065613580,1,18
warm:27,GET,1790065613580,1,35
cold:50,SET,1790065613580,1,34
warm:31,GET,1790065613582,1,23
warm:15,GET,1790065613582,1,18
hot:1,GET,1790065613582,1,12
warm:9,GET,1790065613582,1,25
warm:9,GET,1790065613582,1,25
cold:0,GET,1790065613582,1,17
warm:38,SET,1790065613582,1,18
warm:12,SET,1790065613608,1,18
warm:1,GET,1790065613620,1,26
hot:0,GET,1790065613620,1,13
hot:3,GET,1790065613620,1,30
warm:31,GET,1790065613620,1,23
warm:12,GET,1790065613620,1,18
warm:12,GET,1790065613620,1,18
cold:27,GET,1790065613620,1,17
hot:4,GET,1790065613620,1,23
hot:11,GET,1790065613620,1,14
hot:6,GET,1790065613622,1,20
warm:7,GET,1790065613622,1,6
hot:11,GET,1790065613622,1,14
hot:11,GET,1790065613622,1,14
cold:22,GET,1790065613622,1,11
cold:6,GET,1790065613622,1,6
warm:31,GET,1790065613622,1,23
hot:11,GET,1790065613622,1,14
hot:3,GET,1790065613622,1,30
hot:3,GET,1790065613622,1,30
warm:38,GET,1790065613622,1,18
hot:8,GET,1790065613622,1,28
warm:28,GET,1790065613622,1,6
warm:12,GET,1790065613622,1,18
hot:10,GET,1790065613622,1,32
warm:4,GET,1790065613622,1,20
cold:38,GET,1790065613622,1,12
cold:62,SET,1790065613622,1,11
warm:34,GET,1790065613630,1,7
hot:2,SET,1790065613630,1,28
warm:7,GET,1790065613649,1,6
cold:39,GET,1790065613649,1,15
hot:1,SET,1790065613649,1,26
warm:25,GET,1790065613661,1,21
hot:2,GET,1790065613661,1,28
hot:1,GET,1790065613661,1,26
warm:15,GET,1790065613661,1,18
hot:0,GET,1790065613661,1,13
hot:9,GET,1790065613661,1,14
hot:4,GET,1790065613661,1,23
warm:11,GET,1790065613661,1,33
hot:2,GET,1790065613661,1,28
hot:3,GET,1790065613661,1,30
warm:20,GET,1790065613661,1,27
hot:6,GET,1790065613661,1,20
warm:28,GET,1790065613661,1,6
hot:0,GET,1790065613661,1,13
cold:3,SET,1790065613661,1,4
cold:23,GET,1790065613668,1,19
hot:9,GET,1790065613668,1,14
warm:5,GET,1790065613678,1,13
hot:10,GET,1790065613678,1,32
warm:38,GET,1790065613678,1,18
hot:2,GET,1790065613678,1,28
hot:11,GET,1790065613678,1,14
hot:8,EXISTS,1790065613678,1,28
warm:31,GET,1790065613678,1,23
hot:4,GET,1790065613678,1,23
cold:63,GET,1790065613678,1,21
cold:75,SET,1790065613678,1,8
warm:22,GET,1790065613680,1,10
cold:64,GET,1790065613680,1,34
warm:24,GET,1790065613680,1,27
warm:3,GET,1790065613680,1,31
cold:28,GET,1790065613680,1,10
hot:6,GET,1790065613680,1,20
warm:12,GET,1790065613680,1,18
hot:0,SET,1790065613680,1,13
hot:2,GET,1790065613694,1,28
hot:4,SET,1790065613694,1,6
cold:26,GET,1790065613713,1,26
warm:9,SET,1790065613713,1,29
warm:31,GET,1790065613713,1,23
hot:1,SET,1790065613713,1,10
hot:4,GET,1790065613729,1,6
hot:8,GET,1790065613729,1,28
warm:31,GET,1790065613729,1,23
hot:3,GET,1790065613729,1,30
hot:9,GET,1790065613729,1,14
cold:9,GET,1790065613729,1,18
cold:5,GET,1790065613729,1,18
warm:28,GET,1790065613729,1,6
warm:20,GET,1790065613729,1,27
cold:40,GET,1790065613729,1,18
warm:12,GET,1790065613729,1,18
warm:10,GET,1790065613729,1,29
hot:7,GET,1790065613729,1,33
warm:12,GET,1790065613729,1,18
warm:31,GET,1790065613729,1,23
warm:2,GET,1790065613729,1,9
hot:5,GET,1790065613737,1,20
hot:5,GET,1790065613737,1,20
hot:11,GET,1790065613737,1,14
warm:15,GET,1790065613737,1,18
hot:8,GET,1790065613737,1,28
warm:7,GET,1790065613737,1,6
warm:12,GET,1790065613737,1,18
hot:6,GET,1790065613737,1,20
hot:1,GET,1790065613737,1,10
cold:69,GET,1790065613737,1,15
hot:6,GET,1790065613737,1,20
hot:7,GET,1790065613737,1,33
hot:9,GET,1790065613737,1,14
warm:20,GET,1790065613737,1,27
warm:15,GET,1790065613737,1,18
warm:3,GET,1790065613737,1,31
warm:7,GET,1790065613737,1,6
warm:12,GET,1790065613737,1,18
warm:35,GET,1790065613737,1,25
hot:6,GET,1790065613737,1,20
hot:3,GET,1790065613739,1,30
hot:9,GET,1790065613739,1,14
warm:15,GET,1790065613739,1,18
hot:8,GET,1790065613739,1,28
warm:20,GET,1790065613739,1,27
cold:11,GET,1790065613739,1,8
warm:12,GET,1790065613739,1,18
warm:35,GET,1790065613739,1,25
hot:2,GET,1790065613739,1,28
warm:15,GET,1790065613739,1,18
cold:6,DELETE,1790065613739,1,-1
cold:6,SET,1790065613751,0,8
warm:20,GET,1790065613756,1,27
cold:5,GET,1790065613756,1,18
warm:37,GET,1790065613756,1,19
warm:12,GET,1790065613756,1,18
cold:27,SET,1790065613756,1,34
hot:5,SET,1790065613773,1,5
cold:60,GET,1790065613785,1,5
warm:7,GET,1790065613785,1,6
hot:9,SET,1790065613785,1,22
warm:25,GET,1790065613799,1,21
cold:48,GET,1790065613799,1,10
hot:11,GET,1790065613799,1,14
warm:29,GET,1790065613799,1,20
warm:7,SET,1790065613799,1,21
hot:4,GET,1790065613808,1,6
hot:8,GET,1790065613808,1,28
warm:28,EXISTS,1790065613808,1,6
warm:10,GET,1790065613808,1,29
warm:7,GET,1790065613808,1,21
cold:86,GET,1790065613808,1,32
warm:28,GET,1790065613808,1,6
warm:18,GET,1790065613808,1,18
warm:31,GET,1790065613808,1,23
hot:9,GET,1790065613808,1,22
warm:31,GET,1790065613808,1,23
warm:6,GET,1790065613808,1,20
warm:31,GET,1790065613808,1,23
warm:15,GET,1790065613808,1,18
hot:7,GET,1790065613808,1,33
warm:20,GET,1790065613815,1,27
hot:6,EXISTS,1790065613815,1,20
hot:11,GET,1790065613815,1,14
hot:8,GET,1790065613815,1,28
hot:4,GET,1790065613815,1,6
hot:8,GET,1790065613815,1,28
hot:1,GET,1790065613815,1,10
hot:11,GET,1790065613815,1,14
hot:1,GET,1790065613815,1,10
warm:7,GET,1790065613815,1,21
warm:13,EXISTS,1790065613815,1,4
cold:14,GET,1790065613815,1,5
hot:8,SET,1790065613815,1,27
cold:69,GET,1790065613823,1,15
hot:3,GET,1790065613823,1,30
cold:23,GET,1790065613823,1,19
hot:4,GET,1790065613823,1,6
hot:8,GET,1790065613823,1,27
hot:11,SET,1790065613823,1,10
warm:9,GET,1790065613823,1,29
cold:69,GET,1790065613841,1,15
warm:7,GET,1790065613841,1,21
warm:31,GET,1790065613841,1,23
cold:40,GET,1790065613841,1,18
cold:56,SET,1790065613841,1,23
warm:15,GET,1790065613845,1,18
warm:7,GET,1790065613845,1,21
hot:11,GET,1790065613845,1,10
warm:12,GET,1790065613845,1,18
hot:8,GET,1790065613845,1,27
hot:10,GET,1790065613845,1,32
hot:1,GET,1790065613845,1,10
warm:39,GET,1790065613845,1,16
cold:5,GET,1790065613845,1,18
cold:12,GET,1790065613845,1,11
warm:20,GET,1790065613845,1,27
hot:11,GET,1790065613845,1,10
hot:0,GET,1790065613845,1,13
hot:0,GET,1790065613845,1,13
warm:12,GET,1790065613845,1,18
hot:1,GET,1790065613856,1,10
warm:7,EXISTS,1790065613856,1,21
hot:10,GET,1790065613856,1,32
warm:15,GET,1790065613856,1,18
hot:10,GET,1790065613856,1,32
warm:31,GET,1790065613856,1,23
hot:4,GET,1790065613856,1,6
hot:7,GET,1790065613856,1,33
warm:28,GET,1790065613856,1,6
hot:5,GET,1790065613856,1,5
warm:20,GET,1790065613856,1,27
warm:31,GET,1790065613856,1,23
hot:10,GET,1790065613856,1,32
hot:9,GET,1790065613856,1,22
hot:4,GET,1790065613856,1,6
cold:26,GET,1790065613856,1,26
warm:20,GET,1790065613856,1,27
hot:8,GET,1790065613856,1,27
hot:11,GET,1790065613856,1,10
warm:7,GET,1790065613856,1,21
warm:34,GET,1790065613857,1,7
cold:44,GET,1790065613857,1,19
warm:28,GET,1790065613857,1,6
hot:8,EXISTS,1790065613857,1,27
hot:10,SET,1790065613857,1,30
hot:9,GET,1790065613869,1,22
hot:7,GET,1790065613869,1,33
hot:7,SET,1790065613869,1,23
hot:8,GET,1790065613875,1,27
cold:42,GET,1790065613875,1,16
cold:84,GET,1790065613875,1,10
cold:20,GET,1790065613875,1,13
warm:31,GET,1790065613875,1,23
warm:15,EXISTS,1790065613875,1,18
hot:4,GET,1790065613875,1,6
hot:3,GET,1790065613875,1,30
warm:31,GET,1790065613875,1,23
warm:5,GET,1790065613875,1,13
warm:28,GET,1790065613875,1,6
warm:12,EXISTS,1790065613875,1,18
warm:12,GET,1790065613882,1,18
warm:26,GET,1790065613882,1,12
hot:5,GET,1790065613882,1,5
warm:31,EXISTS,1790065613882,1,23
warm:31,GET,1790065613882,1,23
hot:7,GET,1790065613882,1,23
hot:2,EXISTS,1790065613882,1,28
cold:32,GET,1790065613882,1,6
warm:20,GET,1790065613882,1,27
warm:28,SET,1790065613882,1,30
hot:8,GET,1790065613884,1,27
hot:9,GET,1790065613884,1,22
warm:1,SET,1790065613884,1,30
hot:9,GET,1790065613899,1,22
warm:28,GET,1790065613899,1,30
hot:3,GET,1790065613899,1,30
warm:31,GET,1790065613899,1,23
warm:31,GET,1790065613899,1,23
warm:22,GET,1790065613899,1,10
warm:23,GET,1790065613899,1,5
warm:12,GET,1790065613907,1,18
hot:8,GET,1790065613907,1,27
warm:6,GET,1790065613907,1,20
warm:31,GET,1790065613907,1,23
hot:7,GET,1790065613907,1,23
hot:5,GET,1790065613907,1,5
cold:25,GET,1790065613907,1,17
hot:3,GET,1790065613907,1,30
hot:11,GET,1790065613907,1,10
warm:28,GET,1790065613907,1,30
hot:3,GET,1790065613907,1,30
cold:27,GET,1790065613907,1,34
hot:7,SET,1790065613907,1,34
hot:6,GET,1790065613909,1,20
hot:10,GET,1790065613909,1,30
warm:26,GET,1790065613909,1,12
hot:6,GET,1790065613909,1,20
hot:10,SET,1790065613909,1,32
hot:0,GET,1790065613923,1,13
warm:15,GET,1790065613923,1,18
hot:11,EXISTS,1790065613932,1,10
cold:87,GET,1790065613932,1,18
cold:29,GET,1790065613932,1,12
hot:8,GET,1790065613932,1,27
cold:80,GET,1790065613932,1,4
warm:15,GET,1790065613932,1,18
hot:8,GET,1790065613932,1,27
warm:7,GET,1790065613932,1,21
warm:7,GET,1790065613932,1,21
hot:5,GET,1790065613932,1,5
warm:29,GET,1790065613932,1,20
hot:1,GET,1790065613932,1,10
hot:7,GET,1790065613932,1,34
hot:7,GET,1790065613932,1,34
hot:5,GET,1790065613932,1,5
hot:8,GET,1790065613932,1,27
hot:5,SET,1790065613932,1,11
warm:6,GET,1790065613943,1,20
warm:39,GET,1790065613943,1,16
hot:11,GET,1790065613943,1,10
warm:31,GET,1790065613946,1,23
hot:4,GET,1790065613946,1,6
warm:7,GET,1790065613946,1,21
warm:14,GET,1790065613946,1,13
hot:1,GET,1790065613946,1,10
warm:28,GET,1790065613946,1,30
hot:0,GET,1790065613946,1,13
hot:7,GET,1790065613946,1,34
hot:8,GET,1790065613946,1,27
hot:0,GET,1790065613946,1,13
warm:12,SET,1790065613946,1,20
warm:12,GET,1790065613948,1,20
warm:15,GET,1790065613948,1,18
cold:23,DELETE,1790065613948,1,-1
cold:23,SET,1790065613969,0,16
hot:10,SET,1790065613981,1,28
warm:11,GET,1790065613994,1,33
hot:8,SET,1790065613994,1,25
warm:12,GET,1790065613994,1,20
warm:26,GET,1790065613994,1,12
hot:8,GET,1790065613994,1,25
warm:36,GET,1790065614009,1,16
warm:20,SET,1790065614009,1,5
warm:28,GET,1790065614012,1,30
warm:30,GET,1790065614012,1,16
hot:2,GET,1790065614012,1,28
hot:4,GET,1790065614012,1,6
hot:8,GET,1790065614012,1,25
hot:2,SET,1790065614012,1,23
cold:69,GET,1790065614025,1,15
warm:20,GET,1790065614025,1,5
hot:9,GET,1790065614025,1,22
warm:31,GET,1790065614025,1,23
hot:5,GET,1790065614025,1,11
cold:74,GET,1790065614025,1,4
hot:6,GET,1790065614025,1,20
cold:59,SET,1790065614025,1,26
warm:28,GET,1790065614042,1,30
warm:12,GET,1790065614042,1,20
hot:8,SET,1790065614042,1,26
cold:37,DELETE,1790065614058,1,-1
cold:37,SET,1790065614070,0,6
warm:17,GET,1790065614084,1,11
warm:21,GET,1790065614084,1,9
hot:2,GET,1790065614084,1,23
hot:4,GET,1790065614084,1,6
cold:78,GET,1790065614084,1,21
hot:8,GET,1790065614084,1,26
cold:56,GET,1790065614084,1,23
warm:13,GET,1790065614084,1,4
warm:7,GET,1790065614084,1,21
hot:8,GET,1790065614084,1,26
hot:10,SET,1790065614084,1,11
hot:7,GET,1790065614088,1,34
warm:32,EXISTS,1790065614088,1,18
cold:40,GET,1790065614088,1,18
hot:1,GET,1790065614088,1,10
hot:8,GET,1790065614088,1,26
hot:7,SET,1790065614088,1,8
warm:7,GET,1790065614100,1,21
hot:2,GET,1790065614100,1,23
warm:7,GET,1790065614100,1,21
cold:71,GET,1790065614110,1,13
hot:5,GET,1790065614110,1,11
hot:7,GET,1790065614110,1,8
warm:37,GET,1790065614110,1,19
warm:12,GET,1790065614110,1,20
warm:7,GET,1790065614110,1,21
warm:7,GET,1790065614110,1,21
warm:20,GET,1790065614110,1,5
cold:20,GET,1790065614110,1,13
hot:4,GET,1790065614110,1,6
hot:8,GET,1790065614110,1,26
cold:78,GET,1790065614110,1,21
hot:9,GET,1790065614110,1,22
hot:1,GET,1790065614110,1,10
warm:28,GET,1790065614110,1,30
cold:70,GET,1790065614110,1,8
warm:19,GET,1790065614110,1,18
hot:4,GET,1790065614110,1,6
cold:26,GET,1790065614110,1,26
cold:25,GET,1790065614110,1,17
warm:7,GET,1790065614112,1,21
hot:3,GET,1790065614112,1,30
hot:7,GET,1790065614112,1,8
hot:8,GET,1790065614112,1,26
hot:10,GET,1790065614112,1,11
warm:18,GET,1790065614112,1,18
warm:12,EXISTS,1790065614112,1,20
hot:3,GET,1790065614112,1,30
cold:87,GET,1790065614112,1,18
cold:38,GET,1790065614112,1,12
warm:20,EXISTS,1790065614112,1,5
warm:7,GET,1790065614112,1,21
hot:10,GET,1790065614112,1,11
hot:6,GET,1790065614112,1,20
warm:12,GET,1790065614112,1,20
warm:4,GET,1790065614112,1,20
cold:41,GET,1790065614112,1,5
hot:9,GET,1790065614112,1,22
hot:5,SET,1790065614112,1,33
hot:0,GET,1790065614112,1,13
cold:44,GET,1790065614126,1,19
warm:6,GET,1790065614126,1,20
warm:28,GET,1790065614126,1,30
warm:28,GET,1790065614126,1,30
cold:34,GET,1790065614126,1,5
cold:45,SET,1790065614126,1,31
hot:1,GET,1790065614127,1,10
hot:11,GET,1790065614127,1,10
warm:20,GET,1790065614127,1,5
cold:11,GET,1790065614127,1,8
warm:37,GET,1790065614127,1,19
hot:5,GET,1790065614127,1,33
cold:12,GET,1790065614127,1,11
warm:31,GET,1790065614127,1,23
warm:28,GET,1790065614127,1,30
hot:3,GET,1790065614127,1,30
hot:6,GET,1790065614127,1,20
hot:9,GET,1790065614127,1,22
hot:1,GET,1790065614127,1,10
warm:31,GET,1790065614127,1,23
warm:31,EXISTS,1790065614138,1,23
warm:16,GET,1790065614138,1,10
hot:5,SET,1790065614138,1,12
cold:2,GET,1790065614140,1,4
hot:4,GET,1790065614140,1,6
cold:77,GET,1790065614140,1,8
hot:6,GET,1790065614140,1,20
warm:20,GET,1790065614140,1,5
hot:8,GET,1790065614140,1,26
hot:1,SET,1790065614140,1,29
cold:26,GET,1790065614163,1,26
hot:3,GET,1790065614163,1,30
hot:5,SET,1790065614163,1,23
hot:6,GET,1790065614171,1,20
hot:6,GET,1790065614171,1,20
warm:7,GET,1790065614171,1,21
hot:5,GET,1790065614171,1,23
warm:0,GET,1790065614171,1,34
hot:8,GET,1790065614171,1,26
hot:7,GET,1790065614171,1,8
warm:20,GET,1790065614179,1,5
hot:7,GET,1790065614179,1,8
warm:20,GET,1790065614179,1,5
hot:9,GET,1790065614179,1,22
warm:20,GET,1790065614179,1,5
hot:6,GET,1790065614179,1,20
warm:8,GET,1790065614179,1,35
hot:5,GET,1790065614179,1,23
hot:5,GET,1790065614179,1,23
warm:31,GET,1790065614179,1,23
cold:69,GET,1790065614179,1,15
hot:1,GET,1790065614179,1,29
hot:7,GET,1790065614179,1,8
warm:31,GET,1790065614179,1,23
hot:4,GET,1790065614179,1,6
warm:15,GET,1790065614179,1,18
hot:0,GET,1790065614179,1,13
cold:70,GET,1790065614179,1,8
hot:6,GET,1790065614179,1,20
warm:31,GET,1790065614179,1,23
hot:9,GET,1790065614180,1,22
warm:12,GET,1790065614180,1,20
hot:4,GET,1790065614180,1,6
cold:1,GET,1790065614180,1,15
cold:67,GET,1790065614180,1,16
warm:20,GET,1790065614180,1,5
cold:2,GET,1790065614180,1,4
cold:37,GET,1790065614180,1,6
hot:7,GET,1790065614180,1,8
hot:0,GET,1790065614180,1,13
warm:7,GET,1790065614180,1,21
hot:3,GET,1790065614180,1,30
warm:28,GET,1790065614180,1,30
warm:20,SET,1790065614180,1,26
warm:28,GET,1790065614184,1,30
hot:11,GET,1790065614184,1,10
warm:15,GET,1790065614184,1,18
hot:3,GET,1790065614184,1,30
warm:15,GET,1790065614184,1,18
warm:10,GET,1790065614184,1,29
cold:27,GET,1790065614194,1,34
cold:21,GET,1790065614194,1,21
warm:15,SET,1790065614194,1,7
warm:12,GET,1790065614197,1,20
warm:12,GET,1790065614197,1,20
warm:28,GET,1790065614197,1,30
hot:7,GET,1790065614197,1,8
hot:4,GET,1790065614197,1,6
warm:37,GET,1790065614197,1,19
hot:7,GET,1790065614197,1,8
hot:4,GET,1790065614197,1,6
hot:7,GET,1790065614197,1,8
hot:3,GET,1790065614197,1,30
warm:28,GET,1790065614197,1,30
hot:11,GET,1790065614197,1,10
cold:4,GET,1790065614197,1,29
warm:5,GET,1790065614197,1,13
warm:31,GET,1790065614197,1,23
hot:8,GET,1790065614197,1,26
warm:31,GET,1790065614197,1,23
hot:5,GET,1790065614212,1,23
warm:15,GET,1790065614212,1,7
warm:31,GET,1790065614212,1,23
warm:6,GET,1790065614212,1,20
warm:30,GET,1790065614212,1,16
warm:12,GET,1790065614212,1,20
hot:10,GET,1790065614212,1,11
warm:20,GET,1790065614212,1,26
warm:28,GET,1790065614212,1,30
warm:14,GET,1790065614212,1,13
warm:14,GET,1790065614212,1,13
hot:7,GET,1790065614212,1,8
hot:10,GET,1790065614212,1,11
hot:9,SET,1790065614212,1,24
hot:11,GET,1790065614214,1,10
hot:9,GET,1790065614214,1,24
hot:6,GET,1790065614214,1,20
hot:6,GET,1790065614214,1,20
hot:11,GET,1790065614214,1,10
hot:11,SET,1790065614214,1,33
hot:3,GET,1790065614240,1,30
hot:0,GET,1790065614240,1,13
warm:20,GET,1790065614240,1,26
cold:27,DELETE,1790065614240,1,-1
cold:27,SET,1790065614248,0,12
warm:12,SET,1790065614257,1,19
warm:7,GET,1790065614272,1,21
warm:28,GET,1790065614272,1,30
hot:2,GET,1790065614272,1,23
hot:8,GET,1790065614272,1,26
hot:3,GET,1790065614272,1,30
warm:15,GET,1790065614272,1,7
warm:33,GET,1790065614272,1,16
warm:0,SET,1790065614272,1,12
warm:20,SET,1790065614272,1,15
warm:15,GET,1790065614290,1,7
hot:2,GET,1790065614290,1,23
warm:26,SET,1790065614290,1,11
cold:83,SET,1790065614305,1,17
hot:9,GET,1790065614320,1,24
hot:1,GET,1790065614320,1,29
warm:5,GET,1790065614322,1,13
cold:82,GET,1790065614322,1,8
hot:10,GET,1790065614322,1,11
cold:74,EXISTS,1790065614322,1,4
hot:8,GET,1790065614322,1,26
warm:20,GET,1790065614322,1,15
hot:8,SET,1790065614322,1,8
warm:15,SET,1790065614330,1,18
cold:41,GET,1790065614339,1,5
hot:7,GET,1790065614339,1,8
hot:6,GET,1790065614339,1,20
hot:11,GET,1790065614339,1,33
warm:20,GET,1790065614339,1,15
warm:25,GET,1790065614339,1,21
hot:1,GET,1790065614339,1,29
hot:6,GET,1790065614339,1,20
warm:7,GET,1790065614339,1,21
cold:10,GET,1790065614339,1,25
warm:35,SET,1790065614339,1,17
hot:0,SET,1790065614356,1,30
cold:82,GET,1790065614372,1,8
hot:0,GET,1790065614372,1,30
hot:6,GET,1790065614372,1,20
cold:34,GET,1790065614372,1,5
warm:25,GET,1790065614372,1,21
warm:15,GET,1790065614372,1,18
hot:3,GET,1790065614372,1,30
hot:4,GET,1790065614372,1,6
warm:20,GET,1790065614372,1,15
cold:80,GET,1790065614372,1,4
hot:7,EXISTS,1790065614372,1,8
warm:6,GET,1790065614372,1,20
hot:9,GET,1790065614372,1,24
hot:8,GET,1790065614372,1,8
hot:9,GET,1790065614372,1,24
cold:34,GET,1790065614372,1,5
warm:15,GET,1790065614372,1,18
warm:3,GET,1790065614372,1,31
hot:4,GET,1790065614372,1,6
warm:19,GET,1790065614372,1,18
hot:7,GET,1790065614375,1,8
hot:11,GET,1790065614375,1,33
warm:7,SET,1790065614375,1,17
warm:20,GET,1790065614376,1,15
hot:3,SET,1790065614376,1,31
warm:28,GET,1790065614391,1,30
hot:1,GET,1790065614391,1,29
hot:0,SET,1790065614391,1,35
warm:37,GET,1790065614409,1,19
hot:5,GET,1790065614409,1,23
hot:7,GET,1790065614409,1,8
hot:9,GET,1790065614409,1,24
hot:2,GET,1790065614409,1,23
warm:3,GET,1790065614409,1,31
hot:11,GET,1790065614409,1,33
warm:15,GET,1790065614409,1,18
warm:20,GET,1790065614409,1,15
hot:4,GET,1790065614409,1,6
hot:3,GET,1790065614409,1,31
cold:20,GET,1790065614409,1,13
warm:10,GET,1790065614411,1,29
warm:25,GET,1790065614411,1,21
hot:1,GET,1790065614411,1,29
hot:10,GET,1790065614411,1,11
warm:6,GET,1790065614411,1,20
hot:3,GET,1790065614411,1,31
hot:2,GET,1790065614411,1,23
warm:31,GET,1790065614411,1,23
hot:0,GET,1790065614411,1,35
hot:10,GET,1790065614411,1,11
hot:8,GET,1790065614411,1,8
warm:17,SET,1790065614411,1,4
warm:30,GET,1790065614423,1,16
warm:20,GET,1790065614423,1,15
hot:1,GET,1790065614423,1,29
cold:22,GET,1790065614423,1,11
warm:7,GET,1790065614423,1,17
warm:12,GET,1790065614423,1,19
warm:20,GET,1790065614423,1,15
hot:8,GET,1790065614423,1,8
hot:0,GET,1790065614426,1,35
hot:10,GET,1790065614426,1,11
hot:9,GET,1790065614426,1,24
warm:28,SET,1790065614426,1,26
cold:61,GET,1790065614436,1,18
hot:1,GET,1790065614436,1,29
warm:39,GET,1790065614436,1,16
warm:23,GET,1790065614436,1,5
warm:15,GET,1790065614436,1,18
warm:15,GET,1790065614436,1,18
warm:12,GET,1790065614436,1,19
warm:7,GET,1790065614436,1,17
hot:10,GET,1790065614436,1,11
warm:31,GET,1790065614436,1,23
cold:66,GET,1790065614436,1,18
hot:2,GET,1790065614436,1,23
warm:28,GET,1790065614436,1,26
warm:16,GET,1790065614436,1,10
cold:45,GET,1790065614436,1,31
hot:10,GET,1790065614436,1,11
warm:7,GET,1790065614439,1,17
warm:31,GET,1790065614439,1,23
hot:0,GET,1790065614439,1,35
hot:10,GET,1790065614439,1,11
hot:9,GET,1790065614439,1,24
warm:0,GET,1790065614439,1,12
hot:1,GET,1790065614439,1,29
hot:5,GET,1790065614439,1,23
warm:12,GET,1790065614439,1,19
warm:25,GET,1790065614439,1,21
hot:3,GET,1790065614439,1,31
hot:7,GET,1790065614439,1,8
hot:3,GET,1790065614439,1,31
hot:0,GET,1790065614439,1,35
warm:26,GET,1790065614439,1,11
hot:2,EXISTS,1790065614439,1,23
hot:5,GET,1790065614439,1,23
hot:7,SET,1790065614439,1,33
warm:27,SET,1790065614440,1,12
hot:5,GET,1790065614455,1,23
warm:7,GET,1790065614462,1,17
warm:7,GET,1790065614462,1,17
hot:2,GET,1790065614462,1,23
hot:2,GET,1790065614462,1,23
hot:1,SET,1790065614462,1,20
hot:5,SET,1790065614474,1,24
hot:5,GET,1790065614486,1,24
hot:9,GET,1790065614486,1,24
warm:0,GET,1790065614486,1,12
hot:11,GET,1790065614486,1,33
warm:15,GET,1790065614486,1,18
warm:20,GET,1790065614486,1,15
hot:9,GET,1790065614486,1,24
hot:2,SET,1790065614486,1,7
hot:10,GET,1790065614494,1,11
hot:9,SET,1790065614494,1,19
warm:7,GET,1790065614509,1,17
cold:87,GET,1790065614509,1,18
cold:35,GET,1790065614509,1,4
hot:4,GET,1790065614509,1,6
cold:7,GET,1790065614513,1,13
warm:15,GET,1790065614513,1,18
hot:5,GET,1790065614513,1,24
hot:5,GET,1790065614513,1,24
warm:31,GET,1790065614513,1,23
hot:8,GET,1790065614513,1,8
hot:2,GET,1790065614513,1,7
warm:19,GET,1790065614513,1,18
warm:15,SET,1790065614513,1,8
cold:39,GET,1790065614522,1,15
warm:12,GET,1790065614522,1,19
warm:13,GET,1790065614522,1,4
hot:8,GET,1790065614522,1,8
hot:3,GET,1790065614522,1,31
hot:10,GET,1790065614522,1,11
warm:33,GET,1790065614522,1,16
hot:2,GET,1790065614522,1,7
warm:11,GET,1790065614522,1,33
warm:17,SET,1790065614522,1,28
warm:20,EXISTS,1790065614537,1,15
cold:83,GET,1790065614540,1,17
warm:20,GET,1790065614540,1,15
hot:3,GET,1790065614540,1,31
warm:7,GET,1790065614540,1,17
hot:9,GET,1790065614540,1,19
hot:9,GET,1790065614540,1,19
hot:9,GET,1790065614540,1,19
hot:8,GET,1790065614540,1,8
cold:2,GET,1790065614540,1,4
warm:31,GET,1790065614540,1,23
hot:4,GET,1790065614540,1,6
hot:7,GET,1790065614540,1,33
hot:6,GET,1790065614540,1,20
hot:6,EXISTS,1790065614540,1,20
hot:1,GET,1790065614540,1,20
warm:34,GET,1790065614540,1,7
cold:63,GET,1790065614540,1,21
hot:9,GET,1790065614540,1,19
hot:4,GET,1790065614540,1,6
warm:20,GET,1790065614540,1,15
cold:25,GET,1790065614541,1,17
hot:4,GET,1790065614541,1,6
warm:28,GET,1790065614541,1,26
hot:10,GET,1790065614541,1,11
hot:8,SET,1790065614541,1,21
hot:0,GET,1790065614553,1,35
warm:36,SET,1790065614553,1,6
warm:7,GET,1790065614557,1,17
hot:2,GET,1790065614557,1,7
warm:3,GET,1790065614557,1,31
hot:1,GET,1790065614557,1,20
warm:3,GET,1790065614557,1,31
hot:3,GET,1790065614557,1,31
hot:5,GET,1790065614557,1,24
hot:4,SET,1790065614557,1,15
hot:8,GET,1790065614573,1,21
warm:28,GET,1790065614573,1,26
warm:31,GET,1790065614573,1,23
hot:9,GET,1790065614573,1,19
warm:12,GET,1790065614573,1,19
hot:2,GET,1790065614577,1,7
hot:5,GET,1790065614577,1,24
warm:28,GET,1790065614577,1,26
hot:10,GET,1790065614577,1,11
hot:1,GET,1790065614577,1,20
hot:11,GET,1790065614577,1,33
hot:0,GET,1790065614577,1,35
cold:78,GET,1790065614577,1,21
hot:2,GET,1790065614577,1,7
hot:3,GET,1790065614577,1,31
warm:5,GET,1790065614577,1,13
cold:37,GET,1790065614577,1,6
warm:28,SET,1790065614577,1,12
warm:31,GET,1790065614580,1,23
warm:35,GET,1790065614580,1,17
warm:28,GET,1790065614580,1,12
cold:1,GET,1790065614580,1,15
hot:4,GET,1790065614580,1,15
hot:8,GET,1790065614580,1,21
warm:28,GET,1790065614580,1,12
warm:5,GET,1790065614593,1,13
cold:28,GET,1790065614593,1,10
hot:8,GET,1790065614593,1,21
warm:18,GET,1790065614593,1,18
cold:39,GET,1790065614593,1,15
warm:27,GET,1790065614593,1,12
hot:2,GET,1790065614593,1,7
hot:8,GET,1790065614593,1,21
hot:7,GET,1790065614593,1,33
hot:9,GET,1790065614593,1,19
warm:31,SET,1790065614593,1,16
hot:5,GET,1790065614608,1,24
cold:33,GET,1790065614608,1,6
hot:7,EXISTS,1790065614608,1,33
cold:46,EXISTS,1790065614608,1,14
cold:1,GET,1790065614608,1,15
cold:53,GET,1790065614608,1,18
warm:20,GET,1790065614608,1,15
hot:6,GET,1790065614608,1,20
warm:12,GET,1790065614608,1,19
warm:10,GET,1790065614609,1,29
cold:79,GET,1790065614609,1,31
hot:11,GET,1790065614609,1,33
warm:30,GET,1790065614609,1,16
warm:31,GET,1790065614609,1,16
warm:14,GET,1790065614609,1,13
warm:18,GET,1790065614609,1,18
hot:9,GET,1790065614609,1,19
cold:69,GET,1790065614609,1,15
hot:10,SET,1790065614609,1,13
cold:88,DELETE,1790065614618,1,-1
cold:88,SET,1790065614629,0,19
hot:11,GET,1790065614643,1,33
cold:47,DELETE,1790065614643,1,-1
cold:47,SET,1790065614643,0,12
warm:12,GET,1790065614659,1,19
hot:4,GET,1790065614659,1,15
cold:41,GET,1790065614659,1,5
warm:12,GET,1790065614659,1,19
warm:23,GET,1790065614659,1,5
warm:36,GET,1790065614659,1,6
warm:12,GET,1790065614659,1,19
warm:16,GET,1790065614670,1,10
cold:68,GET,1790065614670,1,15
cold:71,DELETE,1790065614670,1,-1
cold:71,SET,1790065614674,0,4
hot:7,GET,1790065614686,1,33
cold:89,GET,1790065614686,1,15
hot:0,GET,1790065614686,1,35
hot:1,GET,1790065614686,1,20
hot:3,GET,1790065614686,1,31
warm:6,GET,1790065614686,1,20
hot:3,GET,1790065614686,1,31
warm:14,GET,1790065614686,1,13
hot:2,GET,1790065614686,1,7
cold:56,GET,1790065614686,1,23
warm:19,GET,1790065614686,1,18
hot:7,GET,1790065614686,1,33
cold:80,GET,1790065614686,1,4
warm:8,GET,1790065614686,1,35
hot:10,GET,1790065614686,1,13
warm:12,GET,1790065614686,1,19
hot:10,GET,1790065614686,1,13
hot:6,GET,1790065614694,1,20
hot:5,GET,1790065614694,1,24
warm:6,GET,1790065614694,1,20
warm:29,GET,1790065614694,1,20
hot:10,GET,1790065614694,1,13
warm:14,GET,1790065614694,1,13
hot:6,GET,1790065614694,1,20
hot:0,SET,1790065614694,1,17
warm:12,GET,1790065614696,1,19
warm:32,GET,1790065614696,1,18
hot:7,GET,1790065614696,1,33
warm:12,GET,1790065614696,1,19
warm:6,GET,1790065614696,1,20
warm:12,GET,1790065614696,1,19
cold:59,GET,1790065614696,1,26
hot:10,GET,1790065614696,1,13
hot:11,GET,1790065614696,1,33
warm:12,EXISTS,1790065614696,1,19
warm:2,GET,1790065614696,1,9
hot:10,GET,1790065614696,1,13
hot:4,SET,1790065614707,1,35
warm:26,GET,1790065614710,1,11
warm:25,GET,1790065614710,1,21
hot:4,GET,1790065614710,1,35
cold:42,GET,1790065614710,1,16
warm:6,GET,1790065614710,1,20
hot:5,GET,1790065614710,1,24
cold:49,GET,1790065614710,1,12
warm:35,GET,1790065614710,1,17
warm:12,GET,1790065614710,1,19
warm:14,SET,1790065614710,1,21
warm:6,GET,1790065614725,1,20
warm:12,GET,1790065614725,1,19
hot:7,GET,1790065614725,1,33
warm:12,GET,1790065614725,1,19
hot:8,GET,1790065614725,1,21
cold:59,GET,1790065614725,1,26
cold:3,GET,1790065614725,1,4
warm:6,GET,1790065614725,1,20
warm:28,GET,1790065614725,1,12
cold:14,GET,1790065614732,1,5
warm:29,GET,1790065614732,1,20
hot:8,GET,1790065614732,1,21
cold:17,GET,1790065614732,1,15
hot:11,GET,1790065614732,1,33
warm:30,GET,1790065614732,1,16
hot:0,GET,1790065614732,1,17
warm:8,GET,1790065614732,1,35
hot:4,GET,1790065614732,1,35
hot:10,GET,1790065614732,1,13
warm:12,GET,1790065614732,1,19
hot:7,GET,1790065614732,1,33
warm:17,GET,1790065614732,1,28
hot:11,GET,1790065614732,1,33
warm:12,GET,1790065614732,1,19
warm:12,GET,1790065614732,1,19
hot:11,GET,1790065614732,1,33
hot:5,GET,1790065614732,1,24
warm:22,GET,1790065614732,1,10
cold:24,GET,1790065614732,1,11
hot:5,GET,1790065614734,1,24
warm:39,GET,1790065614734,1,16
hot:8,GET,1790065614734,1,21
hot:9,GET,1790065614734,1,19
warm:14,SET,1790065614734,1,11
hot:11,SET,1790065614742,1,6
warm:3,GET,1790065614751,1,31
hot:11,SET,1790065614751,1,16
hot:7,GET,1790065614765,1,33
hot:7,GET,1790065614765,1,33
warm:6,GET,1790065614765,1,20
hot:3,GET,1790065614765,1,31
warm:5,GET,1790065614765,1,13
hot:3,GET,1790065614765,1,31
warm:9,GET,1790065614765,1,29
hot:3,SET,1790065614765,1,15
warm:29,GET,1790065614773,1,20
cold:11,GET,1790065614773,1,8
warm:0,GET,1790065614773,1,12
warm:14,GET,1790065614773,1,11
hot:11,GET,1790065614781,1,16
hot:0,GET,1790065614781,1,17
warm:36,GET,1790065614781,1,6
hot:2,GET,1790065614781,1,7
warm:11,SET,1790065614781,1,20
hot:8,SET,1790065614792,1,22
hot:6,GET,1790065614796,1,20
warm:12,GET,1790065614796,1,19
warm:19,GET,1790065614796,1,18
hot:5,GET,1790065614796,1,24
warm:2,GET,1790065614796,1,9
hot:8,EXISTS,1790065614796,1,22
cold:23,GET,1790065614796,1,16
warm:12,GET,1790065614796,1,19
hot:4,GET,1790065614796,1,35
warm:6,GET,1790065614796,1,20
warm:33,GET,1790065614796,1,16
warm:36,GET,1790065614796,1,6
hot:11,GET,1790065614796,1,16
cold:39,GET,1790065614796,1,15
hot:7,GET,1790065614806,1,33
warm:29,GET,1790065614806,1,20
warm:12,GET,1790065614806,1,19
hot:8,GET,1790065614806,1,22
warm:37,GET,1790065614806,1,19
warm:15,GET,1790065614806,1,8
warm:36,GET,1790065614806,1,6
hot:7,SET,1790065614806,1,34
warm:37,GET,1790065614808,1,19
warm:36,GET,1790065614808,1,6
hot:5,GET,1790065614808,1,24
warm:12,GET,1790065614808,1,19
cold:1,GET,1790065614808,1,15
hot:0,GET,1790065614808,1,17
warm:32,GET,1790065614808,1,18
warm:29,GET,1790065614808,1,20
hot:8,GET,1790065614808,1,22
hot:11,GET,1790065614808,1,16
cold:9,GET,1790065614808,1,18
hot:9,GET,1790065614808,1,19
cold:58,DELETE,1790065614820,1,-1
cold:58,SET,1790065614822,0,17
hot:10,GET,1790065614844,1,13
warm:34,GET,1790065614844,1,7
hot:10,EXISTS,1790065614844,1,13
warm:8,SET,1790065614844,1,8
warm:12,GET,1790065614858,1,19
hot:2,GET,1790065614858,1,7
cold:81,SET,1790065614858,1,31
cold:28,SET,1790065614868,1,23
cold:24,GET,1790065614881,1,11
hot:0,GET,1790065614881,1,17
warm:22,GET,1790065614881,1,10
hot:7,GET,1790065614881,1,34
hot:6,GET,1790065614881,1,20
warm:29,GET,1790065614881,1,20
cold:88,SET,1790065614881,1,11
hot:9,GET,1790065614887,1,19
hot:6,GET,1790065614887,1,20
cold:11,GET,1790065614887,1,8
hot:11,SET,1790065614887,1,10
warm:18,GET,1790065614905,1,18
hot:7,SET,1790065614905,1,29
hot:5,GET,1790065614906,1,24
hot:8,GET,1790065614906,1,22
warm:14,GET,1790065614906,1,11
cold:87,GET,1790065614906,1,18
hot:8,GET,1790065614906,1,22
warm:39,SET,1790065614906,1,23
warm:12,GET,1790065614921,1,19
warm:12,GET,1790065614921,1,19
cold:13,GET,1790065614921,1,16
cold:27,GET,1790065614921,1,12
hot:0,GET,1790065614921,1,17
hot:1,GET,1790065614921,1,20
warm:12,GET,1790065614921,1,19
warm:14,GET,1790065614921,1,11
warm:36,GET,1790065614921,1,6
hot:9,GET,1790065614921,1,19
cold:15,GET,1790065614921,1,8
hot:9,GET,1790065614921,1,19
warm:36,GET,1790065614928,1,6
warm:12,GET,1790065614928,1,19
hot:7,GET,1790065614928,1,29
hot:8,GET,1790065614928,1,22
hot:10,GET,1790065614928,1,13
warm:15,SET,1790065614928,1,32
hot:1,GET,1790065614936,1,20
hot:5,GET,1790065614936,1,24
warm:37,GET,1790065614936,1,19
hot:2,SET,1790065614936,1,31
hot:9,GET,1790065614945,1,19
hot:11,GET,1790065614945,1,10
warm:6,GET,1790065614945,1,20
warm:12,GET,1790065614945,1,19
warm:12,GET,1790065614945,1,19
warm:32,GET,1790065614945,1,18
cold:19,GET,1790065614945,1,32
hot:11,GET,1790065614945,1,10
warm:14,GET,1790065614945,1,11
hot:9,GET,1790065614945,1,19
hot:5,GET,1790065614953,1,24
warm:36,SET,1790065614953,1,22
hot:6,GET,1790065614963,1,20
hot:4,GET,1790065614963,1,35
hot:4,GET,1790065614963,1,35
cold:16,GET,1790065614963,1,7
hot:2,GET,1790065614963,1,31
warm:6,GET,1790065614963,1,20
hot:10,GET,1790065614963,1,13
cold:61,GET,1790065614963,1,18
warm:14,GET,1790065614963,1,11
warm:6,GET,1790065614963,1,20
hot:11,GET,1790065614963,1,10
cold:38,GET,1790065614963,1,12
warm:36,GET,1790065614963,1,22
warm:12,GET,1790065614963,1,19
warm:6,EXISTS,1790065614963,1,20
warm:12,GET,1790065614963,1,19
warm:12,GET,1790065614963,1,19
hot:9,GET,1790065614963,1,19
cold:39,SET,1790065614967,1,27
hot:1,GET,1790065614977,1,20
warm:12,GET,1790065614977,1,19
warm:11,GET,1790065614977,1,20
warm:12,GET,1790065614977,1,19
hot:5,GET,1790065614977,1,24
warm:20,GET,1790065614977,1,15
warm:36,GET,1790065614977,1,22
hot:1,GET,1790065614977,1,20
cold:46,GET,1790065614977,1,14
warm:35,GET,1790065614977,1,17
warm:36,GET,1790065614977,1,22
hot:1,SET,1790065614977,1,33
hot:0,GET,1790065614983,1,17
warm:6,GET,1790065614983,1,20
hot:7,SET,1790065614983,1,25
hot:6,GET,1790065615000,1,20
hot:4,GET,1790065615000,1,35
warm:29,GET,1790065615000,1,20
hot:8,GET,1790065615000,1,22
hot:11,GET,1790065615003,1,10
hot:7,SET,1790065615003,1,34
hot:10,GET,1790065615003,1,13
hot:3,GET,1790065615003,1,15
warm:12,EXISTS,1790065615003,1,19
hot:7,SET,1790065615003,1,23
cold:39,DELETE,1790065615019,1,-1
cold:39,SET,1790065615035,0,19
warm:29,GET,1790065615039,1,20
hot:7,GET,1790065615039,1,23
hot:10,GET,1790065615039,1,13
hot:6,GET,1790065615039,1,20
warm:29,GET,1790065615039,1,20
warm:36,SET,1790065615039,1,33
warm:14,GET,1790065615051,1,11
cold:61,GET,1790065615051,1,18
warm:34,GET,1790065615051,1,7
hot:2,GET,1790065615051,1,31
hot:5,GET,1790065615051,1,24
hot:2,GET,1790065615051,1,31
warm:6,GET,1790065615051,1,20
warm:12,GET,1790065615059,1,19
hot:7,SET,1790065615059,1,26
hot:6,GET,1790065615070,1,20
warm:36,GET,1790065615070,1,33
hot:9,GET,1790065615070,1,19
hot:10,GET,1790065615070,1,13
hot:4,SET,1790065615070,1,12
hot:7,GET,1790065615081,1,26
hot:11,GET,1790065615081,1,10
hot:0,GET,1790065615081,1,17
cold:2,GET,1790065615081,1,4
warm:1,GET,1790065615081,1,30
warm:13,GET,1790065615081,1,4
hot:9,GET,1790065615081,1,19
hot:5,GET,1790065615081,1,24
warm:30,GET,1790065615081,1,16
hot:0,GET,1790065615081,1,17
hot:10,GET,1790065615081,1,13
warm:34,GET,1790065615081,1,7
warm:6,GET,1790065615081,1,20
warm:12,EXISTS,1790065615083,1,19
warm:11,GET,1790065615083,1,20
hot:1,GET,1790065615083,1,33
hot:11,GET,1790065615083,1,10
warm:12,GET,1790065615083,1,19
hot:1,GET,1790065615083,1,33
hot:5,GET,1790065615083,1,24
hot:9,GET,1790065615083,1,19
warm:12,GET,1790065615083,1,19
cold:38,GET,1790065615083,1,12
hot:11,SET,1790065615083,1,23
hot:3,GET,1790065615089,1,15
warm:12,GET,1790065615089,1,19
cold:27,GET,1790065615089,1,12
warm:29,GET,1790065615089,1,20
hot:2,GET,1790065615089,1,31
hot:5,GET,1790065615089,1,24
hot:9,GET,1790065615089,1,19
hot:10,SET,1790065615089,1,30
warm:3,GET,1790065615107,1,31
warm:30,GET,1790065615112,1,16
cold:58,GET,1790065615112,1,17
warm:29,GET,1790065615112,1,20
warm:30,GET,1790065615112,1,16
hot:9,GET,1790065615112,1,19
hot:4,GET,1790065615112,1,12
hot:0,GET,1790065615112,1,17
hot:5,GET,1790065615112,1,24
cold:48,SET,1790065615112,1,19
warm:36,GET,1790065615122,1,33
hot:9,GET,1790065615122,1,19
hot:0,GET,1790065615122,1,17
warm:12,GET,1790065615122,1,19
cold:52,GET,1790065615122,1,13
warm:12,GET,1790065615122,1,19
hot:5,GET,1790065615122,1,24
hot:8,GET,1790065615122,1,22
warm:5,GET,1790065615122,1,13
warm:29,GET,1790065615122,1,20
hot:1,GET,1790065615122,1,33
hot:8,GET,1790065615128,1,22
warm:12,GET,1790065615128,1,19
hot:2,GET,1790065615128,1,31
warm:27,GET,1790065615128,1,12
hot:5,GET,1790065615128,1,24
hot:6,GET,1790065615128,1,20
warm:36,GET,1790065615128,1,33
hot:6,GET,1790065615128,1,20
warm:12,GET,1790065615128,1,19
warm:12,SET,1790065615128,1,33
cold:46,GET,1790065615140,1,14
cold:2,GET,1790065615140,1,4
hot:7,GET,1790065615140,1,26
warm:12,GET,1790065615140,1,33
hot:4,GET,1790065615140,1,12
hot:3,GET,1790065615140,1,15
warm:29,GET,1790065615140,1,20
warm:12,GET,1790065615140,1,33
hot:11,SET,1790065615140,1,25
cold:53,GET,1790065615144,1,18
hot:4,GET,1790065615154,1,12
hot:4,GET,1790065615154,1,12
warm:5,GET,1790065615154,1,13
hot:4,GET,1790065615154,1,12
cold:13,GET,1790065615154,1,16
hot:8,GET,1790065615154,1,22
cold:15,GET,1790065615154,1,8
warm:7,GET,1790065615154,1,17
hot:6,GET,1790065615154,1,20
cold:0,SET,1790065615154,1,35
hot:5,GET,1790065615154,1,24
cold:26,GET,1790065615154,1,26
warm:1,GET,1790065615154,1,30
hot:4,GET,1790065615154,1,12
cold:55,GET,1790065615154,1,15
cold:7,GET,1790065615154,1,13
hot:7,GET,1790065615154,1,26
warm:29,GET,1790065615154,1,20
warm:14,GET,1790065615154,1,11
warm:30,GET,1790065615154,1,16
hot:3,GET,1790065615168,1,15
cold:45,GET,1790065615168,1,31
hot:8,GET,1790065615168,1,22
hot:2,GET,1790065615168,1,31
warm:6,GET,1790065615168,1,20
hot:8,GET,1790065615168,1,22
warm:14,GET,1790065615168,1,11
cold:63,GET,1790065615168,1,21
hot:4,GET,1790065615168,1,12
cold:89,GET,1790065615168,1,15
warm:12,GET,1790065615168,1,33
hot:11,SET,1790065615168,1,17
warm:20,GET,1790065615171,1,15
cold:10,DELETE,1790065615171,1,-1
cold:10,SET,1790065615184,0,9
warm:14,GET,1790065615204,1,11
hot:5,GET,1790065615204,1,24
warm:6,GET,1790065615204,1,20
cold:16,GET,1790065615204,1,7
cold:65,GET,1790065615204,1,16
warm:36,GET,1790065615204,1,33
warm:0,GET,1790065615207,1,12
cold:66,GET,1790065615207,1,18
hot:8,GET,1790065615207,1,22
hot:1,GET,1790065615207,1,33
cold:42,GET,1790065615207,1,16
warm:16,GET,1790065615207,1,10
hot:1,GET,1790065615207,1,33
hot:8,GET,1790065615207,1,22
hot:5,EXISTS,1790065615207,1,24
hot:10,EXISTS,1790065615207,1,30
hot:2,GET,1790065615207,1,31
cold:89,GET,1790065615207,1,15
warm:7,GET,1790065615207,1,17
warm:12,GET,1790065615207,1,33
warm:34,GET,1790065615207,1,7
hot:2,GET,1790065615207,1,31
warm:26,GET,1790065615207,1,11
hot:5,GET,1790065615207,1,24
warm:36,GET,1790065615207,1,33
warm:14,GET,1790065615207,1,11
cold:33,GET,1790065615209,1,6
cold:18,GET,1790065615209,1,22
warm:27,GET,1790065615209,1,12
hot:10,GET,1790065615209,1,30
warm:2,GET,1790065615209,1,9
warm:6,GET,1790065615209,1,20
hot:7,GET,1790065615209,1,26
hot:5,GET,1790065615209,1,24
hot:7,GET,1790065615209,1,26
cold:32,GET,1790065615209,1,6
hot:9,SET,1790065615209,1,13
hot:2,GET,1790065615211,1,31
warm:12,GET,1790065615211,1,33
hot:3,GET,1790065615211,1,15
hot:3,GET,1790065615211,1,15
warm:1,GET,1790065615211,1,30
hot:3,GET,1790065615211,1,15
warm:6,GET,1790065615211,1,20
hot:11,GET,1790065615211,1,17
warm:36,GET,1790065615211,1,33
warm:12,GET,1790065615223,1,33
hot:7,GET,1790065615223,1,26
cold:53,GET,1790065615223,1,18
hot:5,GET,1790065615223,1,24
hot:7,GET,1790065615223,1,26
hot:0,GET,1790065615223,1,17
hot:2,GET,1790065615223,1,31
warm:36,GET,1790065615223,1,33
warm:7,SET,1790065615223,1,14
warm:12,GET,1790065615225,1,33
cold:30,GET,1790065615225,1,10
warm:6,GET,1790065615225,1,20
warm:12,GET,1790065615225,1,33
hot:8,GET,1790065615225,1,22
cold:81,SET,1790065615225,1,17
warm:36,GET,1790065615248,1,33
hot:10,GET,1790065615248,1,30
hot:4,GET,1790065615248,1,12
hot:1,GET,1790065615248,1,33
warm:38,GET,1790065615248,1,18
warm:36,GET,1790065615251,1,33
hot:11,GET,1790065615251,1,17
hot:8,GET,1790065615251,1,22
warm:29,GET,1790065615251,1,20
warm:12,GET,1790065615251,1,33
warm:12,GET,1790065615251,1,33
cold:62,GET,1790065615251,1,11
hot:11,GET,1790065615251,1,17
cold:76,GET,1790065615251,1,9
cold:5,GET,1790065615251,1,18
warm:12,GET,1790065615251,1,33
warm:36,GET,1790065615251,1,33
warm:36,GET,1790065615251,1,33
hot:3,GET,1790065615251,1,15
hot:3,GET,1790065615251,1,15
hot:10,GET,1790065615251,1,30
warm:6,GET,1790065615251,1,20
warm:12,GET,1790065615251,1,33
hot:11,GET,1790065615251,1,17
hot:5,GET,1790065615251,1,24
warm:29,GET,1790065615252,1,20
warm:11,GET,1790065615252,1,20
cold:40,SET,1790065615252,1,25
hot:5,GET,1790065615253,1,24
warm:21,GET,1790065615253,1,9
hot:10,SET,1790065615253,1,13
hot:1,GET,1790065615276,1,33
warm:12,GET,1790065615276,1,33
warm:12,GET,1790065615276,1,33
hot:10,GET,1790065615276,1,13
hot:3,GET,1790065615276,1,15
hot:7,SET,1790065615276,1,29
cold:11,GET,1790065615284,1,8
hot:7,GET,1790065615284,1,29
warm:6,SET,1790065615284,1,23
warm:9,GET,1790065615284,1,29
hot:5,GET,1790065615284,1,24
cold:51,GET,1790065615284,1,14
hot:10,GET,1790065615284,1,13
warm:29,GET,1790065615284,1,20
cold:7,GET,1790065615302,1,13
cold:54,GET,1790065615302,1,30
hot:8,SET,1790065615302,1,24
warm:14,GET,1790065615304,1,11
warm:31,GET,1790065615304,1,16
hot:1,GET,1790065615304,1,33
warm:13,GET,1790065615304,1,4
warm:14,GET,1790065615304,1,11
warm:14,GET,1790065615304,1,11
cold:67,GET,1790065615304,1,16
cold:52,GET,1790065615304,1,13
hot:8,GET,1790065615304,1,24
warm:19,GET,1790065615304,1,18
hot:3,GET,1790065615304,1,15
warm:5,GET,1790065615304,1,13
hot:10,GET,1790065615304,1,13
warm:37,GET,1790065615304,1,19
hot:0,GET,1790065615304,1,17
hot:0,GET,1790065615304,1,17
warm:28,GET,1790065615304,1,12
hot:2,GET,1790065615316,1,31
warm:36,GET,1790065615316,1,33
hot:0,GET,1790065615316,1,17
hot:5,GET,1790065615316,1,24
hot:11,SET,1790065615316,1,25
warm:6,GET,1790065615318,1,23
hot:4,GET,1790065615318,1,12
warm:24,GET,1790065615318,1,27
hot:10,SET,1790065615318,1,16
hot:4,GET,1790065615332,1,12
warm:22,GET,1790065615332,1,10
hot:10,GET,1790065615332,1,16
hot:10,GET,1790065615332,1,16
hot:0,GET,1790065615332,1,17
warm:14,GET,1790065615332,1,11
hot:7,SET,1790065615332,1,25
hot:6,GET,1790065615348,1,20
hot:2,GET,1790065615348,1,31
warm:16,SET,1790065615348,1,15
warm:14,GET,1790065615348,1,11
hot:1,GET,1790065615365,1,33
cold:53,GET,1790065615365,1,18
warm:29,GET,1790065615365,1,20
warm:36,GET,1790065615365,1,33
cold:44,GET,1790065615365,1,19
warm:12,GET,1790065615365,1,33
hot:9,SET,1790065615365,1,34
warm:36,GET,1790065615373,1,33
warm:14,GET,1790065615373,1,11
hot:2,GET,1790065615373,1,31
warm:36,EXISTS,1790065615373,1,33
hot:8,EXISTS,1790065615373,1,24
warm:3,GET,1790065615373,1,31
cold:20,DELETE,1790065615373,1,-1
cold:20,SET,1790065615388,0,7
hot:2,SET,1790065615399,1,11
hot:1,GET,1790065615408,1,33
hot:6,GET,1790065615408,1,20
warm:6,GET,1790065615408,1,23
cold:27,GET,1790065615408,1,12
warm:14,SET,1790065615408,1,8
hot:8,GET,1790065615427,1,24
warm:31,GET,1790065615427,1,16
warm:15,GET,1790065615427,1,32
hot:4,GET,1790065615427,1,12
hot:11,GET,1790065615427,1,25
hot:4,GET,1790065615427,1,12
hot:0,GET,1790065615427,1,17
hot:4,GET,1790065615427,1,12
hot:10,GET,1790065615427,1,16
warm:12,GET,1790065615427,1,33
warm:36,GET,1790065615427,1,33
hot:2,EXISTS,1790065615427,1,11
hot:7,GET,1790065615427,1,25
hot:5,GET,1790065615427,1,24
hot:9,GET,1790065615427,1,34
warm:12,GET,1790065615427,1,33
hot:2,GET,1790065615427,1,11
hot:7,GET,1790065615427,1,25
warm:35,GET,1790065615427,1,17
warm:36,SET,1790065615427,1,28
cold:25,GET,1790065615440,1,17
warm:6,GET,1790065615440,1,23
hot:5,GET,1790065615440,1,24
hot:1,GET,1790065615440,1,33
hot:3,GET,1790065615440,1,15
hot:6,GET,1790065615440,1,20
warm:29,GET,1790065615440,1,20
hot:7,GET,1790065615440,1,25
hot:4,GET,1790065615440,1,12
cold:30,GET,1790065615440,1,10
hot:0,SET,1790065615440,1,33
hot:7,GET,1790065615442,1,25
cold:48,GET,1790065615442,1,19
cold:43,GET,1790065615442,1,14
hot:1,GET,1790065615442,1,33
hot:2,GET,1790065615442,1,11
warm:12,GET,1790065615442,1,33
hot:7,GET,1790065615442,1,25
hot:6,GET,1790065615442,1,20
warm:22,GET,1790065615442,1,10
warm:30,GET,1790065615453,1,16
hot:10,GET,1790065615453,1,16
warm:26,GET,1790065615453,1,11
warm:14,GET,1790065615453,1,8
warm:25,GET,1790065615453,1,21
warm:36,GET,1790065615453,1,28
hot:10,GET,1790065615453,1,16
warm:14,GET,1790065615453,1,8
warm:29,GET,1790065615453,1,20
hot:9,GET,1790065615453,1,34
hot:11,GET,1790065615453,1,25
hot:6,GET,1790065615453,1,20
warm:29,GET,1790065615453,1,20
warm:12,GET,1790065615453,1,33
hot:11,GET,1790065615453,1,25
cold:64,DELETE,1790065615453,1,-1
cold:64,SET,1790065615453,0,15
warm:14,GET,1790065615476,1,8
warm:12,GET,1790065615476,1,33
warm:37,GET,1790065615476,1,19
warm:27,GET,1790065615476,1,12
warm:12,GET,1790065615481,1,33
warm:12,GET,1790065615481,1,33
hot:7,GET,1790065615481,1,25
warm:17,SET,1790065615481,1,31
hot:0,GET,1790065615483,1,33
warm:29,GET,1790065615483,1,20
hot:8,GET,1790065615483,1,24
hot:5,GET,1790065615483,1,24
hot:1,GET,1790065615483,1,33
hot:7,SET,1790065615483,1,11
warm:32,SET,1790065615499,1,10
warm:29,EXISTS,1790065615518,1,20
warm:6,GET,1790065615518,1,23
hot:3,GET,1790065615518,1,15
hot:10,GET,1790065615518,1,16
cold:71,GET,1790065615518,1,4
hot:10,GET,1790065615518,1,16
hot:9,GET,1790065615518,1,34
hot:2,GET,1790065615518,1,11
hot:6,GET,1790065615518,1,20
hot:0,EXISTS,1790065615523,1,33
warm:12,GET,1790065615523,1,33
hot:9,GET,1790065615523,1,34
hot:0,GET,1790065615523,1,33
cold:31,GET,1790065615523,1,14
warm:12,GET,1790065615523,1,33
warm:6,GET,1790065615523,1,23
warm:13,GET,1790065615523,1,4
warm:12,GET,1790065615523,1,33
hot:5,GET,1790065615523,1,24
hot:4,GET,1790065615523,1,12
warm:36,GET,1790065615523,1,28
warm:12,GET,1790065615523,1,33
warm:14,GET,1790065615523,1,8
warm:12,GET,1790065615523,1,33
warm:14,GET,1790065615523,1,8
cold:56,GET,1790065615523,1,23
hot:7,GET,1790065615523,1,11
cold:74,GET,1790065615523,1,4
warm:23,GET,1790065615523,1,5
warm:14,GET,1790065615525,1,8
hot:3,GET,1790065615525,1,15
warm:12,GET,1790065615525,1,33
warm:18,GET,1790065615525,1,18
warm:12,GET,1790065615525,1,33
warm:14,SET,1790065615525,1,18
warm:6,GET,1790065615527,1,23
warm:14,GET,1790065615527,1,18
warm:31,GET,1790065615527,1,16
warm:29,GET,1790065615527,1,20
warm:29,GET,1790065615527,1,20
hot:6,GET,1790065615527,1,20
cold:8,GET,1790065615527,1,7
warm:29,GET,1790065615527,1,20
hot:9,GET,1790065615527,1,34
cold:49,GET,1790065615527,1,12
cold:7,GET,1790065615527,1,13
warm:12,GET,1790065615527,1,33
warm:29,EXISTS,1790065615527,1,20
hot:4,SET,1790065615527,1,20
hot:10,GET,1790065615550,1,16
hot:3,GET,1790065615550,1,15
hot:0,GET,1790065615550,1,33
warm:30,SET,1790065615550,1,33
hot:2,GET,1790065615554,1,11
hot:4,GET,1790065615554,1,20
warm:38,GET,1790065615554,1,18
hot:3,GET,1790065615554,1,15
warm:21,GET,1790065615554,1,9
warm:12,GET,1790065615554,1,33
hot:6,GET,1790065615554,1,20
warm:29,GET,1790065615554,1,20
hot:10,GET,1790065615554,1,16
cold:58,DELETE,1790065615554,1,-1
cold:58,SET,1790065615566,0,15
hot:1,GET,1790065615582,1,33
warm:12,GET,1790065615582,1,33
warm:34,GET,1790065615582,1,7
warm:17,GET,1790065615582,1,31
warm:12,GET,1790065615582,1,33
hot:4,GET,1790065615582,1,20
hot:10,GET,1790065615588,1,16
hot:1,GET,1790065615588,1,33
hot:1,GET,1790065615588,1,33
cold:76,GET,1790065615588,1,9
hot:9,GET,1790065615588,1,34
hot:6,GET,1790065615588,1,20
warm:37,GET,1790065615588,1,19
warm:12,GET,1790065615588,1,33
hot:4,GET,1790065615588,1,20
warm:14,GET,1790065615588,1,18
cold:16,GET,1790065615588,1,7
hot:5,SET,1790065615588,1,11
hot:1,GET,1790065615603,1,33
hot:9,GET,1790065615603,1,34
cold:4,GET,1790065615603,1,29
warm:4,GET,1790065615603,1,20
cold:41,GET,1790065615603,1,5
warm:12,GET,1790065615603,1,33
warm:6,SET,1790065615603,1,24
cold:61,GET,1790065615619,1,18
warm:12,GET,1790065615622,1,33
hot:9,GET,1790065615622,1,34
warm:36,GET,1790065615622,1,28
warm:25,SET,1790065615622,1,11
warm:6,GET,1790065615630,1,24
warm:36,SET,1790065615630,1,33
warm:29,GET,1790065615649,1,20
hot:4,GET,1790065615649,1,20
hot:6,GET,1790065615649,1,20
warm:1,GET,1790065615649,1,30
hot:2,GET,1790065615649,1,11
warm:26,GET,1790065615649,1,11
warm:14,GET,1790065615649,1,18
hot:2,GET,1790065615649,1,11
warm:36,GET,1790065615649,1,33
cold:58,GET,1790065615649,1,15
hot:8,GET,1790065615649,1,24
warm:17,GET,1790065615649,1,31
hot:10,GET,1790065615649,1,16
warm:12,GET,1790065615649,1,33
warm:14,GET,1790065615653,1,18
cold:75,GET,1790065615653,1,8
hot:1,GET,1790065615653,1,33
hot:9,GET,1790065615653,1,34
hot:6,GET,1790065615653,1,20
hot:4,GET,1790065615653,1,20
cold:84,GET,1790065615653,1,10
hot:11,GET,1790065615653,1,25
hot:11,GET,1790065615653,1,25
cold:26,GET,1790065615653,1,26
warm:8,GET,1790065615653,1,8
hot:0,GET,1790065615653,1,33
hot:2,GET,1790065615653,1,11
warm:29,GET,1790065615653,1,20
warm:5,GET,1790065615653,1,13
hot:9,GET,1790065615653,1,34
warm:36,SET,1790065615653,1,25
hot:1,GET,1790065615664,1,33
warm:6,GET,1790065615664,1,24
warm:28,GET,1790065615664,1,12
warm:12,GET,1790065615667,1,33
hot:7,GET,1790065615667,1,11
warm:29,GET,1790065615667,1,20
warm:12,GET,1790065615667,1,33
warm:18,GET,1790065615667,1,18
warm:32,GET,1790065615667,1,10
hot:11,GET,1790065615667,1,25
warm:14,GET,1790065615667,1,18
warm:39,GET,1790065615667,1,23
warm:29,GET,1790065615667,1,20
cold:75,GET,1790065615667,1,8
warm:6,GET,1790065615667,1,24
cold:55,GET,1790065615667,1,15
cold:39,GET,1790065615667,1,19
warm:6,GET,1790065615667,1,24
hot:2,GET,1790065615667,1,11
cold:12,GET,1790065615667,1,11
warm:38,GET,1790065615667,1,18
warm:36,GET,1790065615667,1,25
hot:3,GET,1790065615667,1,15
hot:11,GET,1790065615669,1,25
warm:29,GET,1790065615669,1,20
warm:36,GET,1790065615669,1,25
warm:36,GET,1790065615669,1,25
hot:9,EXISTS,1790065615669,1,34
hot:10,GET,1790065615669,1,16
warm:10,GET,1790065615669,1,29
warm:6,GET,1790065615669,1,24
warm:38,GET,1790065615669,1,18
hot:11,GET,1790065615669,1,25
hot:7,GET,1790065615669,1,11
hot:11,GET,1790065615669,1,25
warm:29,GET,1790065615669,1,20
warm:21,GET,1790065615669,1,9
warm:2,GET,1790065615669,1,9
warm:29,GET,1790065615669,1,20
warm:14,GET,1790065615669,1,18
hot:5,GET,1790065615669,1,11
warm:36,GET,1790065615669,1,25
warm:11,GET,1790065615669,1,20
hot:5,GET,1790065615671,1,11
cold:30,EXISTS,1790065615671,1,10
hot:0,GET,1790065615671,1,33
hot:0,GET,1790065615671,1,33
cold:61,GET,1790065615671,1,18
hot:11,GET,1790065615671,1,25
cold:70,GET,1790065615671,1,8
hot:2,GET,1790065615671,1,11
cold:22,DELETE,1790065615671,1,-1
cold:22,SET,1790065615678,0,16
warm:6,GET,1790065615687,1,24
hot:11,GET,1790065615687,1,25
warm:6,GET,1790065615687,1,24
hot:3,GET,1790065615687,1,15
hot:9,GET,1790065615687,1,34
warm:27,GET,1790065615687,1,12
hot:11,GET,1790065615687,1,25
hot:2,GET,1790065615687,1,11
hot:11,GET,1790065615687,1,25
warm:5,GET,1790065615687,1,13
hot:2,GET,1790065615687,1,11
hot:1,SET,1790065615696,1,7
hot:5,GET,1790065615708,1,11
hot:0,GET,1790065615708,1,33
cold:74,DELETE,1790065615708,1,-1
cold:74,SET,1790065615712,0,15
warm:12,GET,1790065615728,1,33
hot:11,GET,1790065615728,1,25
warm:14,SET,1790065615728,1,33
hot:0,GET,1790065615728,1,33
warm:39,GET,1790065615728,1,23
cold:65,GET,1790065615728,1,16
cold:71,GET,1790065615728,1,4
hot:8,GET,1790065615728,1,24
warm:34,GET,1790065615728,1,7
warm:23,GET,1790065615728,1,5
hot:2,GET,1790065615728,1,11
hot:1,EXISTS,1790065615728,1,7
hot:2,GET,1790065615728,1,11
hot:10,GET,1790065615728,1,16
warm:29,GET,1790065615728,1,20
cold:54,DELETE,1790065615728,1,-1
cold:54,SET,1790065615747,0,10
warm:12,GET,1790065615763,1,33
warm:14,GET,1790065615763,1,33
hot:5,GET,1790065615763,1,11
hot:10,GET,1790065615763,1,16
warm:29,GET,1790065615763,1,20
hot:11,GET,1790065615763,1,25
hot:8,GET,1790065615763,1,24
warm:11,GET,1790065615763,1,20
cold:80,GET,1790065615763,1,4
hot:7,GET,1790065615763,1,11
hot:7,SET,1790065615763,1,13
hot:6,GET,1790065615769,1,20
hot:0,EXISTS,1790065615769,1,33
cold:48,GET,1790065615769,1,19
hot:5,GET,1790065615769,1,11
cold:48,SET,1790065615769,1,19
hot:5,GET,1790065615779,1,11
hot:4,GET,1790065615779,1,20
hot:1,GET,1790065615779,1,7
warm:12,GET,1790065615779,1,33
warm:14,GET,1790065615787,1,33
hot:4,GET,1790065615787,1,20
warm:36,GET,1790065615787,1,25
warm:1,GET,1790065615787,1,30
hot:2,GET,1790065615787,1,11
warm:33,GET,1790065615787,1,16
hot:0,SET,1790065615787,1,21
warm:14,GET,1790065615797,1,33
hot:5,SET,1790065615797,1,35
hot:7,GET,1790065615810,1,13
hot:4,GET,1790065615810,1,20
hot:6,GET,1790065615810,1,20
hot:9,GET,1790065615810,1,34
warm:9,GET,1790065615810,1,29
hot:2,SET,1790065615810,1,27
warm:6,SET,1790065615819,1,9
cold:14,EXISTS,1790065615819,1,5
cold:44,GET,1790065615819,1,19
hot:5,GET,1790065615819,1,35
hot:4,SET,1790065615819,1,17
hot:6,GET,1790065615845,1,20
warm:12,SET,1790065615845,1,30
cold:48,GET,1790065615847,1,19
cold:46,SET,1790065615847,1,30
warm:15,GET,1790065615867,1,32
cold:22,GET,1790065615867,1,16
warm:14,GET,1790065615867,1,33
hot:2,GET,1790065615867,1,27
warm:14,GET,1790065615867,1,33
cold:48,EXISTS,1790065615867,1,19
hot:4,SET,1790065615867,1,24
cold:74,GET,1790065615879,1,15
hot:0,SET,1790065615879,1,13
hot:8,GET,1790065615879,1,24
cold:31,GET,1790065615879,1,14
hot:0,GET,1790065615879,1,13
hot:5,GET,1790065615879,1,35
warm:27,GET,1790065615879,1,12
hot:3,GET,1790065615879,1,15
warm:12,GET,1790065615879,1,30
hot:0,GET,1790065615894,1,13
cold:60,GET,1790065615894,1,5
hot:7,GET,1790065615894,1,13
hot:6,GET,1790065615894,1,20
warm:29,GET,1790065615894,1,20
warm:6,SET,1790065615894,1,23
hot:7,GET,1790065615906,1,13
warm:12,GET,1790065615906,1,30
warm:6,GET,1790065615906,1,23
warm:12,GET,1790065615906,1,30
warm:12,GET,1790065615906,1,30
warm:4,GET,1790065615906,1,20
hot:4,GET,1790065615906,1,24
hot:6,GET,1790065615906,1,20
cold:45,EXISTS,1790065615906,1,31
warm:36,GET,1790065615906,1,25
cold:50,GET,1790065615906,1,34
warm:6,GET,1790065615906,1,23
warm:35,GET,1790065615906,1,17
cold:0,GET,1790065615906,1,35
warm:20,GET,1790065615911,1,15
cold:31,GET,1790065615911,1,14
warm:6,SET,1790065615911,1,16
warm:15,EXISTS,1790065615922,1,32
hot:4,GET,1790065615922,1,24
hot:2,GET,1790065615922,1,27
warm:12,GET,1790065615922,1,30
cold:25,GET,1790065615922,1,17
hot:10,GET,1790065615922,1,16
warm:37,GET,1790065615922,1,19
hot:11,GET,1790065615922,1,25
cold:33,GET,1790065615922,1,6
hot:9,GET,1790065615922,1,34
warm:23,GET,1790065615922,1,5
hot:5,GET,1790065615922,1,35
hot:3,GET,1790065615922,1,15
hot:3,GET,1790065615922,1,15
hot:10,GET,1790065615922,1,16
warm:32,GET,1790065615922,1,10
warm:14,GET,1790065615922,1,33
cold:21,GET,1790065615926,1,21
hot:3,GET,1790065615926,1,15
cold:26,GET,1790065615926,1,26
warm:11,GET,1790065615926,1,20
warm:33,GET,1790065615926,1,16
hot:8,GET,1790065615926,1,24
hot:7,SET,1790065615926,1,21
hot:7,GET,1790065615936,1,21
hot:4,GET,1790065615936,1,24
hot:2,GET,1790065615936,1,27
warm:14,GET,1790065615936,1,33
hot:2,GET,1790065615936,1,27
warm:21,GET,1790065615936,1,9
warm:12,GET,1790065615936,1,30
warm:8,GET,1790065615936,1,8
cold:69,GET,1790065615936,1,15
cold:57,GET,1790065615936,1,11
warm:27,GET,1790065615936,1,12
warm:36,GET,1790065615936,1,25
warm:6,SET,1790065615936,1,24
hot:0,GET,1790065615952,1,13
hot:11,EXISTS,1790065615952,1,25
warm:12,GET,1790065615952,1,30
warm:27,GET,1790065615952,1,12
cold:47,GET,1790065615952,1,12
cold:10,DELETE,1790065615952,1,-1
cold:10,SET,1790065615955,0,10
warm:28,GET,1790065615975,1,12
hot:6,GET,1790065615975,1,20
cold:17,GET,1790065615975,1,15
cold:59,GET,1790065615975,1,26
hot:8,GET,1790065615975,1,24
warm:36,GET,1790065615975,1,25
hot:2,GET,1790065615975,1,27
warm:12,GET,1790065615975,1,30
hot:7,GET,1790065615975,1,21
hot:2,GET,1790065615975,1,27
hot:11,GET,1790065615975,1,25
warm:24,GET,1790065615975,1,27
warm:36,GET,1790065615975,1,25
cold:20,GET,1790065615975,1,7
hot:6,GET,1790065615978,1,20
cold:25,GET,1790065615978,1,17
hot:10,GET,1790065615978,1,16
warm:11,GET,1790065615978,1,20
hot:8,SET,1790065615978,1,34
hot:1,GET,1790065615980,1,7
warm:38,GET,1790065615980,1,18
hot:11,GET,1790065615980,1,25
hot:0,GET,1790065615980,1,13
warm:36,GET,1790065615980,1,25
warm:6,GET,1790065615980,1,24
warm:6,GET,1790065615980,1,24
cold:76,GET,1790065615980,1,9
hot:10,EXISTS,1790065615980,1,16
cold:27,GET,1790065615980,1,12
hot:7,GET,1790065615980,1,21
hot:3,GET,1790065615980,1,15
warm:29,GET,1790065615980,1,20
hot:5,GET,1790065615980,1,35
hot:1,GET,1790065615980,1,7
warm:14,GET,1790065615991,1,33
warm:14,GET,1790065615991,1,33
warm:12,GET,1790065615991,1,30
warm:19,GET,1790065615991,1,18
warm:29,GET,1790065615991,1,20
hot:11,GET,1790065615991,1,25
hot:6,SET,1790065615991,1,14
warm:1,GET,1790065615993,1,30
warm:23,GET,1790065615993,1,5
warm:14,GET,1790065615993,1,33
warm:0,GET,1790065615993,1,12
cold:10,GET,1790065615993,1,10
warm:12,GET,1790065615993,1,30
warm:36,EXISTS,1790065615993,1,25
hot:11,GET,1790065615993,1,25
cold:59,GET,1790065615993,1,26
hot:0,GET,1790065615993,1,13
warm:3,GET,1790065615993,1,31
hot:11,GET,1790065615993,1,25
warm:2,GET,1790065615993,1,9
hot:7,GET,1790065616005,1,21
hot:9,GET,1790065616005,1,34
hot:11,GET,1790065616005,1,25
warm:14,EXISTS,1790065616005,1,33
warm:12,GET,1790065616005,1,30
hot:0,GET,1790065616005,1,13
hot:6,GET,1790065616005,1,14
cold:42,GET,1790065616005,1,16
cold:32,GET,1790065616005,1,6
warm:13,GET,1790065616005,1,4
warm:4,GET,1790065616005,1,20
hot:9,GET,1790065616005,1,34
warm:12,SET,1790065616005,1,7
warm:12,GET,1790065616006,1,7
warm:12,GET,1790065616006,1,7
warm:27,GET,1790065616006,1,12
warm:6,GET,1790065616006,1,24
hot:10,GET,1790065616006,1,16
warm:29,GET,1790065616006,1,20
hot:11,GET,1790065616006,1,25
hot:5,GET,1790065616020,1,35
hot:11,GET,1790065616020,1,25
hot:2,GET,1790065616020,1,27
warm:21,GET,1790065616020,1,9
hot:2,GET,1790065616020,1,27
cold:64,GET,1790065616020,1,15
warm:12,GET,1790065616020,1,7
hot:2,GET,1790065616020,1,27
hot:8,GET,1790065616020,1,34
hot:0,GET,1790065616020,1,13
warm:36,GET,1790065616020,1,25
hot:11,GET,1790065616020,1,25
warm:12,GET,1790065616020,1,7
warm:12,GET,1790065616020,1,7
hot:10,GET,1790065616020,1,16
warm:29,SET,1790065616020,1,6
hot:8,GET,1790065616022,1,34
warm:14,GET,1790065616022,1,33
warm:36,GET,1790065616022,1,25
hot:3,GET,1790065616022,1,15
hot:3,GET,1790065616034,1,15
warm:17,GET,1790065616034,1,31
cold:14,GET,1790065616034,1,5
warm:38,GET,1790065616034,1,18
warm:6,GET,1790065616034,1,24
warm:3,GET,1790065616034,1,31
hot:2,GET,1790065616034,1,27
warm:29,GET,1790065616034,1,6
warm:36,GET,1790065616034,1,25
hot:6,GET,1790065616034,1,14
cold:83,GET,1790065616034,1,17
hot:3,GET,1790065616034,1,15
hot:3,GET,1790065616034,1,15
hot:6,GET,1790065616034,1,14
warm:6,GET,1790065616034,1,24
cold:36,GET,1790065616034,1,32
warm:12,GET,1790065616034,1,7
hot:6,GET,1790065616034,1,14
warm:8,GET,1790065616034,1,8
warm:23,SET,1790065616034,1,23
hot:4,GET,1790065616048,1,24
hot:3,GET,1790065616048,1,15
warm:14,GET,1790065616048,1,33
cold:33,DELETE,1790065616048,1,-1
cold:33,SET,1790065616050,0,19
warm:29,GET,1790065616064,1,6
cold:51,DELETE,1790065616064,1,-1
cold:51,SET,1790065616079,0,6
warm:29,GET,1790065616089,1,6
hot:2,GET,1790065616089,1,27
warm:6,GET,1790065616089,1,24
hot:10,GET,1790065616089,1,16
warm:29,GET,1790065616089,1,6
cold:13,GET,1790065616089,1,16
hot:8,SET,1790065616089,1,29
hot:2,GET,1790065616096,1,27
hot:11,GET,1790065616096,1,25
warm:29,GET,1790065616096,1,6
warm:12,GET,1790065616096,1,7
warm:12,GET,1790065616096,1,7
hot:7,GET,1790065616096,1,21
warm:29,GET,1790065616096,1,6
warm:14,GET,1790065616106,1,33
warm:12,SET,1790065616106,1,7
warm:12,GET,1790065616107,1,7
hot:11,GET,1790065616107,1,25
warm:6,SET,1790065616107,1,31
hot:5,GET,1790065616122,1,35
cold:74,DELETE,1790065616122,1,-1
cold:74,SET,1790065616139,0,15
hot:5,GET,1790065616142,1,35
hot:7,GET,1790065616142,1,21
hot:5,GET,1790065616142,1,35
cold:77,GET,1790065616142,1,8
cold:48,SET,1790065616142,1,19
hot:7,GET,1790065616171,1,21
warm:14,GET,1790065616171,1,33
hot:2,GET,1790065616171,1,27
warm:14,GET,1790065616171,1,33
hot:3,GET,1790065616171,1,15
warm:3,GET,1790065616171,1,31
warm:12,GET,1790065616171,1,7
warm:31,GET,1790065616171,1,16
warm:14,GET,1790065616174,1,33
warm:29,GET,1790065616174,1,6
hot:9,GET,1790065616174,1,34
warm:6,GET,1790065616174,1,31
warm:23,GET,1790065616174,1,23
hot:10,GET,1790065616174,1,16
hot:2,GET,1790065616174,1,27
hot:2,GET,1790065616174,1,27
warm:4,GET,1790065616174,1,20
hot:10,GET,1790065616174,1,16
warm:14,GET,1790065616174,1,33
warm:16,GET,1790065616174,1,15
hot:10,GET,1790065616174,1,16
cold:7,SET,1790065616174,1,20
hot:3,GET,1790065616184,1,15
warm:0,GET,1790065616184,1,12
hot:8,GET,1790065616184,1,29
warm:36,GET,1790065616184,1,25
hot:0,GET,1790065616184,1,13
hot:6,GET,1790065616184,1,14
hot:5,GET,1790065616190,1,35
hot:1,GET,1790065616190,1,7
hot:3,GET,1790065616190,1,15
hot:11,GET,1790065616190,1,25
hot:7,GET,1790065616190,1,21
hot:1,GET,1790065616190,1,7
hot:6,GET,1790065616190,1,14
hot:11,GET,1790065616190,1,25
warm:2,GET,1790065616190,1,9
hot:10,GET,1790065616190,1,16
warm:14,GET,1790065616190,1,33
hot:4,GET,1790065616190,1,24
warm:2,GET,1790065616190,1,9
warm:15,GET,1790065616190,1,32
hot:1,GET,1790065616190,1,7
cold:35,SET,1790065616190,1,20
warm:18,GET,1790065616206,1,18
hot:11,GET,1790065616206,1,25
hot:2,GET,1790065616206,1,27
hot:1,GET,1790065616206,1,7
cold:14,DELETE,1790065616208,1,-1
cold:14,SET,1790065616219,0,11
hot:6,GET,1790065616226,1,14
warm:12,GET,1790065616226,1,7
cold:60,GET,1790065616226,1,5
warm:39,GET,1790065616226,1,23
hot:6,GET,1790065616226,1,14
cold:2,GET,1790065616226,1,4
hot:7,GET,1790065616226,1,21
warm:12,GET,1790065616226,1,7
warm:36,GET,1790065616226,1,25
warm:36,GET,1790065616226,1,25
hot:0,GET,1790065616226,1,13
hot:3,GET,1790065616226,1,15
warm:21,SET,1790065616226,1,29
hot:2,GET,1790065616247,1,27
hot:1,GET,1790065616247,1,7
hot:8,SET,1790065616247,1,4
cold:62,GET,1790065616257,1,11
warm:36,GET,1790065616257,1,25
warm:14,GET,1790065616257,1,33
hot:6,GET,1790065616262,1,14
hot:2,GET,1790065616262,1,27
hot:3,GET,1790065616262,1,15
warm:33,GET,1790065616262,1,16
warm:9,GET,1790065616262,1,29
cold:80,GET,1790065616262,1,4
hot:0,GET,1790065616262,1,13
warm:33,GET,1790065616262,1,16
warm:15,GET,1790065616262,1,32
warm:36,EXISTS,1790065616262,1,25
warm:12,SET,1790065616262,1,21
hot:4,GET,1790065616264,1,24
hot:8,GET,1790065616264,1,4
hot:5,GET,1790065616264,1,35
hot:1,GET,1790065616264,1,7
warm:36,EXISTS,1790065616264,1,25
warm:36,GET,1790065616264,1,25
warm:2,GET,1790065616264,1,9
warm:17,GET,1790065616264,1,31
hot:7,GET,1790065616264,1,21
hot:3,GET,1790065616276,1,15
hot:9,GET,1790065616276,1,34
hot:10,GET,1790065616276,1,16
hot:10,SET,1790065616276,1,32
hot:4,GET,1790065616279,1,24
hot:11,GET,1790065616279,1,25
cold:31,GET,1790065616279,1,14
hot:9,GET,1790065616279,1,34
warm:36,GET,1790065616279,1,25
warm:12,GET,1790065616279,1,21
warm:14,GET,1790065616279,1,33
warm:14,GET,1790065616279,1,33
cold:64,GET,1790065616279,1,15
hot:4,GET,1790065616279,1,24
cold:67,GET,1790065616279,1,16
hot:11,GET,1790065616279,1,25
warm:29,SET,1790065616279,1,7
cold:55,GET,1790065616293,1,15
warm:6,GET,1790065616293,1,31
hot:6,GET,1790065616293,1,14
hot:10,GET,1790065616304,1,32
hot:5,GET,1790065616304,1,35
warm:21,GET,1790065616304,1,29
warm:36,GET,1790065616304,1,25
hot:4,GET,1790065616304,1,24
warm:22,GET,1790065616304,1,10
warm:6,GET,1790065616304,1,31
warm:4,GET,1790065616304,1,20
warm:9,GET,1790065616304,1,29
warm:12,GET,1790065616304,1,21
warm:12,GET,1790065616304,1,21
cold:9,GET,1790065616304,1,18
hot:10,GET,1790065616304,1,32
hot:1,GET,1790065616304,1,7
hot:7,GET,1790065616304,1,21
warm:30,GET,1790065616304,1,33
warm:12,GET,1790065616304,1,21
warm:12,GET,1790065616304,1,21
warm:12,GET,1790065616304,1,21
warm:24,GET,1790065616304,1,27
hot:1,GET,1790065616306,1,7
warm:6,GET,1790065616306,1,31
hot:5,GET,1790065616306,1,35
warm:8,GET,1790065616306,1,8
hot:5,GET,1790065616306,1,35
warm:22,SET,1790065616306,1,16
hot:7,GET,1790065616309,1,21
warm:36,GET,1790065616309,1,25
warm:6,GET,1790065616309,1,31
warm:23,GET,1790065616309,1,23
warm:36,GET,1790065616309,1,25
warm:36,GET,1790065616309,1,25
warm:24,GET,1790065616309,1,27
warm:29,GET,1790065616309,1,7
hot:2,GET,1790065616309,1,27
hot:7,GET,1790065616309,1,21
warm:29,GET,1790065616309,1,7
hot:7,GET,1790065616309,1,21
warm:14,GET,1790065616309,1,33
warm:12,GET,1790065616309,1,21
hot:5,GET,1790065616320,1,35
hot:4,GET,1790065616320,1,24
hot:9,GET,1790065616320,1,34
warm:14,GET,1790065616320,1,33
warm:36,GET,1790065616320,1,25
hot:4,GET,1790065616320,1,24
warm:13,GET,1790065616320,1,4
hot:2,GET,1790065616320,1,27
cold:60,GET,1790065616320,1,5
hot:8,GET,1790065616320,1,4
warm:12,GET,1790065616320,1,21
warm:12,GET,1790065616320,1,21
hot:11,GET,1790065616320,1,25
hot:7,GET,1790065616320,1,21
warm:39,GET,1790065616320,1,23
hot:6,SET,1790065616320,1,17
warm:12,GET,1790065616322,1,21
warm:14,GET,1790065616322,1,33
hot:1,GET,1790065616322,1,7
cold:49,GET,1790065616322,1,12
warm:14,GET,1790065616335,1,33
hot:0,GET,1790065616335,1,13
cold:21,GET,1790065616335,1,21
warm:32,SET,1790065616335,1,23
warm:29,GET,1790065616335,1,7
warm:12,GET,1790065616335,1,21
warm:12,GET,1790065616335,1,21
warm:33,GET,1790065616335,1,16
hot:2,GET,1790065616335,1,27
hot:5,GET,1790065616335,1,35
warm:1,SET,1790065616335,1,12
warm:36,GET,1790065616351,1,25
hot:5,SET,1790065616351,1,33
hot:5,GET,1790065616367,1,33
hot:0,GET,1790065616367,1,13
cold:41,DELETE,1790065616367,1,-1
cold:41,SET,1790065616384,0,14
cold:42,GET,1790065616384,1,16
hot:1,GET,1790065616384,1,7
cold:76,GET,1790065616384,1,9
warm:12,GET,1790065616384,1,21
cold:66,GET,1790065616396,1,18
cold:3,GET,1790065616396,1,4
warm:38,GET,1790065616396,1,18
warm:6,GET,1790065616396,1,31
warm:27,GET,1790065616396,1,12
cold:74,DELETE,1790065616396,1,-1
cold:74,SET,1790065616399,0,16
warm:26,GET,1790065616413,1,11
warm:36,GET,1790065616413,1,25
cold:50,GET,1790065616413,1,34
cold:73,GET,1790065616413,1,16
hot:5,GET,1790065616413,1,33
warm:12,GET,1790065616413,1,21
warm:29,GET,1790065616413,1,7
warm:8,SET,1790065616413,1,18
hot:8,GET,1790065616434,1,4
warm:37,SET,1790065616434,1,32
cold:47,SET,1790065616440,1,34
cold:37,DELETE,1790065616457,1,-1
cold:37,SET,1790065616465,0,10
hot:4,GET,1790065616474,1,24
warm:29,GET,1790065616474,1,7
warm:12,GET,1790065616481,1,21
hot:5,GET,1790065616481,1,33
warm:39,GET,1790065616481,1,23
warm:12,GET,1790065616481,1,21
warm:31,GET,1790065616481,1,16
warm:10,GET,1790065616481,1,29
hot:6,GET,1790065616481,1,17
hot:4,GET,1790065616481,1,24
hot:9,SET,1790065616481,1,18
hot:7,SET,1790065616483,1,33
warm:6,GET,1790065616505,1,31
cold:77,GET,1790065616505,1,8
hot:7,GET,1790065616505,1,33
warm:34,GET,1790065616505,1,7
hot:6,GET,1790065616505,1,17
warm:12,SET,1790065616505,1,9
hot:2,GET,1790065616523,1,27
hot:11,GET,1790065616523,1,25
hot:3,GET,1790065616523,1,15
warm:6,GET,1790065616523,1,31
warm:14,GET,1790065616525,1,33
warm:33,GET,1790065616525,1,16
hot:6,GET,1790065616525,1,17
cold:89,GET,1790065616525,1,15
hot:11,GET,1790065616525,1,25
warm:14,GET,1790065616525,1,33
warm:36,GET,1790065616525,1,25
hot:2,GET,1790065616525,1,27
hot:2,GET,1790065616525,1,27
warm:6,GET,1790065616525,1,31
hot:8,SET,1790065616525,1,14
hot:3,GET,1790065616536,1,15
warm:12,GET,1790065616536,1,9
warm:6,GET,1790065616536,1,31
hot:3,GET,1790065616536,1,15
hot:3,GET,1790065616536,1,15
hot:0,GET,1790065616536,1,13
warm:12,GET,1790065616536,1,9
hot:3,GET,1790065616536,1,15
hot:0,GET,1790065616536,1,13
warm:27,GET,1790065616540,1,12
hot:5,GET,1790065616540,1,33
warm:14,GET,1790065616540,1,33
hot:10,GET,1790065616540,1,32
hot:0,GET,1790065616540,1,13
hot:6,GET,1790065616540,1,17
warm:36,GET,1790065616540,1,25
warm:20,GET,1790065616540,1,15
warm:12,GET,1790065616540,1,9
warm:32,GET,1790065616540,1,23
hot:4,GET,1790065616540,1,24
hot:3,GET,1790065616540,1,15
warm:6,GET,1790065616540,1,31
hot:4,GET,1790065616540,1,24
warm:35,GET,1790065616540,1,17
hot:5,GET,1790065616540,1,33
hot:11,GET,1790065616540,1,25
warm:25,GET,1790065616540,1,11
hot:9,GET,1790065616540,1,18
cold:49,GET,1790065616540,1,12
hot:3,SET,1790065616541,1,10
warm:14,SET,1790065616554,1,9
hot:11,GET,1790065616558,1,25
hot:5,GET,1790065616558,1,33
warm:14,GET,1790065616558,1,9
hot:5,GET,1790065616558,1,33
warm:36,GET,1790065616558,1,25
warm:14,EXISTS,1790065616558,1,9
cold:80,SET,1790065616558,1,31
cold:0,GET,1790065616574,1,35
hot:7,GET,1790065616574,1,33
hot:7,GET,1790065616574,1,33
hot:10,GET,1790065616574,1,32
warm:12,GET,1790065616574,1,9
warm:21,EXISTS,1790065616574,1,29
warm:14,GET,1790065616574,1,9
warm:12,GET,1790065616574,1,9
hot:0,GET,1790065616574,1,13
hot:5,GET,1790065616574,1,33
warm:6,SET,1790065616574,1,29
hot:4,GET,1790065616596,1,24
warm:29,GET,1790065616596,1,7
hot:6,GET,1790065616596,1,17
hot:11,GET,1790065616596,1,25
warm:17,GET,1790065616596,1,31
warm:29,SET,1790065616596,1,10
hot:11,SET,1790065616610,1,34
hot:7,GET,1790065616619,1,33
hot:11,GET,1790065616619,1,34
warm:39,GET,1790065616619,1,23
hot:5,GET,1790065616619,1,33
warm:6,GET,1790065616619,1,29
warm:12,GET,1790065616619,1,9
warm:12,GET,1790065616619,1,9
warm:12,GET,1790065616619,1,9
warm:14,SET,1790065616619,1,28
warm:0,GET,1790065616639,1,12
hot:11,GET,1790065616639,1,34
cold:3,GET,1790065616639,1,4
hot:1,GET,1790065616639,1,7
warm:36,GET,1790065616641,1,25
hot:11,GET,1790065616641,1,34
hot:11,GET,1790065616641,1,34
warm:36,GET,1790065616641,1,25
hot:3,GET,1790065616641,1,10
warm:27,GET,1790065616641,1,12
warm:6,GET,1790065616641,1,29
hot:8,GET,1790065616641,1,14
warm:21,GET,1790065616641,1,29
warm:6,GET,1790065616641,1,29
warm:29,GET,1790065616641,1,10
hot:0,GET,1790065616641,1,13
warm:12,GET,1790065616641,1,9
hot:10,GET,1790065616641,1,32
cold:73,GET,1790065616641,1,16
cold:62,GET,1790065616641,1,11
warm:32,GET,1790065616641,1,23
warm:38,GET,1790065616641,1,18
warm:12,GET,1790065616641,1,9
hot:9,GET,1790065616641,1,18
hot:7,SET,1790065616642,1,5
hot:8,GET,1790065616651,1,14
hot:8,GET,1790065616651,1,14
hot:8,GET,1790065616651,1,14
hot:9,SET,1790065616651,1,25
cold:4,GET,1790065616660,1,29
warm:5,GET,1790065616660,1,13
hot:5,SET,1790065616660,1,30
hot:0,SET,1790065616678,1,13
warm:4,GET,1790065616690,1,20
cold:71,DELETE,1790065616690,1,-1
cold:71,SET,1790065616699,0,11
hot:9,GET,1790065616716,1,25
hot:1,GET,1790065616716,1,7
warm:36,GET,1790065616716,1,25
hot:11,GET,1790065616716,1,34
hot:10,GET,1790065616716,1,32
warm:18,GET,1790065616716,1,18
hot:7,GET,1790065616716,1,5
hot:11,SET,1790065616716,1,22
warm:1,GET,1790065616729,1,12
warm:17,GET,1790065616734,1,31
hot:0,SET,1790065616734,1,26
hot:5,GET,1790065616742,1,30
hot:8,GET,1790065616742,1,14
warm:12,GET,1790065616742,1,9
warm:14,SET,1790065616742,1,27
warm:36,GET,1790065616752,1,25
warm:12,GET,1790065616752,1,9
warm:6,GET,1790065616752,1,29
hot:7,GET,1790065616752,1,5
warm:6,GET,1790065616752,1,29
hot:0,GET,1790065616752,1,26
hot:2,GET,1790065616752,1,27
hot:0,GET,1790065616752,1,26
warm:1,SET,1790065616752,1,4
hot:4,GET,1790065616760,1,24
warm:6,GET,1790065616760,1,29
cold:0,GET,1790065616760,1,35
warm:0,GET,1790065616760,1,12
warm:14,GET,1790065616760,1,27
hot:3,EXISTS,1790065616770,1,10
hot:5,GET,1790065616770,1,30
hot:11,GET,1790065616770,1,22
hot:6,GET,1790065616770,1,17
hot:8,GET,1790065616770,1,14
warm:28,GET,1790065616770,1,12
warm:12,GET,1790065616770,1,9
hot:2,GET,1790065616770,1,27
hot:6,GET,1790065616770,1,17
warm:37,GET,1790065616770,1,32
cold:70,GET,1790065616770,1,8
hot:2,GET,1790065616770,1,27
cold:18,DELETE,1790065616770,1,-1
cold:18,SET,1790065616782,0,13
hot:3,GET,1790065616794,1,10
warm:36,GET,1790065616794,1,25
warm:36,GET,1790065616794,1,25
warm:30,GET,1790065616794,1,33
cold:61,GET,1790065616794,1,18
warm:34,GET,1790065616794,1,7
warm:1,GET,1790065616794,1,4
cold:82,GET,1790065616796,1,8
warm:6,GET,1790065616796,1,29
hot:6,GET,1790065616796,1,17
hot:11,GET,1790065616796,1,22
hot:0,GET,1790065616796,1,26
hot:4,GET,1790065616796,1,24
warm:29,GET,1790065616796,1,10
cold:18,GET,1790065616796,1,13
warm:22,GET,1790065616796,1,16
warm:12,GET,1790065616796,1,9
hot:5,GET,1790065616796,1,30
cold:19,GET,1790065616796,1,32
cold:76,DELETE,1790065616796,1,-1
cold:76,SET,1790065616807,0,13
hot:5,GET,1790065616812,1,30
warm:18,GET,1790065616812,1,18
warm:5,GET,1790065616812,1,13
hot:3,GET,1790065616812,1,10
warm:29,GET,1790065616812,1,10
hot:1,GET,1790065616812,1,7
hot:9,GET,1790065616812,1,25
hot:7,GET,1790065616821,1,5
hot:1,GET,1790065616821,1,7
hot:4,GET,1790065616821,1,24
warm:12,GET,1790065616821,1,9
warm:13,GET,1790065616821,1,4
warm:19,GET,1790065616821,1,18
cold:21,GET,1790065616821,1,21
warm:6,GET,1790065616821,1,29
hot:5,SET,1790065616821,1,27
hot:1,GET,1790065616832,1,7
warm:36,GET,1790065616832,1,25
warm:13,GET,1790065616832,1,4
warm:12,GET,1790065616832,1,9
hot:9,GET,1790065616832,1,25
cold:83,GET,1790065616832,1,17
warm:8,GET,1790065616832,1,18
hot:5,SET,1790065616832,1,17
hot:5,GET,1790065616840,1,17
cold:6,GET,1790065616840,1,8
warm:10,GET,1790065616840,1,29
warm:12,GET,1790065616846,1,9
hot:1,GET,1790065616846,1,7
hot:5,GET,1790065616846,1,17
hot:8,GET,1790065616846,1,14
hot:7,SET,1790065616846,1,35
warm:38,SET,1790065616858,1,17
warm:9,GET,1790065616870,1,29
warm:12,GET,1790065616870,1,9
hot:7,GET,1790065616870,1,35
cold:57,GET,1790065616870,1,11
hot:0,GET,1790065616870,1,26
warm:33,GET,1790065616870,1,16
hot:7,GET,1790065616870,1,35
cold:79,DELETE,1790065616870,1,-1
cold:79,SET,1790065616881,0,10
hot:5,GET,1790065616892,1,17
warm:29,GET,1790065616892,1,10
hot:9,GET,1790065616892,1,25
warm:39,GET,1790065616892,1,23
warm:14,SET,1790065616892,1,10
cold:26,SET,1790065616906,1,6
warm:6,GET,1790065616919,1,29
warm:14,GET,1790065616919,1,10
warm:6,GET,1790065616919,1,29
cold:65,GET,1790065616919,1,16
cold:36,DELETE,1790065616919,1,-1
cold:36,SET,1790065616931,0,5
warm:2,GET,1790065616941,1,9
cold:72,GET,1790065616941,1,16
hot:9,GET,1790065616941,1,25
hot:5,SET,1790065616941,1,33
cold:82,DELETE,1790065616953,1,-1
cold:82,SET,1790065616959,0,9
warm:25,SET,1790065616976,1,25
warm:12,GET,1790065616990,1,9
warm:12,GET,1790065616990,1,9
cold:75,SET,1790065616990,1,31
cold:86,GET,1790065616999,1,32
warm:12,GET,1790065616999,1,9
cold:86,GET,1790065616999,1,32
hot:6,GET,1790065616999,1,17
warm:24,GET,1790065616999,1,27
warm:26,GET,1790065616999,1,11
warm:12,GET,1790065617006,1,9
hot:11,GET,1790065617006,1,22
warm:26,GET,1790065617006,1,11
hot:10,SET,1790065617006,1,4
warm:14,GET,1790065617014,1,10
warm:10,GET,1790065617014,1,29
hot:11,GET,1790065617014,1,22
hot:3,GET,1790065617014,1,10
cold:50,GET,1790065617014,1,34
cold:63,GET,1790065617014,1,21
warm:6,GET,1790065617014,1,29
hot:9,SET,1790065617014,1,29
warm:3,SET,1790065617029,1,11
warm:19,GET,1790065617041,1,18
cold:42,GET,1790065617041,1,16
warm:6,GET,1790065617041,1,29
hot:9,GET,1790065617041,1,29
hot:10,GET,1790065617041,1,4
hot:2,GET,1790065617041,1,27
warm:15,GET,1790065617041,1,32
warm:15,GET,1790065617049,1,32
warm:13,GET,1790065617049,1,4
warm:29,SET,1790065617049,1,16
cold:49,GET,1790065617058,1,12
hot:9,SET,1790065617058,1,35
warm:12,GET,1790065617066,1,9
warm:23,SET,1790065617066,1,34
warm:29,SET,1790065617082,1,17
warm:6,GET,1790065617095,1,29
warm:14,SET,1790065617095,1,8
cold:59,GET,1790065617107,1,26
hot:1,GET,1790065617107,1,7
hot:2,GET,1790065617107,1,27
hot:7,GET,1790065617107,1,35
hot:7,GET,1790065617107,1,35
hot:5,GET,1790065617107,1,33
warm:12,GET,1790065617107,1,9
warm:32,GET,1790065617107,1,23
hot:5,GET,1790065617107,1,33
hot:9,GET,1790065617107,1,35
hot:7,GET,1790065617114,1,35
hot:0,GET,1790065617114,1,26
hot:2,GET,1790065617114,1,27
hot:11,GET,1790065617114,1,22
warm:37,GET,1790065617114,1,32
hot:2,GET,1790065617114,1,27
cold:3,GET,1790065617114,1,4
hot:11,GET,1790065617114,1,22
warm:6,GET,1790065617114,1,29
warm:26,GET,1790065617114,1,11
hot:11,GET,1790065617114,1,22
warm:36,GET,1790065617114,1,25
cold:81,DELETE,1790065617114,1,-1
cold:81,SET,1790065617125,0,9
hot:6,EXISTS,1790065617131,1,17
hot:9,GET,1790065617131,1,35
hot:8,GET,1790065617131,1,14
hot:7,GET,1790065617131,1,35
hot:10,GET,1790065617131,1,4
hot:3,GET,1790065617131,1,10
hot:3,GET,1790065617131,1,10
hot:0,GET,1790065617139,1,26
warm:6,GET,1790065617139,1,29
hot:1,GET,1790065617139,1,7
hot:5,SET,1790065617139,1,14
hot:11,SET,1790065617149,1,23
hot:9,GET,1790065617160,1,35
hot:5,GET,1790065617160,1,14
cold:69,DELETE,1790065617160,1,-1
cold:69,SET,1790065617177,0,11
warm:29,SET,1790065617190,1,8
warm:13,GET,1790065617203,1,4
hot:9,GET,1790065617203,1,35
warm:15,GET,1790065617203,1,32
warm:22,GET,1790065617203,1,16
cold:57,GET,1790065617203,1,11
cold:82,GET,1790065617203,1,9
warm:36,GET,1790065617203,1,25
hot:0,GET,1790065617203,1,26
warm:12,GET,1790065617203,1,9
hot:6,SET,1790065617203,1,16
warm:0,GET,1790065617218,1,12
cold:43,GET,1790065617221,1,14
warm:6,GET,1790065617221,1,29
warm:29,GET,1790065617221,1,8
cold:3,GET,1790065617221,1,4
cold:34,DELETE,1790065617221,1,-1
cold:34,SET,1790065617230,0,11
warm:9,GET,1790065617243,1,29
warm:29,GET,1790065617243,1,8
warm:29,GET,1790065617243,1,8
hot:10,SET,1790065617243,1,22
hot:1,GET,1790065617248,1,7
warm:36,GET,1790065617248,1,25
cold:7,GET,1790065617248,1,20
warm:34,GET,1790065617248,1,7
cold:57,GET,1790065617248,1,11
warm:36,GET,1790065617248,1,25
warm:13,GET,1790065617248,1,4
warm:29,GET,1790065617248,1,8
hot:3,GET,1790065617248,1,10
hot:10,GET,1790065617248,1,22
hot:3,GET,1790065617248,1,10
hot:10,GET,1790065617257,1,22
hot:9,SET,1790065617257,1,25
hot:0,SET,1790065617267,1,32
warm:12,GET,1790065617276,1,9
warm:12,GET,1790065617276,1,9
warm:6,GET,1790065617276,1,29
hot:6,GET,1790065617276,1,16
cold:9,GET,1790065617276,1,18
hot:6,GET,1790065617276,1,16
warm:30,GET,1790065617276,1,33
warm:28,GET,1790065617276,1,12
warm:13,GET,1790065617276,1,4
warm:33,GET,1790065617276,1,16
hot:3,GET,1790065617276,1,10
hot:2,GET,1790065617276,1,27
warm:20,GET,1790065617276,1,15
hot:7,GET,1790065617276,1,35
warm:25,GET,1790065617276,1,25
hot:2,GET,1790065617276,1,27
warm:30,SET,1790065617276,1,12
cold:18,GET,1790065617291,1,13
hot:1,GET,1790065617291,1,7
hot:3,SET,1790065617291,1,21
cold:12,GET,1790065617300,1,11
hot:2,GET,1790065617300,1,27
warm:6,GET,1790065617300,1,29
hot:4,GET,1790065617300,1,24
hot:6,GET,1790065617300,1,16
warm:33,GET,1790065617300,1,16
warm:12,GET,1790065617300,1,9
hot:7,GET,1790065617300,1,35
hot:2,GET,1790065617300,1,27
warm:19,GET,1790065617300,1,18
hot:5,GET,1790065617300,1,14
warm:12,GET,1790065617300,1,9
cold:8,GET,1790065617300,1,7
warm:12,GET,1790065617300,1,9
hot:10,GET,1790065617300,1,22
hot:7,GET,1790065617300,1,35
warm:18,GET,1790065617300,1,18
hot:10,GET,1790065617304,1,22
cold:12,GET,1790065617304,1,11
warm:29,GET,1790065617304,1,8
hot:1,GET,1790065617304,1,7
hot:4,GET,1790065617304,1,24
hot:8,GET,1790065617304,1,14
hot:1,SET,1790065617304,1,9
warm:36,GET,1790065617313,1,25
hot:2,GET,1790065617313,1,27
cold:15,GET,1790065617313,1,8
hot:2,GET,1790065617313,1,27
hot:1,GET,1790065617313,1,9
warm:17,GET,1790065617313,1,31
hot:7,EXISTS,1790065617313,1,35
warm:32,GET,1790065617313,1,23
warm:8,GET,1790065617313,1,18
hot:1,GET,1790065617313,1,9
cold:10,GET,1790065617313,1,10
hot:5,GET,1790065617313,1,14
hot:6,GET,1790065617313,1,16
hot:4,GET,1790065617316,1,24
warm:12,GET,1790065617316,1,9
warm:12,GET,1790065617316,1,9
hot:2,GET,1790065617316,1,27
cold:58,GET,1790065617316,1,15
warm:12,GET,1790065617316,1,9
hot:1,GET,1790065617316,1,9
cold:58,DELETE,1790065617316,1,-1
cold:58,SET,1790065617325,0,9
hot:3,GET,1790065617335,1,21
warm:12,GET,1790065617335,1,9
warm:29,GET,1790065617335,1,8
hot:7,GET,1790065617335,1,35
warm:36,SET,1790065617335,1,9
hot:0,GET,1790065617349,1,32
hot:1,GET,1790065617349,1,9
hot:2,GET,1790065617349,1,27
warm:6,GET,1790065617349,1,29
cold:50,EXISTS,1790065617349,1,34
hot:6,GET,1790065617349,1,16
warm:21,GET,1790065617349,1,29
hot:8,GET,1790065617351,1,14
hot:11,GET,1790065617351,1,23
hot:10,GET,1790065617351,1,22
hot:5,GET,1790065617351,1,14
hot:4,GET,1790065617351,1,24
warm:12,GET,1790065617351,1,9
hot:7,GET,1790065617351,1,35
hot:9,SET,1790065617351,1,28
hot:8,GET,1790065617362,1,14
warm:0,GET,1790065617362,1,12
cold:82,GET,1790065617362,1,9
hot:7,GET,1790065617362,1,35
cold:72,GET,1790065617362,1,16
warm:6,GET,1790065617362,1,29
hot:5,GET,1790065617362,1,14
hot:0,GET,1790065617362,1,32
hot:4,GET,1790065617362,1,24
hot:2,GET,1790065617362,1,27
warm:29,GET,1790065617362,1,8
hot:6,GET,1790065617362,1,16
hot:8,GET,1790065617365,1,14
warm:30,GET,1790065617365,1,12
hot:5,GET,1790065617365,1,14
hot:6,GET,1790065617365,1,16
warm:6,GET,1790065617365,1,29
warm:14,GET,1790065617365,1,8
warm:35,GET,1790065617365,1,17
hot:0,GET,1790065617365,1,32
hot:9,GET,1790065617365,1,28
warm:7,GET,1790065617365,1,14
hot:9,GET,1790065617365,1,28
cold:46,GET,1790065617365,1,30
hot:1,SET,1790065617365,1,22
warm:6,GET,1790065617376,1,29
warm:0,GET,1790065617376,1,12
hot:10,GET,1790065617376,1,22
hot:3,GET,1790065617376,1,21
hot:2,GET,1790065617376,1,27
warm:36,GET,1790065617376,1,9
hot:11,GET,1790065617376,1,23
hot:9,GET,1790065617378,1,28
warm:12,GET,1790065617378,1,9
warm:36,GET,1790065617378,1,9
cold:1,SET,1790065617378,1,18
warm:30,GET,1790065617388,1,12
hot:0,GET,1790065617388,1,32
cold:88,SET,1790065617388,1,20
cold:62,GET,1790065617402,1,11
hot:10,GET,1790065617402,1,22
cold:53,GET,1790065617402,1,18
warm:14,GET,1790065617402,1,8
hot:5,GET,1790065617402,1,14
hot:3,GET,1790065617402,1,21
hot:0,GET,1790065617402,1,32
warm:12,GET,1790065617402,1,9
warm:6,SET,1790065617402,1,32
cold:33,SET,1790065617413,1,7
warm:12,GET,1790065617425,1,9
hot:0,GET,1790065617425,1,32
cold:13,GET,1790065617425,1,16
warm:39,GET,1790065617427,1,23
warm:6,GET,1790065617427,1,32
hot:7,GET,1790065617427,1,35
cold:57,DELETE,1790065617427,1,-1
cold:57,SET,1790065617436,0,4
hot:8,GET,1790065617449,1,14
cold:63,GET,1790065617449,1,21
hot:2,SET,1790065617449,1,22
hot:1,SET,1790065617461,1,17
warm:36,GET,1790065617472,1,9
warm:35,GET,1790065617472,1,17
cold:56,GET,1790065617472,1,23
warm:29,GET,1790065617472,1,8
warm:7,GET,1790065617472,1,14
warm:32,EXISTS,1790065617472,1,23
hot:4,GET,1790065617472,1,24
hot:11,GET,1790065617472,1,23
cold:10,GET,1790065617472,1,10
hot:3,GET,1790065617472,1,21
warm:12,GET,1790065617472,1,9
hot:9,GET,1790065617472,1,28
cold:75,GET,1790065617475,1,31
warm:30,GET,1790065617475,1,12
hot:6,GET,1790065617475,1,16
cold:84,GET,1790065617475,1,10
hot:9,SET,1790065617475,1,30
hot:8,GET,1790065617484,1,14
hot:11,GET,1790065617484,1,23
hot:1,GET,1790065617484,1,17
hot:3,GET,1790065617484,1,21
warm:12,GET,1790065617484,1,9
hot:4,GET,1790065617484,1,24
hot:9,GET,1790065617484,1,30
warm:12,SET,1790065617484,1,12
cold:41,SET,1790065617501,1,35
warm:12,SET,1790065617516,1,18
warm:9,GET,1790065617526,1,29
hot:6,GET,1790065617526,1,16
warm:37,GET,1790065617526,1,32
hot:6,GET,1790065617526,1,16
hot:9,GET,1790065617526,1,30
cold:66,DELETE,1790065617529,1,-1
cold:66,SET,1790065617539,0,19
warm:29,GET,1790065617546,1,8
warm:9,EXISTS,1790065617546,1,29
hot:3,GET,1790065617546,1,21
hot:2,GET,1790065617546,1,22
warm:32,GET,1790065617546,1,23
hot:7,GET,1790065617546,1,35
hot:2,GET,1790065617546,1,22
warm:6,GET,1790065617552,1,32
hot:6,GET,1790065617552,1,16
cold:30,GET,1790065617552,1,10
warm:34,SET,1790065617552,1,34
cold:30,GET,1790065617562,1,10
cold:19,GET,1790065617562,1,32
warm:12,GET,1790065617562,1,18
cold:33,GET,1790065617562,1,7
hot:6,GET,1790065617562,1,16
hot:2,GET,1790065617562,1,22
hot:7,GET,1790065617562,1,35
warm:25,GET,1790065617562,1,25
hot:3,GET,1790065617563,1,21
warm:14,GET,1790065617563,1,8
hot:9,GET,1790065617563,1,30
cold:44,SET,1790065617563,1,12
hot:9,GET,1790065617573,1,30
cold:37,GET,1790065617573,1,10
hot:3,GET,1790065617573,1,21
hot:2,SET,1790065617573,1,34
warm:36,GET,1790065617579,1,9
warm:11,GET,1790065617579,1,20
warm:29,GET,1790065617579,1,8
warm:15,GET,1790065617579,1,32
warm:12,GET,1790065617579,1,18
hot:6,GET,1790065617579,1,16
warm:29,GET,1790065617579,1,8
hot:2,SET,1790065617579,1,7
warm:24,GET,1790065617595,1,27
hot:6,GET,1790065617595,1,16
hot:0,GET,1790065617595,1,32
warm:6,GET,1790065617595,1,32
hot:5,GET,1790065617598,1,14
hot:7,GET,1790065617598,1,35
hot:6,GET,1790065617598,1,16
hot:2,GET,1790065617598,1,7
hot:9,GET,1790065617598,1,30
hot:9,GET,1790065617598,1,30
cold:55,GET,1790065617598,1,15
hot:6,GET,1790065617598,1,16
warm:12,SET,1790065617598,1,13
hot:1,GET,1790065617611,1,17
warm:12,GET,1790065617611,1,13
warm:29,SET,1790065617611,1,4
hot:11,GET,1790065617618,1,23
hot:2,GET,1790065617618,1,7
warm:29,GET,1790065617618,1,4
warm:29,GET,1790065617618,1,4
hot:7,GET,1790065617618,1,35
warm:38,GET,1790065617618,1,17
warm:29,GET,1790065617618,1,4
cold:77,GET,1790065617618,1,8
hot:2,GET,1790065617625,1,7
hot:8,GET,1790065617625,1,14
warm:36,GET,1790065617625,1,9
hot:11,SET,1790065617625,1,32
cold:51,SET,1790065617636,1,26
warm:29,GET,1790065617644,1,4
cold:13,GET,1790065617644,1,16
hot:10,GET,1790065617644,1,22
warm:30,GET,1790065617644,1,12
hot:7,GET,1790065617644,1,35
cold:53,GET,1790065617644,1,18
warm:22,GET,1790065617644,1,16
hot:10,GET,1790065617644,1,22
hot:9,GET,1790065617644,1,30
hot:11,GET,1790065617644,1,32
hot:3,GET,1790065617644,1,21
warm:14,GET,1790065617644,1,8
warm:36,SET,1790065617644,1,35
hot:8,GET,1790065617659,1,14
warm:29,GET,1790065617659,1,4
hot:7,GET,1790065617662,1,35
warm:0,GET,1790065617662,1,12
cold:13,SET,1790065617662,1,34
hot:10,GET,1790065617672,1,22
cold:45,GET,1790065617672,1,31
warm:29,GET,1790065617672,1,4
hot:10,GET,1790065617672,1,22
warm:12,GET,1790065617672,1,13
cold:56,GET,1790065617672,1,23
warm:10,GET,1790065617672,1,29
hot:6,GET,1790065617672,1,16
warm:17,SET,1790065617672,1,27
warm:29,GET,1790065617684,1,4
hot:6,GET,1790065617684,1,16
warm:12,GET,1790065617684,1,13
warm:36,GET,1790065617684,1,35
warm:1,GET,1790065617684,1,4
warm:29,GET,1790065617684,1,4
warm:6,GET,1790065617684,1,32
warm:6,GET,1790065617684,1,32
hot:7,GET,1790065617686,1,35
cold:34,GET,1790065617686,1,11
hot:3,GET,1790065617686,1,21
hot:1,GET,1790065617686,1,17
warm:36,GET,1790065617686,1,35
hot:5,SET,1790065617686,1,25
warm:14,GET,1790065617695,1,8
hot:6,GET,1790065617695,1,16
hot:6,GET,1790065617695,1,16
warm:5,GET,1790065617695,1,13
warm:6,GET,1790065617695,1,32
warm:12,GET,1790065617695,1,13
hot:8,GET,1790065617695,1,14
hot:8,GET,1790065617695,1,14
hot:8,SET,1790065617695,1,35
warm:13,GET,1790065617705,1,4
warm:35,GET,1790065617705,1,17
warm:15,GET,1790065617705,1,32
hot:0,GET,1790065617705,1,32
hot:10,SET,1790065617705,1,21
hot:11,GET,1790065617719,1,32
hot:11,GET,1790065617719,1,32
warm:12,GET,1790065617719,1,13
hot:6,GET,1790065617719,1,16
warm:6,GET,1790065617719,1,32
cold:23,GET,1790065617719,1,16
warm:12,GET,1790065617719,1,13
warm:14,GET,1790065617719,1,8
warm:29,GET,1790065617719,1,4
warm:19,GET,1790065617719,1,18
hot:4,GET,1790065617719,1,24
hot:9,GET,1790065617719,1,30
hot:11,GET,1790065617719,1,32
hot:8,GET,1790065617719,1,35
hot:7,SET,1790065617719,1,29
hot:9,SET,1790065617732,1,18
hot:11,GET,1790065617747,1,32
warm:18,GET,1790065617747,1,18
warm:14,GET,1790065617747,1,8
hot:7,GET,1790065617747,1,29
hot:9,GET,1790065617749,1,18
hot:5,GET,1790065617749,1,25
warm:8,GET,1790065617749,1,18
warm:21,GET,1790065617749,1,29
hot:4,GET,1790065617749,1,24
warm:31,GET,1790065617749,1,16
cold:7,GET,1790065617749,1,20
warm:5,GET,1790065617749,1,13
hot:4,GET,1790065617749,1,24
hot:0,GET,1790065617749,1,32
hot:7,GET,1790065617749,1,29
hot:3,GET,1790065617749,1,21
hot:7,GET,1790065617749,1,29
warm:25,GET,1790065617749,1,25
hot:11,GET,1790065617749,1,32
hot:0,GET,1790065617749,1,32
hot:9,GET,1790065617749,1,18
hot:1,EXISTS,1790065617749,1,17
hot:8,GET,1790065617749,1,35
hot:11,GET,1790065617749,1,32
hot:10,GET,1790065617750,1,21
warm:3,GET,1790065617750,1,11
hot:8,GET,1790065617750,1,35
hot:10,GET,1790065617750,1,21
warm:24,GET,1790065617750,1,27
warm:25,GET,1790065617750,1,25
warm:3,GET,1790065617750,1,11
cold:61,GET,1790065617750,1,18
hot:4,GET,1790065617750,1,24
warm:25,GET,1790065617750,1,25
hot:3,GET,1790065617750,1,21
warm:8,GET,1790065617750,1,18
hot:9,GET,1790065617750,1,18
warm:27,SET,1790065617750,1,29
warm:3,GET,1790065617761,1,11
cold:21,GET,1790065617761,1,21
hot:7,GET,1790065617761,1,29
hot:2,GET,1790065617761,1,7
hot:4,SET,1790065617761,1,5
warm:3,GET,1790065617770,1,11
warm:6,GET,1790065617774,1,32
hot:5,GET,1790065617774,1,25
hot:4,GET,1790065617774,1,5
hot:11,GET,1790065617774,1,32
hot:6,SET,1790065617774,1,11
hot:4,GET,1790065617786,1,5
hot:6,SET,1790065617786,1,35
cold:54,GET,1790065617799,1,10
warm:36,GET,1790065617799,1,35
hot:9,GET,1790065617799,1,18
hot:0,GET,1790065617799,1,32
hot:9,GET,1790065617799,1,18
warm:25,GET,1790065617799,1,25
warm:27,GET,1790065617799,1,29
hot:5,GET,1790065617799,1,25
warm:16,GET,1790065617799,1,15
warm:36,GET,1790065617799,1,35
cold:70,SET,1790065617799,1,4
cold:66,GET,1790065617810,1,19
hot:7,GET,1790065617810,1,29
hot:10,GET,1790065617812,1,21
warm:8,GET,1790065617812,1,18
warm:25,GET,1790065617812,1,25
hot:4,GET,1790065617812,1,5
hot:7,GET,1790065617812,1,29
hot:6,GET,1790065617812,1,35
hot:6,GET,1790065617812,1,35
hot:4,SET,1790065617812,1,15
hot:11,GET,1790065617820,1,32
warm:3,GET,1790065617820,1,11
hot:9,GET,1790065617820,1,18
hot:5,GET,1790065617820,1,25
cold:74,GET,1790065617820,1,16
warm:8,GET,1790065617820,1,18
cold:4,SET,1790065617820,1,13
hot:3,GET,1790065617828,1,21
hot:3,GET,1790065617828,1,21
hot:7,GET,1790065617828,1,29
hot:1,GET,1790065617828,1,17
hot:0,GET,1790065617828,1,32
cold:61,GET,1790065617837,1,18
warm:27,GET,1790065617837,1,29
hot:4,GET,1790065617837,1,15
warm:27,GET,1790065617837,1,29
warm:9,GET,1790065617837,1,29
hot:11,GET,1790065617837,1,32
warm:8,GET,1790065617837,1,18
warm:36,GET,1790065617837,1,35
cold:15,SET,1790065617837,1,4
hot:7,GET,1790065617843,1,29
warm:9,SET,1790065617843,1,32
warm:26,GET,1790065617853,1,11
warm:5,GET,1790065617853,1,13
hot:1,GET,1790065617853,1,17
warm:25,GET,1790065617853,1,25
cold:38,GET,1790065617853,1,12
warm:27,GET,1790065617853,1,29
warm:25,GET,1790065617853,1,25
warm:28,GET,1790065617853,1,12
hot:8,GET,1790065617853,1,35
warm:10,GET,1790065617862,1,29
hot:5,GET,1790065617862,1,25
warm:8,GET,1790065617862,1,18
cold:60,GET,1790065617862,1,5
hot:1,GET,1790065617862,1,17
hot:3,GET,1790065617862,1,21
hot:11,GET,1790065617862,1,32
hot:3,SET,1790065617862,1,26
hot:7,GET,1790065617873,1,29
hot:6,GET,1790065617873,1,35
hot:6,GET,1790065617873,1,35
hot:1,GET,1790065617873,1,17
warm:8,GET,1790065617873,1,18
warm:28,GET,1790065617873,1,12
warm:5,GET,1790065617873,1,13
hot:3,EXISTS,1790065617873,1,26
hot:5,GET,1790065617873,1,25
hot:1,GET,1790065617873,1,17
cold:59,GET,1790065617873,1,26
warm:20,GET,1790065617873,1,15
hot:0,GET,1790065617877,1,32
hot:11,GET,1790065617877,1,32
hot:4,EXISTS,1790065617877,1,15
cold:45,GET,1790065617877,1,31
warm:36,GET,1790065617877,1,35
warm:8,GET,1790065617877,1,18
cold:34,GET,1790065617877,1,11
hot:2,GET,1790065617877,1,7
warm:6,SET,1790065617877,1,29
warm:13,GET,1790065617886,1,4
warm:3,GET,1790065617886,1,11
hot:3,GET,1790065617886,1,26
warm:27,GET,1790065617886,1,29
hot:8,GET,1790065617886,1,35
hot:7,GET,1790065617886,1,29
hot:2,GET,1790065617886,1,7
warm:21,GET,1790065617886,1,29
cold:47,GET,1790065617886,1,34
warm:3,SET,1790065617886,1,7
warm:25,SET,1790065617893,1,16
warm:36,GET,1790065617913,1,35
warm:3,GET,1790065617913,1,7
hot:3,GET,1790065617913,1,26
hot:3,GET,1790065617913,1,26
warm:36,GET,1790065617913,1,35
hot:7,GET,1790065617913,1,29
hot:10,GET,1790065617913,1,21
hot:5,GET,1790065617913,1,25
warm:36,GET,1790065617913,1,35
warm:36,GET,1790065617913,1,35
hot:6,GET,1790065617913,1,35
cold:59,GET,1790065617913,1,26
hot:1,GET,1790065617913,1,17
hot:6,GET,1790065617913,1,35
warm:36,SET,1790065617913,1,34
warm:9,GET,1790065617923,1,32
warm:3,GET,1790065617923,1,7
hot:8,GET,1790065617923,1,35
warm:36,GET,1790065617923,1,34
warm:10,SET,1790065617923,1,17
hot:8,GET,1790065617941,1,35
hot:8,GET,1790065617941,1,35
warm:27,GET,1790065617941,1,29
warm:27,GET,1790065617941,1,29
warm:22,GET,1790065617941,1,16
hot:0,GET,1790065617941,1,32
hot:10,GET,1790065617941,1,21
hot:10,GET,1790065617941,1,21
warm:9,GET,1790065617941,1,32
warm:16,GET,1790065617941,1,15
hot:9,GET,1790065617941,1,18
hot:5,GET,1790065617941,1,25
warm:38,GET,1790065617941,1,17
cold:41,GET,1790065617941,1,35
warm:20,GET,1790065617941,1,15
warm:12,GET,1790065617941,1,13
warm:25,GET,1790065617941,1,16
hot:3,GET,1790065617941,1,26
hot:5,GET,1790065617941,1,25
warm:19,GET,1790065617941,1,18
hot:9,GET,1790065617942,1,18
warm:27,GET,1790065617942,1,29
warm:20,GET,1790065617942,1,15
warm:3,GET,1790065617942,1,7
warm:8,GET,1790065617942,1,18
hot:5,GET,1790065617942,1,25
warm:27,GET,1790065617942,1,29
cold:4,GET,1790065617942,1,13
hot:3,GET,1790065617942,1,26
warm:25,GET,1790065617942,1,16
warm:8,GET,1790065617942,1,18
hot:2,GET,1790065617942,1,7
warm:13,GET,1790065617942,1,4
hot:10,GET,1790065617942,1,21
hot:2,GET,1790065617942,1,7
hot:5,GET,1790065617942,1,25
warm:25,GET,1790065617942,1,16
warm:30,GET,1790065617942,1,12
warm:13,GET,1790065617942,1,4
warm:15,GET,1790065617942,1,32
hot:9,GET,1790065617943,1,18
hot:5,GET,1790065617943,1,25
hot:9,GET,1790065617943,1,18
warm:25,GET,1790065617943,1,16
hot:7,GET,1790065617943,1,29
warm:36,GET,1790065617943,1,34
hot:8,GET,1790065617943,1,35
hot:9,GET,1790065617943,1,18
warm:25,SET,1790065617943,1,31
hot:4,GET,1790065617952,1,15
hot:0,GET,1790065617952,1,32
hot:0,GET,1790065617952,1,32
warm:20,GET,1790065617952,1,15
hot:10,GET,1790065617952,1,21
hot:5,GET,1790065617952,1,25
warm:22,GET,1790065617952,1,16
hot:8,SET,1790065617952,1,20
warm:3,GET,1790065617960,1,7
cold:1,GET,1790065617960,1,18
hot:4,GET,1790065617960,1,15
hot:0,GET,1790065617969,1,32
hot:11,GET,1790065617969,1,32
hot:5,GET,1790065617969,1,25
hot:1,GET,1790065617969,1,17
warm:25,GET,1790065617969,1,31
warm:20,GET,1790065617969,1,15
hot:6,GET,1790065617969,1,35
hot:10,SET,1790065617969,1,31
hot:3,GET,1790065617978,1,26
warm:27,GET,1790065617978,1,29
warm:36,GET,1790065617978,1,34
warm:36,GET,1790065617978,1,34
warm:20,GET,1790065617978,1,15
warm:3,GET,1790065617978,1,7
hot:0,GET,1790065617978,1,32
warm:33,GET,1790065617978,1,16
warm:8,GET,1790065617978,1,18
hot:10,GET,1790065617978,1,31
warm:8,GET,1790065617978,1,18
hot:10,GET,1790065617978,1,31
cold:2,GET,1790065617983,1,4
hot:4,GET,1790065617983,1,15
hot:6,GET,1790065617983,1,35
hot:2,GET,1790065617983,1,7
warm:30,GET,1790065617983,1,12
hot:0,GET,1790065617983,1,32
warm:3,GET,1790065617983,1,7
warm:3,GET,1790065617983,1,7
warm:25,GET,1790065617983,1,31
warm:8,GET,1790065617983,1,18
hot:9,GET,1790065617983,1,18
cold:36,GET,1790065617983,1,5
warm:3,GET,1790065617983,1,7
warm:3,SET,1790065617983,1,18
warm:34,GET,1790065617993,1,34
hot:1,GET,1790065617993,1,17
warm:4,GET,1790065617993,1,20
hot:7,GET,1790065617993,1,29
cold:20,GET,1790065617993,1,7
warm:27,GET,1790065617993,1,29
hot:3,GET,1790065617995,1,26
hot:7,GET,1790065617995,1,29
warm:8,GET,1790065617995,1,18
warm:8,GET,1790065617995,1,18
cold:56,GET,1790065617995,1,23
warm:25,GET,1790065617995,1,31
warm:4,GET,1790065617995,1,20
hot:9,GET,1790065617995,1,18
hot:5,GET,1790065617995,1,25
cold:16,GET,1790065617995,1,7
hot:5,GET,1790065617995,1,25
warm:25,EXISTS,1790065617995,1,31
warm:25,GET,1790065617995,1,31
warm:34,GET,1790065617995,1,34
hot:2,GET,1790065617995,1,7
warm:31,GET,1790065617995,1,16
hot:10,GET,1790065617995,1,31
hot:2,GET,1790065617995,1,7
warm:19,GET,1790065617995,1,18
warm:4,GET,1790065617995,1,20
cold:36,GET,1790065617996,1,5
cold:87,GET,1790065617996,1,18
hot:1,GET,1790065617996,1,17
hot:6,GET,1790065617996,1,35
warm:3,EXISTS,1790065617996,1,18
hot:7,GET,1790065617996,1,29
hot:2,EXISTS,1790065617996,1,7
warm:34,GET,1790065617996,1,34
hot:5,GET,1790065617996,1,25
warm:8,SET,1790065617996,1,21
hot:10,GET,1790065618004,1,31
warm:29,GET,1790065618004,1,4
hot:10,GET,1790065618004,1,31
warm:36,GET,1790065618004,1,34
warm:36,SET,1790065618004,1,13
warm:35,GET,1790065618011,1,17
warm:18,GET,1790065618011,1,18
hot:11,GET,1790065618011,1,32
hot:10,GET,1790065618011,1,31
hot:10,SET,1790065618011,1,27
warm:20,GET,1790065618032,1,15
warm:36,SET,1790065618032,1,21
cold:73,GET,1790065618043,1,16
warm:32,GET,1790065618043,1,23
hot:8,EXISTS,1790065618043,1,20
warm:8,GET,1790065618043,1,21
warm:34,GET,1790065618043,1,34
hot:1,GET,1790065618043,1,17
warm:20,SET,1790065618043,1,24
warm:32,GET,1790065618053,1,23
warm:20,GET,1790065618053,1,24
hot:8,SET,1790065618053,1,14
hot:3,SET,1790065618065,1,13
hot:3,GET,1790065618067,1,13
warm:8,GET,1790065618067,1,21
warm:3,GET,1790065618067,1,18
warm:36,GET,1790065618067,1,21
hot:6,GET,1790065618067,1,35
hot:8,GET,1790065618067,1,14
hot:5,GET,1790065618067,1,25
hot:1,GET,1790065618078,1,17
warm:3,GET,1790065618078,1,18
hot:6,GET,1790065618078,1,35
hot:2,GET,1790065618078,1,7
warm:3,SET,1790065618078,1,24
hot:0,GET,1790065618088,1,32
warm:3,GET,1790065618088,1,24
hot:7,GET,1790065618088,1,29
warm:36,GET,1790065618088,1,21
warm:3,GET,1790065618088,1,24
hot:3,GET,1790065618088,1,13
cold:86,GET,1790065618088,1,32
hot:0,GET,1790065618088,1,32
hot:1,GET,1790065618088,1,17
warm:25,GET,1790065618088,1,31
warm:25,GET,1790065618088,1,31
hot:10,GET,1790065618088,1,27
warm:27,GET,1790065618088,1,29
warm:27,GET,1790065618088,1,29
hot:3,GET,1790065618088,1,13
warm:36,GET,1790065618090,1,21
hot:5,GET,1790065618090,1,25
hot:2,GET,1790065618090,1,7
warm:33,GET,1790065618090,1,16
warm:36,GET,1790065618090,1,21
cold:88,GET,1790065618090,1,20
warm:33,GET,1790065618090,1,16
cold:79,GET,1790065618090,1,10
warm:8,GET,1790065618090,1,21
hot:10,GET,1790065618090,1,27
cold:70,SET,1790065618090,1,19
hot:6,GET,1790065618100,1,35
warm:0,SET,1790065618100,1,19
hot:8,GET,1790065618112,1,14
hot:8,GET,1790065618112,1,14
cold:55,SET,1790065618112,1,15
warm:8,GET,1790065618124,1,21
warm:27,GET,1790065618124,1,29
hot:8,GET,1790065618124,1,14
warm:27,GET,1790065618124,1,29
cold:14,GET,1790065618129,1,11
hot:4,GET,1790065618129,1,15
cold:16,DELETE,1790065618129,1,-1
cold:16,SET,1790065618137,0,4
hot:0,GET,1790065618147,1,32
warm:27,GET,1790065618147,1,29
hot:2,GET,1790065618147,1,7
hot:9,GET,1790065618147,1,18
hot:9,GET,1790065618147,1,18
cold:13,GET,1790065618147,1,34
warm:11,GET,1790065618147,1,20
warm:36,GET,1790065618147,1,21
warm:3,GET,1790065618147,1,24
hot:8,GET,1790065618147,1,14
warm:27,GET,1790065618147,1,29
hot:10,SET,1790065618147,1,31
cold:73,GET,1790065618160,1,16
hot:1,GET,1790065618160,1,17
cold:42,GET,1790065618160,1,16
hot:5,GET,1790065618160,1,25
hot:10,GET,1790065618160,1,31
hot:3,SET,1790065618167,1,4
hot:0,GET,1790065618175,1,32
hot:11,GET,1790065618175,1,32
hot:5,GET,1790065618175,1,25
hot:9,GET,1790065618175,1,18
warm:27,GET,1790065618175,1,29
warm:5,SET,1790065618175,1,14
cold:21,GET,1790065618186,1,21
cold:28,GET,1790065618186,1,23
warm:25,SET,1790065618186,1,25
warm:15,GET,1790065618198,1,32
hot:1,GET,1790065618198,1,17
warm:15,GET,1790065618198,1,32
warm:16,GET,1790065618198,1,15
hot:4,GET,1790065618198,1,15
hot:7,GET,1790065618198,1,29
warm:15,GET,1790065618198,1,32
cold:75,GET,1790065618198,1,31
warm:36,GET,1790065618198,1,21
cold:61,GET,1790065618198,1,18
hot:9,GET,1790065618203,1,18
cold:77,GET,1790065618203,1,8
hot:9,GET,1790065618203,1,18
hot:2,GET,1790065618203,1,7
warm:2,GET,1790065618203,1,9
hot:6,GET,1790065618203,1,35
warm:21,GET,1790065618203,1,29
warm:38,GET,1790065618203,1,17
warm:36,GET,1790065618203,1,21
hot:8,GET,1790065618203,1,14
hot:10,GET,1790065618203,1,31
warm:18,GET,1790065618203,1,18
hot:1,GET,1790065618203,1,17
cold:38,DELETE,1790065618203,1,-1
cold:38,SET,1790065618211,0,6
cold:65,GET,1790065618218,1,16
warm:3,GET,1790065618218,1,24
hot:3,SET,1790065618218,1,23
warm:8,GET,1790065618237,1,21
hot:3,GET,1790065618237,1,23
warm:8,GET,1790065618237,1,21
hot:9,GET,1790065618239,1,18
hot:3,GET,1790065618239,1,23
cold:88,GET,1790065618239,1,20
warm:27,GET,1790065618239,1,29
hot:5,GET,1790065618239,1,25
warm:12,SET,1790065618239,1,32
warm:25,GET,1790065618249,1,25
warm:3,GET,1790065618249,1,24
hot:2,GET,1790065618249,1,7
hot:3,GET,1790065618249,1,23
hot:0,GET,1790065618249,1,32
cold:4,GET,1790065618249,1,13
hot:1,GET,1790065618249,1,17
hot:6,GET,1790065618249,1,35
warm:25,EXISTS,1790065618249,1,25
hot:2,GET,1790065618249,1,7
hot:11,GET,1790065618249,1,32
cold:3,SET,1790065618249,1,30
warm:3,GET,1790065618266,1,24
warm:22,GET,1790065618266,1,16
warm:27,GET,1790065618269,1,29
warm:36,GET,1790065618269,1,21
warm:35,GET,1790065618269,1,17
hot:6,GET,1790065618269,1,35
cold:48,GET,1790065618269,1,19
hot:7,GET,1790065618269,1,29
warm:13,GET,1790065618269,1,4
warm:14,GET,1790065618269,1,8
hot:6,GET,1790065618269,1,35
hot:3,GET,1790065618269,1,23
hot:9,GET,1790065618269,1,18
hot:7,GET,1790065618269,1,29
warm:27,GET,1790065618269,1,29
hot:9,SET,1790065618269,1,9
hot:6,GET,1790065618279,1,35
warm:28,GET,1790065618279,1,12
cold:13,GET,1790065618279,1,34
cold:42,GET,1790065618279,1,16
hot:10,SET,1790065618279,1,5
hot:8,GET,1790065618289,1,14
hot:11,GET,1790065618292,1,32
hot:0,GET,1790065618292,1,32
warm:3,GET,1790065618292,1,24
warm:16,GET,1790065618292,1,15
hot:6,SET,1790065618292,1,17
warm:9,GET,1790065618301,1,32
warm:27,GET,1790065618301,1,29
warm:15,GET,1790065618301,1,32
hot:8,GET,1790065618301,1,14
warm:12,GET,1790065618301,1,32
hot:2,GET,1790065618301,1,7
hot:3,GET,1790065618301,1,23
hot:2,EXISTS,1790065618301,1,7
warm:4,GET,1790065618301,1,20
hot:6,GET,1790065618301,1,17
hot:11,GET,1790065618301,1,32
hot:0,GET,1790065618301,1,32
hot:10,GET,1790065618301,1,5
warm:2,GET,1790065618301,1,9
hot:2,SET,1790065618301,1,14
warm:0,GET,1790065618314,1,19
hot:10,GET,1790065618314,1,5
hot:2,GET,1790065618314,1,14
hot:7,GET,1790065618314,1,29
hot:6,GET,1790065618314,1,17
hot:10,GET,1790065618314,1,5
hot:7,GET,1790065618314,1,29
hot:8,GET,1790065618314,1,14
cold:39,DELETE,1790065618314,1,-1
cold:39,SET,1790065618322,0,4
hot:11,GET,1790065618332,1,32
cold:78,SET,1790065618332,1,19
warm:15,GET,1790065618344,1,32
cold:70,GET,1790065618344,1,19
warm:5,GET,1790065618344,1,14
warm:39,GET,1790065618344,1,23
hot:11,GET,1790065618344,1,32
warm:20,GET,1790065618344,1,24
cold:45,GET,1790065618344,1,31
hot:7,GET,1790065618344,1,29
cold:11,GET,1790065618344,1,8
warm:3,GET,1790065618347,1,24
hot:8,GET,1790065618347,1,14
hot:8,GET,1790065618347,1,14
hot:5,GET,1790065618347,1,25
warm:27,GET,1790065618347,1,29
hot:2,GET,1790065618347,1,14
warm:20,GET,1790065618347,1,24
hot:6,GET,1790065618347,1,17
cold:49,GET,1790065618347,1,12
warm:5,GET,1790065618347,1,14
cold:76,GET,1790065618347,1,13
warm:27,GET,1790065618347,1,29
warm:36,GET,1790065618347,1,21
cold:50,GET,1790065618347,1,34
hot:6,GET,1790065618347,1,17
hot:7,GET,1790065618347,1,29
hot:6,GET,1790065618347,1,17
warm:8,GET,1790065618347,1,21
warm:36,GET,1790065618347,1,21
warm:3,GET,1790065618347,1,24
warm:24,GET,1790065618348,1,27
hot:4,SET,1790065618348,1,10
hot:7,GET,1790065618356,1,29
hot:0,GET,1790065618356,1,32
hot:8,GET,1790065618356,1,14
warm:19,SET,1790065618356,1,23
hot:6,GET,1790065618364,1,17
warm:14,SET,1790065618364,1,26
cold:4,DELETE,1790065618379,1,-1
cold:4,SET,1790065618391,0,17
warm:3,GET,1790065618404,1,24
warm:20,GET,1790065618404,1,24
cold:55,GET,1790065618404,1,15
warm:18,GET,1790065618404,1,18
hot:0,SET,1790065618404,1,35
warm:20,GET,1790065618415,1,24
hot:1,SET,1790065618415,1,25
hot:11,GET,1790065618429,1,32
warm:28,GET,1790065618429,1,12
warm:17,GET,1790065618429,1,27
hot:11,GET,1790065618429,1,32
cold:15,GET,1790065618432,1,4
cold:76,GET,1790065618432,1,13
hot:6,GET,1790065618432,1,17
cold:36,GET,1790065618432,1,5
hot:1,GET,1790065618432,1,25
warm:22,GET,1790065618432,1,16
cold:4,GET,1790065618432,1,17
warm:14,GET,1790065618432,1,26
cold:31,EXISTS,1790065618432,1,14
warm:25,GET,1790065618432,1,25
cold:29,DELETE,1790065618432,1,-1
cold:29,SET,1790065618443,0,17
hot:1,GET,1790065618450,1,25
hot:0,GET,1790065618450,1,35
hot:11,GET,1790065618450,1,32
hot:2,GET,1790065618450,1,14
hot:2,GET,1790065618450,1,14
warm:16,GET,1790065618450,1,15
hot:0,GET,1790065618450,1,35
hot:8,GET,1790065618450,1,14
hot:10,GET,1790065618450,1,5
hot:1,GET,1790065618459,1,25
warm:25,GET,1790065618459,1,25
hot:7,GET,1790065618459,1,29
hot:9,GET,1790065618459,1,9
warm:14,GET,1790065618459,1,26
hot:7,GET,1790065618459,1,29
warm:4,GET,1790065618459,1,20
warm:39,GET,1790065618459,1,23
warm:20,GET,1790065618459,1,24
hot:10,GET,1790065618459,1,5
warm:39,GET,1790065618459,1,23
hot:5,GET,1790065618459,1,25
cold:86,GET,1790065618459,1,32
cold:25,GET,1790065618459,1,17
cold:75,GET,1790065618459,1,31
warm:20,GET,1790065618459,1,24
hot:4,GET,1790065618459,1,10
warm:36,GET,1790065618459,1,21
hot:3,GET,1790065618459,1,23
warm:8,GET,1790065618459,1,21
cold:55,GET,1790065618461,1,15
warm:12,GET,1790065618461,1,32
hot:2,GET,1790065618461,1,14
warm:20,GET,1790065618461,1,24
warm:7,GET,1790065618461,1,14
warm:28,SET,1790065618461,1,33
hot:1,GET,1790065618469,1,25
hot:9,GET,1790065618469,1,9
warm:25,GET,1790065618469,1,25
cold:88,SET,1790065618469,1,25
hot:0,GET,1790065618479,1,35
warm:27,GET,1790065618479,1,29
warm:27,GET,1790065618479,1,29
warm:8,GET,1790065618479,1,21
hot:6,GET,1790065618479,1,17
warm:13,GET,1790065618479,1,4
warm:29,GET,1790065618479,1,4
warm:15,GET,1790065618479,1,32
hot:0,GET,1790065618479,1,35
warm:8,GET,1790065618479,1,21
hot:0,GET,1790065618485,1,35
warm:27,GET,1790065618485,1,29
warm:8,GET,1790065618485,1,21
hot:7,GET,1790065618485,1,29
hot:10,GET,1790065618485,1,5
hot:2,GET,1790065618485,1,14
hot:9,GET,1790065618485,1,9
hot:11,GET,1790065618485,1,32
hot:6,GET,1790065618485,1,17
hot:10,GET,1790065618485,1,5
warm:27,GET,1790065618485,1,29
warm:25,GET,1790065618485,1,25
hot:9,GET,1790065618485,1,9
warm:7,SET,1790065618485,1,33
hot:2,GET,1790065618493,1,14
hot:4,SET,1790065618493,1,23
hot:2,GET,1790065618506,1,14
hot:3,GET,1790065618506,1,23
warm:11,GET,1790065618506,1,20
hot:9,GET,1790065618506,1,9
hot:0,GET,1790065618509,1,35
hot:8,GET,1790065618509,1,14
hot:11,GET,1790065618509,1,32
warm:8,GET,1790065618509,1,21
warm:26,GET,1790065618509,1,11
warm:28,GET,1790065618509,1,33
warm:6,GET,1790065618509,1,29
hot:2,GET,1790065618509,1,14
warm:8,SET,1790065618509,1,35
hot:2,GET,1790065618522,1,14
warm:36,GET,1790065618522,1,21
warm:3,GET,1790065618522,1,24
cold:22,SET,1790065618522,1,31
hot:10,GET,1790065618534,1,5
hot:1,GET,1790065618534,1,25
cold:12,DELETE,1790065618534,1,-1
cold:12,SET,1790065618546,0,14
hot:7,GET,1790065618557,1,29
warm:36,GET,1790065618557,1,21
hot:10,GET,1790065618557,1,5
warm:8,SET,1790065618557,1,19
hot:10,GET,1790065618572,1,5
warm:25,GET,1790065618572,1,25
hot:3,GET,1790065618572,1,23
warm:30,GET,1790065618572,1,12
hot:1,GET,1790065618572,1,25
warm:35,GET,1790065618572,1,17
hot:5,GET,1790065618572,1,25
cold:26,GET,1790065618572,1,6
hot:6,SET,1790065618572,1,19
warm:8,GET,1790065618578,1,19
cold:45,GET,1790065618578,1,31
warm:27,SET,1790065618578,1,10
warm:11,GET,1790065618595,1,20
hot:7,GET,1790065618595,1,29
hot:5,GET,1790065618595,1,25
hot:10,GET,1790065618595,1,5
warm:36,GET,1790065618595,1,21
warm:6,GET,1790065618595,1,29
hot:3,GET,1790065618595,1,23
hot:3,GET,1790065618595,1,23
hot:11,GET,1790065618596,1,32
hot:7,GET,1790065618596,1,29
hot:8,GET,1790065618596,1,14
warm:23,GET,1790065618596,1,34
hot:8,GET,1790065618596,1,14
warm:34,GET,1790065618596,1,34
warm:25,GET,1790065618596,1,25
warm:25,GET,1790065618596,1,25
warm:36,GET,1790065618596,1,21
warm:13,GET,1790065618596,1,4
hot:2,GET,1790065618596,1,14
hot:10,GET,1790065618596,1,5
hot:0,GET,1790065618596,1,35
hot:11,GET,1790065618596,1,32
hot:4,GET,1790065618596,1,23
warm:7,GET,1790065618596,1,33
warm:20,GET,1790065618596,1,24
warm:20,GET,1790065618596,1,24
hot:3,GET,1790065618596,1,23
warm:12,GET,1790065618596,1,32
warm:2,GET,1790065618597,1,9
warm:36,GET,1790065618597,1,21
warm:36,SET,1790065618597,1,14
hot:0,GET,1790065618611,1,35
hot:4,GET,1790065618611,1,23
cold:31,GET,1790065618611,1,14
hot:9,GET,1790065618611,1,9
hot:4,GET,1790065618611,1,23
hot:2,GET,1790065618611,1,14
warm:20,GET,1790065618611,1,24
hot:5,GET,1790065618611,1,25
hot:2,GET,1790065618611,1,14
hot:11,SET,1790065618611,1,31
hot:10,GET,1790065618627,1,5
hot:1,EXISTS,1790065618627,1,25
hot:9,GET,1790065618627,1,9
cold:78,GET,1790065618627,1,19
hot:4,GET,1790065618627,1,23
hot:1,GET,1790065618627,1,25
hot:2,GET,1790065618627,1,14
hot:0,GET,1790065618629,1,35
cold:87,SET,1790065618629,1,13
warm:38,SET,1790065618638,1,19
hot:8,GET,1790065618645,1,14
warm:25,GET,1790065618645,1,25
hot:3,GET,1790065618645,1,23
hot:5,GET,1790065618645,1,25
warm:32,GET,1790065618645,1,23
hot:4,GET,1790065618645,1,23
warm:31,GET,1790065618645,1,16
hot:0,GET,1790065618645,1,35
cold:20,GET,1790065618645,1,7
hot:4,GET,1790065618645,1,23
warm:3,GET,1790065618645,1,24
hot:7,GET,1790065618645,1,29
hot:10,GET,1790065618645,1,5
warm:36,SET,1790065618645,1,5
cold:3,GET,1790065618664,1,30
warm:9,GET,1790065618664,1,32
warm:25,GET,1790065618664,1,25
warm:25,GET,1790065618666,1,25
cold:76,GET,1790065618666,1,13
hot:0,GET,1790065618666,1,35
hot:5,GET,1790065618666,1,25
hot:5,GET,1790065618666,1,25
cold:45,GET,1790065618666,1,31
hot:2,GET,1790065618666,1,14
hot:2,GET,1790065618666,1,14
cold:76,GET,1790065618666,1,13
hot:7,GET,1790065618666,1,29
hot:2,GET,1790065618666,1,14
warm:27,GET,1790065618666,1,10
hot:5,GET,1790065618666,1,25
hot:1,GET,1790065618666,1,25
hot:6,GET,1790065618666,1,19
warm:27,GET,1790065618666,1,10
warm:0,GET,1790065618666,1,19
warm:27,GET,1790065618666,1,10
hot:8,GET,1790065618666,1,14
warm:3,GET,1790065618666,1,24
warm:25,GET,1790065618667,1,25
warm:19,GET,1790065618667,1,23
hot:1,GET,1790065618667,1,25
hot:2,GET,1790065618667,1,14
warm:6,GET,1790065618667,1,29
warm:9,GET,1790065618667,1,32
cold:34,DELETE,1790065618667,1,-1
cold:34,SET,1790065618675,0,19
warm:8,GET,1790065618683,1,19
warm:36,SET,1790065618683,1,33
hot:7,GET,1790065618699,1,29
warm:36,GET,1790065618699,1,33
hot:8,GET,1790065618699,1,14
warm:27,GET,1790065618699,1,10
warm:27,GET,1790065618699,1,10
warm:8,SET,1790065618699,1,13
warm:7,GET,1790065618699,1,33
hot:2,GET,1790065618699,1,14
cold:66,GET,1790065618699,1,19
warm:8,GET,1790065618699,1,13
cold:46,GET,1790065618699,1,30
warm:27,SET,1790065618712,1,22
warm:25,GET,1790065618717,1,25
hot:0,GET,1790065618717,1,35
warm:27,GET,1790065618717,1,22
hot:3,GET,1790065618717,1,23
hot:7,GET,1790065618717,1,29
warm:27,GET,1790065618717,1,22
warm:4,GET,1790065618717,1,20
warm:27,GET,1790065618717,1,22
warm:33,GET,1790065618717,1,16
warm:35,GET,1790065618717,1,17
hot:0,GET,1790065618717,1,35
hot:4,GET,1790065618717,1,23
hot:7,GET,1790065618717,1,29
hot:8,GET,1790065618717,1,14
hot:5,GET,1790065618717,1,25
cold:30,EXISTS,1790065618717,1,10
hot:5,GET,1790065618717,1,25
hot:8,GET,1790065618717,1,14
warm:27,SET,1790065618717,1,17
hot:8,GET,1790065618735,1,14
hot:7,GET,1790065618735,1,29
hot:2,GET,1790065618735,1,14
hot:9,GET,1790065618735,1,9
hot:8,GET,1790065618735,1,14
warm:20,GET,1790065618735,1,24
hot:8,GET,1790065618735,1,14
warm:17,GET,1790065618735,1,27
hot:9,GET,1790065618735,1,9
hot:0,GET,1790065618735,1,35
warm:36,GET,1790065618735,1,33
warm:27,GET,1790065618735,1,17
cold:45,GET,1790065618735,1,31
cold:85,GET,1790065618735,1,17
hot:11,GET,1790065618735,1,31
warm:8,GET,1790065618735,1,13
warm:25,GET,1790065618735,1,25
hot:4,GET,1790065618735,1,23
hot:6,GET,1790065618735,1,19
hot:0,GET,1790065618735,1,35
warm:8,SET,1790065618736,1,32
hot:8,GET,1790065618744,1,14
warm:1,GET,1790065618744,1,4
cold:40,GET,1790065618744,1,25
cold:84,DELETE,1790065618744,1,-1
cold:84,SET,1790065618754,0,12
cold:65,GET,1790065618754,1,16
hot:10,GET,1790065618754,1,5
warm:25,GET,1790065618754,1,25
warm:19,GET,1790065618754,1,23
warm:1,GET,1790065618754,1,4
hot:1,SET,1790065618754,1,34
hot:6,GET,1790065618768,1,19
hot:8,GET,1790065618768,1,14
cold:12,GET,1790065618768,1,14
hot:4,GET,1790065618768,1,23
warm:32,GET,1790065618768,1,23
warm:11,GET,1790065618768,1,20
warm:26,GET,1790065618768,1,11
warm:21,GET,1790065618768,1,29
warm:2,GET,1790065618768,1,9
hot:4,GET,1790065618779,1,23
warm:25,GET,1790065618779,1,25
hot:0,GET,1790065618779,1,35
hot:2,GET,1790065618779,1,14
warm:27,GET,1790065618779,1,17
cold:85,GET,1790065618779,1,17
warm:3,GET,1790065618779,1,24
hot:2,GET,1790065618779,1,14
warm:23,GET,1790065618779,1,34
warm:3,GET,1790065618779,1,24
cold:1,SET,1790065618779,1,10
warm:36,GET,1790065618786,1,33
warm:25,GET,1790065618786,1,25
hot:5,SET,1790065618786,1,13
hot:11,GET,1790065618799,1,31
warm:36,GET,1790065618799,1,33
hot:6,GET,1790065618799,1,19
warm:27,GET,1790065618799,1,17
hot:9,GET,1790065618799,1,9
warm:21,SET,1790065618799,1,25
cold:28,GET,1790065618816,1,23
hot:0,GET,1790065618816,1,35
hot:10,GET,1790065618816,1,5
hot:8,GET,1790065618816,1,14
warm:24,GET,1790065618816,1,27
hot:11,GET,1790065618816,1,31
cold:30,GET,1790065618816,1,10
hot:11,GET,1790065618816,1,31
warm:33,GET,1790065618816,1,16
warm:27,GET,1790065618816,1,17
warm:8,GET,1790065618816,1,32
warm:20,GET,1790065618816,1,24
hot:6,GET,1790065618816,1,19
cold:63,GET,1790065618816,1,21
cold:6,DELETE,1790065618816,1,-1
cold:6,SET,1790065618824,0,12
hot:1,GET,1790065618832,1,34
warm:36,GET,1790065618832,1,33
warm:0,GET,1790065618832,1,19
hot:6,GET,1790065618832,1,19
cold:6,GET,1790065618832,1,12
warm:24,SET,1790065618838,1,21
cold:44,GET,1790065618842,1,12
hot:7,GET,1790065618842,1,29
cold:1,GET,1790065618842,1,10
warm:33,GET,1790065618842,1,16
warm:17,GET,1790065618842,1,27
warm:37,SET,1790065618842,1,24
hot:4,GET,1790065618854,1,23
cold:48,SET,1790065618854,1,6
cold:81,GET,1790065618870,1,9
cold:58,GET,1790065618870,1,9
hot:2,GET,1790065618870,1,14
cold:87,GET,1790065618870,1,13
hot:5,GET,1790065618870,1,13
cold:27,GET,1790065618870,1,12
cold:55,GET,1790065618870,1,15
warm:36,GET,1790065618870,1,33
cold:81,GET,1790065618870,1,9
warm:3,GET,1790065618870,1,24
warm:17,GET,1790065618870,1,27
hot:4,GET,1790065618881,1,23
warm:11,GET,1790065618881,1,20
warm:36,GET,1790065618881,1,33
cold:60,GET,1790065618881,1,5
warm:25,GET,1790065618881,1,25
warm:7,GET,1790065618881,1,33
hot:0,GET,1790065618881,1,35
cold:58,GET,1790065618881,1,9
hot:2,GET,1790065618881,1,14
hot:0,GET,1790065618881,1,35
hot:10,GET,1790065618881,1,5
cold:78,GET,1790065618881,1,19
warm:36,GET,1790065618881,1,33
hot:7,GET,1790065618881,1,29
hot:11,GET,1790065618881,1,31
warm:20,GET,1790065618881,1,24
warm:20,SET,1790065618881,1,18
hot:3,GET,1790065618888,1,23
warm:3,EXISTS,1790065618888,1,24
hot:2,GET,1790065618888,1,14
warm:27,GET,1790065618893,1,17
warm:4,GET,1790065618893,1,20
hot:5,GET,1790065618893,1,13
cold:15,GET,1790065618893,1,4
hot:4,GET,1790065618893,1,23
warm:20,GET,1790065618893,1,18
warm:36,GET,1790065618893,1,33
hot:7,GET,1790065618893,1,29
warm:25,GET,1790065618893,1,25
cold:46,GET,1790065618893,1,30
hot:9,GET,1790065618893,1,9
warm:27,GET,1790065618893,1,17
warm:8,GET,1790065618893,1,32
cold:10,GET,1790065618893,1,10
warm:3,GET,1790065618893,1,24
hot:1,GET,1790065618893,1,34
warm:27,GET,1790065618893,1,17
warm:9,GET,1790065618893,1,32
warm:3,SET,1790065618893,1,35
hot:1,GET,1790065618901,1,34
hot:3,GET,1790065618904,1,23
hot:2,GET,1790065618904,1,14
hot:8,GET,1790065618904,1,14
hot:10,GET,1790065618904,1,5
hot:11,GET,1790065618904,1,31
warm:8,GET,1790065618904,1,32
warm:30,GET,1790065618904,1,12
warm:27,GET,1790065618904,1,17
warm:36,GET,1790065618904,1,33
warm:27,GET,1790065618904,1,17
warm:27,GET,1790065618904,1,17
warm:36,GET,1790065618904,1,33
hot:6,GET,1790065618904,1,19
warm:1,GET,1790065618904,1,4
cold:71,GET,1790065618904,1,11
hot:11,GET,1790065618904,1,31
warm:27,GET,1790065618904,1,17
warm:8,GET,1790065618904,1,32
hot:8,GET,1790065618904,1,14
warm:36,GET,1790065618904,1,33
warm:9,GET,1790065618905,1,32
warm:15,GET,1790065618905,1,32
hot:5,GET,1790065618905,1,13
hot:1,GET,1790065618905,1,34
cold:42,DELETE,1790065618905,1,-1
cold:42,SET,1790065618913,0,4
cold:21,SET,1790065618926,1,18
warm:25,GET,1790065618943,1,25
warm:26,GET,1790065618943,1,11
cold:26,DELETE,1790065618943,1,-1
cold:26,SET,1790065618957,0,7
warm:8,GET,1790065618972,1,32
hot:0,GET,1790065618972,1,35
warm:8,GET,1790065618972,1,32
warm:27,GET,1790065618972,1,17
warm:15,GET,1790065618972,1,32
warm:5,GET,1790065618972,1,14
cold:54,DELETE,1790065618972,1,-1
cold:54,SET,1790065618984,0,10
hot:10,GET,1790065618999,1,5
warm:27,GET,1790065618999,1,17
hot:8,GET,1790065618999,1,14
hot:3,GET,1790065618999,1,23
warm:27,GET,1790065619003,1,17
hot:6,GET,1790065619003,1,19
warm:25,GET,1790065619003,1,25
hot:3,SET,1790065619003,1,18
hot:10,GET,1790065619015,1,5
warm:20,GET,1790065619015,1,18
hot:8,GET,1790065619015,1,14
hot:0,GET,1790065619015,1,35
warm:3,GET,1790065619015,1,35
hot:0,GET,1790065619015,1,35
warm:27,GET,1790065619015,1,17
hot:9,GET,1790065619015,1,9
warm:32,GET,1790065619015,1,23
warm:27,GET,1790065619015,1,17
hot:6,GET,1790065619015,1,19
hot:5,SET,1790065619015,1,29
warm:24,SET,1790065619032,1,4
warm:20,GET,1790065619044,1,18
hot:2,GET,1790065619044,1,14
warm:14,GET,1790065619044,1,26
cold:67,GET,1790065619046,1,16
hot:0,GET,1790065619046,1,35
hot:3,GET,1790065619046,1,18
warm:8,GET,1790065619046,1,32
warm:20,GET,1790065619046,1,18
warm:14,SET,1790065619046,1,4
warm:3,GET,1790065619062,1,35
warm:20,GET,1790065619062,1,18
warm:3,GET,1790065619062,1,35
warm:23,GET,1790065619062,1,34
hot:7,GET,1790065619062,1,29
warm:8,GET,1790065619062,1,32
hot:4,GET,1790065619062,1,23
warm:36,GET,1790065619062,1,33
hot:1,GET,1790065619062,1,34
cold:47,GET,1790065619062,1,34
warm:3,GET,1790065619062,1,35
warm:0,GET,1790065619062,1,19
warm:20,GET,1790065619062,1,18
warm:20,GET,1790065619062,1,18
cold:9,GET,1790065619063,1,18
warm:36,GET,1790065619063,1,33
warm:20,GET,1790065619063,1,18
cold:87,GET,1790065619063,1,13
hot:7,GET,1790065619063,1,29
warm:13,GET,1790065619063,1,4
cold:65,GET,1790065619063,1,16
cold:80,GET,1790065619063,1,31
warm:8,GET,1790065619063,1,32
hot:2,GET,1790065619063,1,14
warm:4,GET,1790065619063,1,20
hot:4,GET,1790065619063,1,23
warm:35,GET,1790065619063,1,17
warm:36,GET,1790065619063,1,33
warm:24,GET,1790065619063,1,4
warm:8,GET,1790065619063,1,32
cold:46,GET,1790065619063,1,30
cold:43,GET,1790065619063,1,14
warm:20,GET,1790065619063,1,18
hot:4,GET,1790065619063,1,23
warm:10,GET,1790065619064,1,17
warm:35,SET,1790065619064,1,31
hot:10,GET,1790065619074,1,5
hot:5,GET,1790065619074,1,29
warm:10,GET,1790065619074,1,17
warm:27,GET,1790065619074,1,17
cold:12,GET,1790065619074,1,14
warm:2,GET,1790065619074,1,9
cold:6,GET,1790065619074,1,12
cold:54,GET,1790065619074,1,10
warm:25,GET,1790065619074,1,25
warm:3,GET,1790065619074,1,35
hot:3,GET,1790065619074,1,18
hot:11,GET,1790065619074,1,31
warm:25,GET,1790065619074,1,25
warm:8,EXISTS,1790065619074,1,32
hot:5,GET,1790065619074,1,29
cold:11,GET,1790065619074,1,8
warm:3,GET,1790065619074,1,35
cold:29,GET,1790065619074,1,17
warm:10,GET,1790065619077,1,17
cold:76,GET,1790065619077,1,13
cold:50,GET,1790065619077,1,34
warm:20,GET,1790065619077,1,18
warm:28,GET,1790065619077,1,33
warm:3,GET,1790065619077,1,35
hot:3,GET,1790065619077,1,18
hot:7,GET,1790065619077,1,29
hot:10,GET,1790065619077,1,5
cold:11,GET,1790065619077,1,8
hot:10,GET,1790065619077,1,5
cold:89,GET,1790065619077,1,15
hot:5,GET,1790065619077,1,29
hot:9,SET,1790065619077,1,14
hot:5,GET,1790065619092,1,29
warm:3,GET,1790065619092,1,35
warm:3,GET,1790065619092,1,35
cold:42,DELETE,1790065619092,1,-1
cold:42,SET,1790065619101,0,17
warm:34,GET,1790065619117,1,34
hot:8,GET,1790065619117,1,14
warm:17,GET,1790065619119,1,27
cold:12,GET,1790065619119,1,14
warm:3,GET,1790065619119,1,35
hot:2,GET,1790065619119,1,14
warm:34,GET,1790065619119,1,34
warm:36,GET,1790065619119,1,33
hot:0,GET,1790065619119,1,35
warm:8,GET,1790065619119,1,32
hot:7,GET,1790065619119,1,29
hot:3,GET,1790065619119,1,18
hot:0,GET,1790065619119,1,35
cold:23,GET,1790065619119,1,16
warm:22,GET,1790065619119,1,16
warm:2,GET,1790065619119,1,9
warm:8,GET,1790065619119,1,32
hot:0,GET,1790065619119,1,35
hot:11,GET,1790065619119,1,31
warm:39,GET,1790065619119,1,23
hot:10,GET,1790065619119,1,5
cold:45,GET,1790065619119,1,31
hot:1,SET,1790065619121,1,33
warm:7,GET,1790065619129,1,33
warm:8,GET,1790065619129,1,32
hot:2,GET,1790065619129,1,14
hot:10,GET,1790065619129,1,5
warm:25,GET,1790065619129,1,25
cold:60,EXISTS,1790065619129,1,5
warm:36,GET,1790065619129,1,33
warm:27,SET,1790065619129,1,5
warm:3,GET,1790065619143,1,35
warm:25,GET,1790065619143,1,25
hot:7,GET,1790065619143,1,29
warm:20,GET,1790065619143,1,18
hot:3,GET,1790065619143,1,18
warm:8,GET,1790065619143,1,32
hot:0,GET,1790065619143,1,35
warm:37,GET,1790065619143,1,24
warm:27,GET,1790065619143,1,5
warm:25,GET,1790065619143,1,25
warm:3,GET,1790065619143,1,35
warm:24,GET,1790065619144,1,4
warm:10,GET,1790065619144,1,17
cold:37,GET,1790065619144,1,10
warm:8,GET,1790065619144,1,32
hot:0,GET,1790065619144,1,35
cold:69,DELETE,1790065619144,1,-1
cold:69,SET,1790065619154,0,7
warm:25,GET,1790065619162,1,25
warm:20,GET,1790065619162,1,18
hot:6,GET,1790065619162,1,19
warm:25,SET,1790065619162,1,16
warm:12,GET,1790065619178,1,32
hot:2,GET,1790065619178,1,14
hot:3,GET,1790065619178,1,18
warm:21,SET,1790065619178,1,24
hot:6,GET,1790065619178,1,19
hot:4,GET,1790065619178,1,23
warm:25,GET,1790065619178,1,16
hot:5,GET,1790065619178,1,29
hot:4,GET,1790065619178,1,23
hot:5,GET,1790065619178,1,29
warm:22,GET,1790065619190,1,16
hot:8,GET,1790065619190,1,14
cold:53,EXISTS,1790065619190,1,18
warm:27,GET,1790065619190,1,5
warm:27,GET,1790065619190,1,5
hot:6,GET,1790065619190,1,19
warm:25,GET,1790065619190,1,16
cold:53,GET,1790065619190,1,18
warm:6,EXISTS,1790065619190,1,29
warm:26,GET,1790065619190,1,11
warm:25,GET,1790065619190,1,16
hot:5,SET,1790065619190,1,13
warm:27,GET,1790065619200,1,5
warm:27,GET,1790065619200,1,5
warm:25,GET,1790065619200,1,16
hot:1,GET,1790065619200,1,33
warm:13,GET,1790065619200,1,4
cold:72,GET,1790065619200,1,16
hot:6,GET,1790065619200,1,19
hot:11,SET,1790065619200,1,31
warm:27,GET,1790065619214,1,5
hot:5,GET,1790065619214,1,13
hot:7,SET,1790065619214,1,8
warm:12,GET,1790065619224,1,32
hot:5,GET,1790065619224,1,13
hot:2,GET,1790065619224,1,14
hot:2,GET,1790065619224,1,14
hot:0,GET,1790065619224,1,35
hot:0,GET,1790065619224,1,35
warm:8,GET,1790065619224,1,32
cold:26,GET,1790065619224,1,7
cold:18,GET,1790065619224,1,13
hot:2,SET,1790065619224,1,16
warm:3,GET,1790065619235,1,35
cold:75,GET,1790065619235,1,31
hot:3,GET,1790065619235,1,18
hot:4,GET,1790065619235,1,23
warm:6,GET,1790065619235,1,29
warm:13,SET,1790065619235,1,32
cold:79,GET,1790065619248,1,10
hot:6,GET,1790065619250,1,19
warm:8,GET,1790065619250,1,32
warm:25,GET,1790065619250,1,16
hot:6,GET,1790065619250,1,19
warm:4,GET,1790065619250,1,20
warm:20,GET,1790065619250,1,18
hot:0,GET,1790065619250,1,35
hot:11,GET,1790065619250,1,31
hot:7,SET,1790065619250,1,23
warm:25,GET,1790065619264,1,16
hot:11,GET,1790065619264,1,31
hot:7,SET,1790065619264,1,22
hot:4,GET,1790065619269,1,23
hot:2,GET,1790065619269,1,16
warm:20,GET,1790065619269,1,18
warm:1,GET,1790065619269,1,4
warm:3,GET,1790065619269,1,35
hot:5,GET,1790065619269,1,13
warm:20,GET,1790065619269,1,18
hot:9,GET,1790065619269,1,14
cold:70,GET,1790065619277,1,19
hot:3,GET,1790065619277,1,18
warm:25,GET,1790065619277,1,16
hot:5,GET,1790065619277,1,13
warm:20,GET,1790065619277,1,18
hot:1,GET,1790065619277,1,33
hot:5,SET,1790065619277,1,29
hot:11,GET,1790065619285,1,31
cold:51,GET,1790065619285,1,26
hot:11,SET,1790065619285,1,28
hot:2,GET,1790065619298,1,16
warm:19,GET,1790065619298,1,23
cold:59,SET,1790065619298,1,23
cold:63,GET,1790065619308,1,21
hot:6,GET,1790065619308,1,19
warm:36,GET,1790065619308,1,33
warm:27,GET,1790065619308,1,5
hot:8,SET,1790065619308,1,33
hot:6,GET,1790065619320,1,19
warm:24,GET,1790065619320,1,4
cold:0,GET,1790065619323,1,35
hot:5,GET,1790065619323,1,29
cold:33,DELETE,1790065619323,1,-1
cold:33,SET,1790065619333,0,18
cold:7,GET,1790065619345,1,20
warm:20,SET,1790065619345,1,18
warm:36,GET,1790065619355,1,33
warm:4,GET,1790065619355,1,20
hot:4,GET,1790065619355,1,23
warm:8,GET,1790065619355,1,32
hot:10,GET,1790065619355,1,5
warm:8,GET,1790065619355,1,32
warm:27,GET,1790065619355,1,5
warm:8,GET,1790065619355,1,32
hot:1,GET,1790065619355,1,33
hot:9,GET,1790065619355,1,14
warm:25,GET,1790065619355,1,16
hot:1,GET,1790065619355,1,33
warm:27,GET,1790065619355,1,5
hot:10,GET,1790065619355,1,5
warm:3,GET,1790065619355,1,35
hot:9,GET,1790065619358,1,14
hot:6,EXISTS,1790065619358,1,19
warm:12,GET,1790065619358,1,32
cold:67,GET,1790065619358,1,16
hot:5,GET,1790065619358,1,29
warm:20,EXISTS,1790065619358,1,18
warm:25,GET,1790065619358,1,16
hot:4,SET,1790065619358,1,13
cold:82,GET,1790065619369,1,9
warm:20,GET,1790065619369,1,18
hot:2,GET,1790065619369,1,16
hot:7,SET,1790065619369,1,11
warm:8,GET,1790065619380,1,32
warm:25,GET,1790065619380,1,16
warm:3,SET,1790065619380,1,10
hot:11,GET,1790065619390,1,28
warm:21,GET,1790065619390,1,24
hot:1,GET,1790065619390,1,33
cold:85,GET,1790065619390,1,17
warm:20,GET,1790065619390,1,18
hot:9,GET,1790065619393,1,14
warm:25,SET,1790065619393,1,26
warm:36,GET,1790065619401,1,33
hot:1,GET,1790065619401,1,33
hot:9,GET,1790065619401,1,14
hot:7,GET,1790065619401,1,11
warm:8,EXISTS,1790065619401,1,32
warm:30,SET,1790065619401,1,29
hot:9,GET,1790065619413,1,14
hot:11,GET,1790065619413,1,28
hot:4,GET,1790065619413,1,13
warm:25,GET,1790065619413,1,26
warm:27,GET,1790065619413,1,5
warm:36,GET,1790065619413,1,33
hot:7,SET,1790065619413,1,14
hot:5,GET,1790065619424,1,29
hot:9,GET,1790065619425,1,14
hot:8,GET,1790065619425,1,33
warm:2,GET,1790065619425,1,9
hot:8,GET,1790065619425,1,33
hot:10,GET,1790065619426,1,5
warm:8,GET,1790065619426,1,32
hot:8,GET,1790065619426,1,33
warm:27,GET,1790065619426,1,5
hot:3,GET,1790065619426,1,18
hot:3,GET,1790065619426,1,18
warm:6,GET,1790065619426,1,29
hot:7,GET,1790065619426,1,14
hot:11,GET,1790065619426,1,28
warm:2,GET,1790065619426,1,9
hot:4,GET,1790065619426,1,13
warm:20,GET,1790065619426,1,18
warm:18,GET,1790065619426,1,18
warm:0,GET,1790065619426,1,19
hot:8,GET,1790065619426,1,33
warm:36,SET,1790065619426,1,20
warm:36,GET,1790065619436,1,20
hot:0,GET,1790065619436,1,35
hot:2,GET,1790065619436,1,16
warm:15,SET,1790065619436,1,12
warm:25,GET,1790065619448,1,26
warm:27,GET,1790065619448,1,5
warm:27,GET,1790065619448,1,5
warm:2,GET,1790065619448,1,9
hot:0,GET,1790065619448,1,35
warm:20,GET,1790065619448,1,18
warm:20,GET,1790065619448,1,18
warm:3,GET,1790065619448,1,10
warm:36,SET,1790065619448,1,23
warm:29,GET,1790065619456,1,4
warm:33,GET,1790065619456,1,16
hot:10,GET,1790065619456,1,5
hot:0,GET,1790065619456,1,35
warm:4,GET,1790065619456,1,20
warm:36,GET,1790065619456,1,23
cold:31,DELETE,1790065619456,1,-1
cold:31,SET,1790065619467,0,14
warm:27,GET,1790065619479,1,5
warm:25,GET,1790065619479,1,26
hot:9,GET,1790065619479,1,14
warm:33,GET,1790065619479,1,16
warm:27,GET,1790065619480,1,5
warm:25,GET,1790065619480,1,26
cold:10,GET,1790065619480,1,10
hot:1,GET,1790065619480,1,33
warm:25,GET,1790065619480,1,26
hot:10,GET,1790065619480,1,5
warm:39,GET,1790065619480,1,23
cold:51,GET,1790065619480,1,26
warm:34,GET,1790065619480,1,34
warm:8,GET,1790065619480,1,32
warm:36,GET,1790065619480,1,23
cold:58,GET,1790065619480,1,9
warm:8,GET,1790065619480,1,32
hot:10,GET,1790065619480,1,5
warm:33,GET,1790065619480,1,16
warm:20,GET,1790065619480,1,18
hot:2,GET,1790065619480,1,16
hot:0,GET,1790065619480,1,35
warm:6,GET,1790065619480,1,29
hot:5,GET,1790065619480,1,29
cold:29,GET,1790065619481,1,17
hot:3,GET,1790065619481,1,18
warm:27,GET,1790065619481,1,5
cold:45,GET,1790065619481,1,31
hot:10,SET,1790065619481,1,31
hot:1,GET,1790065619489,1,33
warm:25,GET,1790065619489,1,26
cold:36,GET,1790065619489,1,5
hot:9,GET,1790065619489,1,14
warm:20,GET,1790065619489,1,18
hot:1,GET,1790065619489,1,33
warm:3,GET,1790065619489,1,10
warm:33,GET,1790065619489,1,16
hot:3,GET,1790065619489,1,18
cold:83,GET,1790065619489,1,17
hot:1,GET,1790065619489,1,33
hot:5,GET,1790065619489,1,29
hot:11,GET,1790065619489,1,28
warm:27,GET,1790065619489,1,5
hot:11,GET,1790065619489,1,28
hot:8,SET,1790065619493,1,17
warm:36,GET,1790065619503,1,23
hot:2,GET,1790065619503,1,16
hot:0,GET,1790065619503,1,35
hot:6,SET,1790065619503,1,31
warm:1,GET,1790065619515,1,4
warm:8,GET,1790065619515,1,32
warm:37,SET,1790065619515,1,5
warm:25,GET,1790065619526,1,26
hot:2,GET,1790065619526,1,16
hot:8,GET,1790065619526,1,17
warm:25,GET,1790065619526,1,26
hot:4,EXISTS,1790065619526,1,13
warm:19,GET,1790065619526,1,23
cold:56,DELETE,1790065619526,1,-1
cold:56,SET,1790065619538,0,7
warm:8,GET,1790065619550,1,32
warm:26,GET,1790065619550,1,11
cold:22,GET,1790065619550,1,31
warm:23,GET,1790065619550,1,34
warm:8,GET,1790065619550,1,32
cold:38,DELETE,1790065619552,1,-1
cold:38,SET,1790065619561,0,8
warm:20,GET,1790065619575,1,18
warm:27,GET,1790065619575,1,5
hot:3,GET,1790065619575,1,18
warm:3,GET,1790065619575,1,10
warm:8,GET,1790065619575,1,32
hot:5,GET,1790065619575,1,29
warm:20,GET,1790065619575,1,18
hot:11,GET,1790065619575,1,28
hot:3,SET,1790065619575,1,19
warm:3,GET,1790065619586,1,10
warm:3,GET,1790065619586,1,10
warm:3,GET,1790065619586,1,10
hot:2,SET,1790065619586,1,7
hot:0,GET,1790065619600,1,35
cold:78,SET,1790065619600,1,5
warm:8,GET,1790065619617,1,32
hot:7,GET,1790065619617,1,14
hot:0,GET,1790065619617,1,35
warm:27,GET,1790065619617,1,5
warm:28,GET,1790065619619,1,33
warm:34,GET,1790065619619,1,34
warm:3,GET,1790065619619,1,10
hot:9,GET,1790065619619,1,14
warm:20,GET,1790065619619,1,18
warm:15,GET,1790065619619,1,12
warm:36,GET,1790065619619,1,23
warm:36,GET,1790065619619,1,23
hot:8,GET,1790065619619,1,17
hot:2,GET,1790065619619,1,7
hot:9,GET,1790065619619,1,14
hot:2,GET,1790065619619,1,7
warm:20,GET,1790065619619,1,18
hot:5,GET,1790065619619,1,29
cold:25,GET,1790065619619,1,17
warm:10,GET,1790065619619,1,17
hot:10,GET,1790065619619,1,31
hot:11,GET,1790065619619,1,28
warm:36,GET,1790065619619,1,23
hot:8,GET,1790065619619,1,17
hot:9,GET,1790065619620,1,14
cold:38,GET,1790065619620,1,8
cold:18,SET,1790065619620,1,5
cold:87,GET,1790065619634,1,13
warm:17,GET,1790065619634,1,27
hot:8,SET,1790065619634,1,9
hot:8,GET,1790065619647,1,9
warm:27,GET,1790065619647,1,5
warm:3,GET,1790065619647,1,10
warm:11,GET,1790065619647,1,20
warm:3,GET,1790065619647,1,10
hot:7,GET,1790065619647,1,14
warm:8,GET,1790065619647,1,32
warm:8,GET,1790065619647,1,32
hot:8,GET,1790065619647,1,9
hot:1,GET,1790065619647,1,33
warm:27,GET,1790065619647,1,5
warm:33,GET,1790065619647,1,16
warm:27,GET,1790065619647,1,5
warm:35,GET,1790065619647,1,31
warm:25,GET,1790065619649,1,26
hot:5,GET,1790065619649,1,29
hot:0,SET,1790065619649,1,28
warm:27,SET,1790065619665,1,13
cold:67,GET,1790065619672,1,16
cold:35,GET,1790065619672,1,20
hot:9,GET,1790065619672,1,14
hot:11,GET,1790065619672,1,28
hot:4,GET,1790065619672,1,13
cold:77,GET,1790065619672,1,8
warm:32,GET,1790065619672,1,23
warm:18,SET,1790065619672,1,24
hot:2,SET,1790065619686,1,9
warm:27,GET,1790065619696,1,13
cold:29,DELETE,1790065619696,1,-1
cold:29,SET,1790065619710,0,9
hot:1,GET,1790065619719,1,33
hot:4,GET,1790065619719,1,13
hot:3,GET,1790065619719,1,19
hot:7,SET,1790065619719,1,15
warm:39,GET,1790065619733,1,23
warm:25,GET,1790065619736,1,26
hot:0,GET,1790065619736,1,28
warm:36,GET,1790065619736,1,23
warm:23,SET,1790065619736,1,12
hot:8,SET,1790065619749,1,18
warm:27,GET,1790065619760,1,13
warm:8,SET,1790065619760,1,34
cold:4,GET,1790065619776,1,17
cold:17,GET,1790065619776,1,15
warm:36,GET,1790065619776,1,23
hot:0,GET,1790065619776,1,28
hot:5,GET,1790065619776,1,29
hot:11,SET,1790065619776,1,17
hot:11,GET,1790065619786,1,17
hot:3,GET,1790065619786,1,19
hot:0,GET,1790065619786,1,28
warm:36,SET,1790065619786,1,19
hot:0,GET,1790065619802,1,28
warm:33,SET,1790065619802,1,30
hot:9,GET,1790065619806,1,14
hot:10,GET,1790065619815,1,31
hot:0,GET,1790065619815,1,28
warm:25,GET,1790065619815,1,26
hot:4,SET,1790065619815,1,10
hot:8,GET,1790065619825,1,18
warm:36,GET,1790065619825,1,19
hot:7,GET,1790065619825,1,15
hot:2,SET,1790065619825,1,8
hot:5,GET,1790065619840,1,29
hot:7,GET,1790065619840,1,15
warm:19,SET,1790065619840,1,8
hot:10,GET,1790065619856,1,31
warm:22,GET,1790065619856,1,16
hot:10,GET,1790065619856,1,31
cold:30,GET,1790065619856,1,10
cold:45,GET,1790065619856,1,31
hot:8,GET,1790065619856,1,18
warm:39,GET,1790065619856,1,23
hot:7,GET,1790065619856,1,15
warm:7,GET,1790065619856,1,33
warm:25,GET,1790065619858,1,26
hot:9,GET,1790065619858,1,14
hot:3,GET,1790065619858,1,19
hot:5,GET,1790065619858,1,29
warm:8,SET,1790065619858,1,11
warm:27,GET,1790065619868,1,13
hot:5,GET,1790065619868,1,29
warm:0,GET,1790065619868,1,19
hot:11,GET,1790065619868,1,17
hot:0,GET,1790065619868,1,28
hot:3,GET,1790065619868,1,19
hot:8,GET,1790065619868,1,18
warm:29,GET,1790065619868,1,4
cold:64,GET,1790065619868,1,15
warm:11,GET,1790065619868,1,20
warm:27,GET,1790065619868,1,13
warm:8,GET,1790065619868,1,11
warm:12,GET,1790065619868,1,32
warm:27,GET,1790065619868,1,13
warm:36,GET,1790065619868,1,19
warm:20,GET,1790065619871,1,18
warm:13,SET,1790065619871,1,34
warm:34,GET,1790065619881,1,34
hot:5,GET,1790065619881,1,29
warm:8,GET,1790065619881,1,11
cold:36,DELETE,1790065619881,1,-1
cold:36,SET,1790065619895,0,9
warm:39,GET,1790065619907,1,23
hot:4,SET,1790065619907,1,6
warm:8,GET,1790065619919,1,11
hot:7,GET,1790065619919,1,15
warm:20,GET,1790065619919,1,18
hot:2,GET,1790065619919,1,8
warm:8,GET,1790065619919,1,11
hot:7,GET,1790065619919,1,15
warm:8,GET,1790065619919,1,11
hot:11,GET,1790065619919,1,17
hot:7,GET,1790065619919,1,15
warm:26,GET,1790065619919,1,11
hot:10,SET,1790065619919,1,19
warm:5,SET,1790065619930,1,12
warm:36,GET,1790065619942,1,19
hot:11,GET,1790065619942,1,17
hot:3,GET,1790065619942,1,19
warm:22,GET,1790065619942,1,16
hot:8,GET,1790065619942,1,18
warm:3,SET,1790065619942,1,32
hot:0,SET,1790065619953,1,16
warm:36,EXISTS,1790065619964,1,19
hot:0,GET,1790065619964,1,16
warm:3,SET,1790065619964,1,35
hot:8,GET,1790065619976,1,18
warm:20,GET,1790065619976,1,18
hot:3,GET,1790065619976,1,19
cold:50,GET,1790065619976,1,34
warm:8,GET,1790065619976,1,11
warm:36,GET,1790065619976,1,19
hot:10,GET,1790065619976,1,19
hot:0,GET,1790065619976,1,16
warm:20,GET,1790065619976,1,18
warm:3,GET,1790065619976,1,35
hot:10,GET,1790065619978,1,19
hot:9,GET,1790065619978,1,14
warm:27,GET,1790065619978,1,13
warm:1,GET,1790065619978,1,4
cold:55,DELETE,1790065619978,1,-1
cold:55,SET,1790065619990,0,14
hot:8,SET,1790065620004,1,17
warm:36,GET,1790065620020,1,19
hot:11,GET,1790065620020,1,17
cold:34,SET,1790065620020,1,14
hot:2,GET,1790065620035,1,8
hot:1,GET,1790065620035,1,33
warm:20,GET,1790065620035,1,18
warm:20,GET,1790065620035,1,18
warm:36,GET,1790065620035,1,19
hot:5,GET,1790065620035,1,29
cold:45,GET,1790065620035,1,31
warm:8,SET,1790065620035,1,10
hot:3,GET,1790065620049,1,19
cold:52,GET,1790065620049,1,13
hot:4,SET,1790065620049,1,28
hot:8,GET,1790065620064,1,17
hot:5,GET,1790065620064,1,29
cold:51,GET,1790065620064,1,26
warm:36,GET,1790065620064,1,19
hot:5,GET,1790065620064,1,29
warm:20,SET,1790065620064,1,11
warm:4,GET,1790065620074,1,20
cold:70,GET,1790065620074,1,19
warm:0,GET,1790065620074,1,19
warm:8,GET,1790065620074,1,10
warm:15,GET,1790065620074,1,12
hot:4,GET,1790065620074,1,28
warm:25,GET,1790065620074,1,26
warm:16,GET,1790065620074,1,15
hot:9,GET,1790065620074,1,14
warm:8,GET,1790065620074,1,10
hot:4,GET,1790065620074,1,28
cold:80,GET,1790065620074,1,31
hot:3,GET,1790065620074,1,19
warm:20,GET,1790065620074,1,11
hot:4,GET,1790065620077,1,28
cold:44,GET,1790065620077,1,12
warm:11,GET,1790065620077,1,20
hot:10,GET,1790065620077,1,19
warm:18,GET,1790065620077,1,24
hot:8,GET,1790065620077,1,17
cold:56,DELETE,1790065620077,1,-1
cold:56,SET,1790065620087,0,17
hot:2,GET,1790065620102,1,8
warm:25,GET,1790065620102,1,26
warm:20,GET,1790065620102,1,11
hot:9,GET,1790065620102,1,14
warm:7,GET,1790065620102,1,33
cold:87,GET,1790065620102,1,13
hot:2,GET,1790065620102,1,8
warm:25,GET,1790065620102,1,26
warm:25,GET,1790065620102,1,26
warm:3,GET,1790065620102,1,35
warm:2,SET,1790065620102,1,26
hot:4,GET,1790065620116,1,28
warm:21,GET,1790065620116,1,24
hot:7,GET,1790065620118,1,15
warm:20,GET,1790065620118,1,11
warm:36,GET,1790065620118,1,19
warm:27,GET,1790065620118,1,13
cold:57,DELETE,1790065620118,1,-1
cold:57,SET,1790065620128,0,7
hot:6,GET,1790065620143,1,31
hot:5,GET,1790065620143,1,29
warm:14,SET,1790065620143,1,22
hot:3,GET,1790065620155,1,19
hot:0,GET,1790065620155,1,16
hot:9,GET,1790065620155,1,14
hot:10,GET,1790065620155,1,19
hot:8,GET,1790065620155,1,17
warm:1,GET,1790065620155,1,4
hot:0,SET,1790065620155,1,30
cold:24,GET,1790065620170,1,11
hot:10,GET,1790065620170,1,19
warm:33,GET,1790065620170,1,30
hot:1,GET,1790065620170,1,33
warm:27,GET,1790065620170,1,13
hot:10,GET,1790065620172,1,19
hot:2,SET,1790065620172,1,21
cold:33,DELETE,1790065620186,1,-1
cold:33,SET,1790065620200,0,7
cold:12,GET,1790065620212,1,14
hot:4,GET,1790065620212,1,28
hot:11,SET,1790065620212,1,31
hot:11,GET,1790065620212,1,31
hot:7,GET,1790065620212,1,15
hot:1,GET,1790065620212,1,33
warm:33,GET,1790065620212,1,30
hot:1,GET,1790065620212,1,33
hot:11,GET,1790065620212,1,31
warm:36,GET,1790065620212,1,19
warm:36,GET,1790065620212,1,19
hot:4,SET,1790065620212,1,35
warm:6,SET,1790065620238,1,15
hot:1,GET,1790065620251,1,33
hot:3,GET,1790065620251,1,19
cold:32,DELETE,1790065620251,1,-1
cold:32,SET,1790065620263,0,6
warm:25,GET,1790065620275,1,26
warm:9,GET,1790065620278,1,32
hot:10,GET,1790065620278,1,19
warm:36,GET,1790065620278,1,19
warm:12,SET,1790065620278,1,20
warm:25,GET,1790065620288,1,26
warm:25,GET,1790065620288,1,26
warm:20,GET,1790065620288,1,11
warm:8,GET,1790065620288,1,10
warm:8,GET,1790065620288,1,10
hot:10,GET,1790065620288,1,19
hot:0,GET,1790065620288,1,30
warm:34,GET,1790065620288,1,34
warm:3,GET,1790065620288,1,35
warm:25,GET,1790065620288,1,26
hot:0,SET,1790065620288,1,14
hot:8,GET,1790065620302,1,17
hot:1,GET,1790065620302,1,33
warm:16,SET,1790065620302,1,8
warm:25,GET,1790065620316,1,26
cold:8,GET,1790065620316,1,7
warm:3,GET,1790065620317,1,35
hot:7,GET,1790065620317,1,15
hot:8,GET,1790065620317,1,17
hot:5,SET,1790065620317,1,31
warm:11,EXISTS,1790065620327,1,20
cold:78,GET,1790065620327,1,5
hot:11,GET,1790065620327,1,31
warm:1,GET,1790065620327,1,4
warm:8,GET,1790065620327,1,10
hot:4,GET,1790065620327,1,35
hot:9,SET,1790065620327,1,33
hot:1,GET,1790065620339,1,33
warm:25,GET,1790065620339,1,26
warm:8,GET,1790065620339,1,10
cold:30,GET,1790065620339,1,10
warm:36,GET,1790065620339,1,19
hot:3,GET,1790065620339,1,19
hot:8,GET,1790065620339,1,17
warm:3,GET,1790065620339,1,35
warm:28,GET,1790065620339,1,33
hot:1,EXISTS,1790065620342,1,33
warm:20,GET,1790065620342,1,11
hot:0,GET,1790065620342,1,14
hot:5,GET,1790065620342,1,31
cold:29,GET,1790065620342,1,9
hot:5,GET,1790065620342,1,31
warm:27,GET,1790065620342,1,13
warm:2,GET,1790065620342,1,26
warm:36,GET,1790065620342,1,19
warm:4,EXISTS,1790065620342,1,20
hot:1,EXISTS,1790065620342,1,33
warm:36,GET,1790065620342,1,19
hot:10,GET,1790065620342,1,19
hot:10,GET,1790065620342,1,19
warm:20,GET,1790065620342,1,11
hot:6,GET,1790065620342,1,31
warm:21,GET,1790065620342,1,24
cold:3,GET,1790065620342,1,30
warm:25,GET,1790065620342,1,26
cold:53,GET,1790065620342,1,18
hot:9,GET,1790065620343,1,33
cold:2,GET,1790065620343,1,4
warm:36,GET,1790065620343,1,19
hot:10,GET,1790065620343,1,19
hot:0,GET,1790065620343,1,14
warm:20,GET,1790065620343,1,11
hot:9,GET,1790065620343,1,33
warm:20,GET,1790065620343,1,11
warm:11,GET,1790065620343,1,20
warm:36,GET,1790065620343,1,19
hot:10,GET,1790065620343,1,19
hot:11,GET,1790065620343,1,31
warm:3,SET,1790065620343,1,4
hot:2,GET,1790065620355,1,21
warm:8,GET,1790065620355,1,10
warm:32,SET,1790065620355,1,33
hot:7,GET,1790065620370,1,15
warm:20,GET,1790065620370,1,11
warm:35,GET,1790065620370,1,31
warm:25,GET,1790065620370,1,26
hot:4,GET,1790065620373,1,35
warm:36,GET,1790065620373,1,19
warm:29,GET,1790065620373,1,4
hot:2,GET,1790065620373,1,21
warm:30,GET,1790065620373,1,29
hot:11,GET,1790065620373,1,31
warm:8,GET,1790065620373,1,10
hot:1,GET,1790065620373,1,33
warm:27,GET,1790065620373,1,13
hot:3,GET,1790065620373,1,19
hot:4,GET,1790065620373,1,35
warm:5,GET,1790065620373,1,12
warm:27,GET,1790065620373,1,13
cold:9,GET,1790065620373,1,18
hot:2,GET,1790065620373,1,21
hot:3,GET,1790065620373,1,19
hot:1,GET,1790065620373,1,33
hot:7,GET,1790065620373,1,15
hot:2,GET,1790065620373,1,21
hot:2,GET,1790065620373,1,21
warm:20,GET,1790065620374,1,11
warm:32,SET,1790065620374,1,29
warm:3,EXISTS,1790065620384,1,4
warm:27,GET,1790065620384,1,13
hot:4,GET,1790065620384,1,35
warm:10,GET,1790065620384,1,17
warm:20,GET,1790065620384,1,11
hot:0,GET,1790065620384,1,14
hot:7,GET,1790065620384,1,15
hot:9,GET,1790065620384,1,33
warm:20,GET,1790065620384,1,11
hot:5,GET,1790065620384,1,31
warm:36,GET,1790065620384,1,19
warm:8,EXISTS,1790065620384,1,10
hot:3,GET,1790065620384,1,19
warm:20,GET,1790065620384,1,11
hot:7,GET,1790065620384,1,15
warm:27,EXISTS,1790065620384,1,13
warm:36,GET,1790065620384,1,19
hot:2,GET,1790065620384,1,21
hot:3,SET,1790065620389,1,28
warm:24,GET,1790065620401,1,4
hot:8,GET,1790065620401,1,17
hot:2,EXISTS,1790065620401,1,21
warm:25,GET,1790065620401,1,26
warm:25,GET,1790065620401,1,26
cold:44,SET,1790065620401,1,15
hot:9,GET,1790065620414,1,33
cold:84,GET,1790065620414,1,12
hot:2,GET,1790065620414,1,21
warm:24,GET,1790065620414,1,4
cold:87,EXISTS,1790065620414,1,13
hot:0,GET,1790065620414,1,14
hot:2,GET,1790065620414,1,21
warm:10,GET,1790065620414,1,17
hot:9,GET,1790065620414,1,33
hot:3,GET,1790065620414,1,28
warm:37,GET,1790065620414,1,5
warm:27,GET,1790065620414,1,13
hot:6,GET,1790065620414,1,31
hot:6,GET,1790065620417,1,31
hot:5,GET,1790065620417,1,31
warm:6,GET,1790065620417,1,15
hot:0,GET,1790065620417,1,14
cold:34,GET,1790065620417,1,14
warm:8,GET,1790065620417,1,10
warm:36,GET,1790065620417,1,19
warm:15,GET,1790065620417,1,12
hot:0,GET,1790065620417,1,14
warm:0,GET,1790065620417,1,19
hot:1,GET,1790065620417,1,33
cold:79,SET,1790065620417,1,18
hot:2,SET,1790065620427,1,11
warm:1,GET,1790065620441,1,4
hot:1,GET,1790065620441,1,33
warm:4,GET,1790065620441,1,20
cold:83,GET,1790065620441,1,17
warm:27,GET,1790065620441,1,13
warm:0,GET,1790065620441,1,19
hot:9,GET,1790065620441,1,33
hot:10,GET,1790065620444,1,19
cold:48,GET,1790065620444,1,6
warm:20,SET,1790065620444,1,13
warm:36,GET,1790065620458,1,19
cold:76,SET,1790065620458,1,35
hot:9,SET,1790065620468,1,35
warm:20,GET,1790065620482,1,13
warm:33,GET,1790065620482,1,30
hot:11,GET,1790065620482,1,31
warm:20,GET,1790065620482,1,13
hot:7,GET,1790065620482,1,15
warm:25,GET,1790065620482,1,26
warm:28,GET,1790065620482,1,33
hot:1,GET,1790065620482,1,33
warm:8,GET,1790065620482,1,10
cold:22,GET,1790065620482,1,31
warm:6,SET,1790065620482,1,31
hot:4,GET,1790065620493,1,35
hot:5,GET,1790065620493,1,31
warm:3,GET,1790065620493,1,4
hot:11,GET,1790065620497,1,31
hot:1,GET,1790065620497,1,33
hot:10,GET,1790065620497,1,19
warm:38,GET,1790065620497,1,19
warm:25,SET,1790065620497,1,27
warm:12,GET,1790065620507,1,20
warm:20,GET,1790065620507,1,13
hot:6,GET,1790065620507,1,31
hot:11,GET,1790065620507,1,31
warm:27,GET,1790065620507,1,13
cold:28,SET,1790065620507,1,28
hot:11,GET,1790065620521,1,31
hot:0,GET,1790065620521,1,14
hot:4,GET,1790065620521,1,35
warm:34,GET,1790065620521,1,34
hot:9,GET,1790065620521,1,35
hot:10,GET,1790065620521,1,19
warm:3,GET,1790065620521,1,4
hot:9,GET,1790065620521,1,35
warm:20,SET,1790065620521,1,35
hot:0,GET,1790065620536,1,14
cold:47,GET,1790065620536,1,34
warm:20,GET,1790065620536,1,35
hot:10,GET,1790065620536,1,19
hot:1,GET,1790065620536,1,33
warm:2,GET,1790065620536,1,26
warm:27,GET,1790065620536,1,13
cold:78,GET,1790065620536,1,5
warm:18,GET,1790065620536,1,24
cold:76,GET,1790065620536,1,35
hot:7,SET,1790065620536,1,25
cold:35,GET,1790065620549,1,20
hot:5,SET,1790065620549,1,27
hot:7,GET,1790065620565,1,25
hot:3,GET,1790065620565,1,28
hot:1,GET,1790065620565,1,33
warm:3,GET,1790065620565,1,4
warm:3,GET,1790065620565,1,4
warm:36,GET,1790065620565,1,19
hot:9,GET,1790065620565,1,35
cold:34,GET,1790065620567,1,14
warm:25,GET,1790065620567,1,27
hot:4,GET,1790065620567,1,35
cold:41,GET,1790065620567,1,35
hot:11,GET,1790065620567,1,31
hot:9,EXISTS,1790065620567,1,35
cold:50,GET,1790065620567,1,34
warm:22,SET,1790065620567,1,5
warm:8,GET,1790065620578,1,10
warm:16,GET,1790065620578,1,8
cold:75,GET,1790065620578,1,31
hot:2,GET,1790065620578,1,11
hot:4,GET,1790065620578,1,35
warm:27,GET,1790065620578,1,13
warm:25,GET,1790065620578,1,27
hot:6,GET,1790065620578,1,31
warm:4,SET,1790065620578,1,30
warm:20,GET,1790065620589,1,35
warm:4,GET,1790065620589,1,30
warm:2,GET,1790065620589,1,26
warm:4,GET,1790065620592,1,30
hot:8,GET,1790065620592,1,17
warm:37,EXISTS,1790065620592,1,5
warm:25,GET,1790065620592,1,27
warm:27,GET,1790065620592,1,13
warm:20,GET,1790065620592,1,35
warm:8,SET,1790065620592,1,30
cold:75,DELETE,1790065620607,1,-1
cold:75,SET,1790065620622,0,4
hot:8,GET,1790065620634,1,17
warm:20,SET,1790065620634,1,10
cold:37,GET,1790065620645,1,10
hot:5,GET,1790065620645,1,27
cold:10,DELETE,1790065620645,1,-1
cold:10,SET,1790065620655,0,8
hot:0,GET,1790065620655,1,14
hot:6,SET,1790065620655,1,17
warm:28,GET,1790065620678,1,33
hot:1,GET,1790065620678,1,33
warm:27,GET,1790065620678,1,13
hot:10,GET,1790065620678,1,19
cold:39,GET,1790065620678,1,4
warm:8,GET,1790065620682,1,30
warm:1,GET,1790065620682,1,4
warm:16,GET,1790065620682,1,8
warm:3,GET,1790065620682,1,4
hot:1,GET,1790065620682,1,33
cold:54,GET,1790065620682,1,10
warm:25,GET,1790065620682,1,27
hot:11,GET,1790065620682,1,31
hot:5,GET,1790065620682,1,27
cold:76,SET,1790065620682,1,26
warm:29,GET,1790065620692,1,4
warm:27,GET,1790065620692,1,13
warm:27,EXISTS,1790065620692,1,13
warm:30,GET,1790065620692,1,29
warm:13,GET,1790065620692,1,34
cold:35,GET,1790065620692,1,20
warm:3,SET,1790065620692,1,25
warm:36,GET,1790065620704,1,19
warm:6,GET,1790065620704,1,31
warm:28,GET,1790065620704,1,33
warm:34,GET,1790065620706,1,34
cold:67,GET,1790065620706,1,16
warm:25,SET,1790065620706,1,21
hot:3,GET,1790065620716,1,28
warm:27,GET,1790065620716,1,13
warm:27,GET,1790065620716,1,13
hot:4,GET,1790065620716,1,35
cold:42,GET,1790065620716,1,17
warm:14,GET,1790065620716,1,22
cold:6,GET,1790065620716,1,12
cold:61,GET,1790065620716,1,18
cold:81,SET,1790065620716,1,22
warm:8,GET,1790065620723,1,30
hot:3,GET,1790065620723,1,28
warm:35,GET,1790065620723,1,31
warm:8,GET,1790065620723,1,30
cold:8,GET,1790065620723,1,7
hot:3,GET,1790065620723,1,28
hot:3,GET,1790065620723,1,28
warm:20,EXISTS,1790065620723,1,10
warm:3,GET,1790065620729,1,25
hot:9,GET,1790065620729,1,35
cold:23,GET,1790065620729,1,16
hot:4,GET,1790065620729,1,35
hot:8,GET,1790065620729,1,17
hot:4,GET,1790065620729,1,35
warm:35,GET,1790065620729,1,31
hot:0,EXISTS,1790065620729,1,14
warm:20,GET,1790065620729,1,10
hot:9,GET,1790065620729,1,35
cold:32,EXISTS,1790065620729,1,6
hot:9,GET,1790065620729,1,35
cold:82,GET,1790065620729,1,9
warm:27,GET,1790065620729,1,13
cold:45,SET,1790065620729,1,22
warm:36,GET,1790065620739,1,19
hot:1,GET,1790065620739,1,33
hot:0,GET,1790065620739,1,14
warm:8,GET,1790065620739,1,30
warm:25,GET,1790065620739,1,21
cold:57,GET,1790065620742,1,7
hot:7,GET,1790065620742,1,25
cold:48,GET,1790065620742,1,6
warm:36,GET,1790065620742,1,19
hot:6,GET,1790065620742,1,17
hot:10,EXISTS,1790065620742,1,19
warm:8,GET,1790065620742,1,30
warm:26,GET,1790065620742,1,11
warm:3,GET,1790065620742,1,25
hot:3,GET,1790065620742,1,28
cold:73,GET,1790065620742,1,16
cold:72,GET,1790065620742,1,16
hot:9,GET,1790065620742,1,35
warm:27,GET,1790065620742,1,13
warm:0,GET,1790065620742,1,19
warm:3,GET,1790065620742,1,25
warm:1,EXISTS,1790065620742,1,4
cold:5,GET,1790065620742,1,18
hot:6,SET,1790065620742,1,33
hot:2,GET,1790065620751,1,11
hot:8,GET,1790065620755,1,17
hot:9,GET,1790065620755,1,35
warm:36,GET,1790065620755,1,19
warm:36,GET,1790065620755,1,19
hot:5,SET,1790065620755,1,33
hot:9,GET,1790065620766,1,35
warm:36,GET,1790065620766,1,19
warm:32,GET,1790065620766,1,29
warm:32,GET,1790065620766,1,29
warm:29,SET,1790065620766,1,30
hot:3,SET,1790065620778,1,17
hot:10,SET,1790065620787,1,4
warm:27,SET,1790065620799,1,33
hot:1,GET,1790065620807,1,33
hot:6,GET,1790065620807,1,33
cold:42,GET,1790065620807,1,17
hot:8,GET,1790065620807,1,17
warm:27,GET,1790065620807,1,33
warm:10,GET,1790065620807,1,17
cold:51,SET,1790065620807,1,28
warm:20,GET,1790065620826,1,10
warm:28,GET,1790065620826,1,33
warm:38,GET,1790065620826,1,19
warm:34,GET,1790065620826,1,34
hot:8,GET,1790065620826,1,17
cold:16,GET,1790065620826,1,4
hot:10,SET,1790065620826,1,11
warm:35,GET,1790065620836,1,31
cold:64,GET,1790065620836,1,15
hot:9,GET,1790065620836,1,35
warm:36,SET,1790065620836,1,7
warm:28,GET,1790065620842,1,33
hot:11,SET,1790065620842,1,5
hot:5,GET,1790065620858,1,33
warm:23,GET,1790065620858,1,12
hot:4,SET,1790065620858,1,18
cold:58,GET,1790065620870,1,9
hot:5,GET,1790065620870,1,33
hot:2,GET,1790065620870,1,11
cold:24,GET,1790065620870,1,11
hot:5,GET,1790065620875,1,33
warm:28,GET,1790065620875,1,33
hot:6,GET,1790065620875,1,33
cold:53,GET,1790065620875,1,18
hot:11,GET,1790065620875,1,5
hot:9,GET,1790065620875,1,35
hot:10,GET,1790065620875,1,11
hot:8,GET,1790065620875,1,17
warm:23,GET,1790065620875,1,12
warm:23,GET,1790065620875,1,12
warm:23,GET,1790065620875,1,12
hot:2,GET,1790065620875,1,11
hot:7,GET,1790065620875,1,25
warm:34,GET,1790065620875,1,34
warm:0,GET,1790065620875,1,19
warm:28,GET,1790065620875,1,33
warm:25,GET,1790065620875,1,21
hot:3,GET,1790065620875,1,17
cold:52,GET,1790065620875,1,13
hot:3,GET,1790065620875,1,17
warm:20,GET,1790065620876,1,10
warm:23,GET,1790065620876,1,12
cold:12,SET,1790065620876,1,32
warm:28,GET,1790065620888,1,33
warm:38,GET,1790065620888,1,19
hot:6,SET,1790065620888,1,33
hot:7,GET,1790065620902,1,25
warm:13,SET,1790065620902,1,21
hot:6,GET,1790065620918,1,33
warm:7,GET,1790065620918,1,33
warm:16,GET,1790065620918,1,8
hot:4,GET,1790065620918,1,18
hot:6,GET,1790065620918,1,33
cold:31,GET,1790065620918,1,14
hot:2,GET,1790065620918,1,11
hot:3,GET,1790065620918,1,17
warm:28,GET,1790065620918,1,33
hot:7,GET,1790065620918,1,25
hot:5,GET,1790065620918,1,33
hot:8,GET,1790065620918,1,17
hot:0,GET,1790065620920,1,14
hot:1,SET,1790065620920,1,25
hot:8,GET,1790065620933,1,17
hot:8,GET,1790065620933,1,17
hot:11,GET,1790065620933,1,5
hot:5,GET,1790065620933,1,33
cold:31,GET,1790065620933,1,14
hot:2,GET,1790065620933,1,11
cold:89,GET,1790065620933,1,15
hot:11,GET,1790065620933,1,5
warm:28,GET,1790065620933,1,33
warm:8,GET,1790065620933,1,30
warm:33,SET,1790065620933,1,28
warm:38,GET,1790065620946,1,19
warm:35,GET,1790065620946,1,31
hot:2,GET,1790065620946,1,11
hot:5,GET,1790065620946,1,33
warm:20,GET,1790065620946,1,10
hot:11,GET,1790065620946,1,5
warm:13,GET,1790065620946,1,21
hot:2,GET,1790065620948,1,11
cold:87,GET,1790065620948,1,13
hot:6,GET,1790065620948,1,33
hot:11,GET,1790065620948,1,5
cold:78,GET,1790065620948,1,5
hot:11,GET,1790065620948,1,5
cold:65,SET,1790065620948,1,30
warm:25,GET,1790065620960,1,21
hot:9,GET,1790065620960,1,35
warm:31,GET,1790065620960,1,16
hot:5,GET,1790065620960,1,33
hot:9,GET,1790065620960,1,35
hot:10,GET,1790065620960,1,11
hot:11,GET,1790065620960,1,5
hot:9,GET,1790065620960,1,35
hot:11,GET,1790065620960,1,5
hot:10,GET,1790065620960,1,11
warm:20,GET,1790065620960,1,10
hot:2,GET,1790065620960,1,11
hot:11,GET,1790065620960,1,5
cold:14,GET,1790065620961,1,11
warm:8,GET,1790065620961,1,30
hot:1,GET,1790065620961,1,25
hot:11,GET,1790065620961,1,5
warm:20,GET,1790065620961,1,10
hot:1,GET,1790065620961,1,25
cold:64,GET,1790065620961,1,15
hot:11,GET,1790065620961,1,5
hot:3,GET,1790065620961,1,17
cold:37,DELETE,1790065620961,1,-1
cold:37,SET,1790065620973,0,17
warm:20,GET,1790065620986,1,10
warm:30,SET,1790065620986,1,11
hot:9,GET,1790065620999,1,35
warm:13,SET,1790065620999,1,10
hot:8,GET,1790065621014,1,17
hot:10,GET,1790065621014,1,11
hot:10,GET,1790065621014,1,11
warm:38,GET,1790065621014,1,19
cold:81,GET,1790065621014,1,22
warm:28,GET,1790065621014,1,33
warm:13,GET,1790065621015,1,10
hot:8,GET,1790065621015,1,17
hot:7,GET,1790065621015,1,25
warm:29,GET,1790065621015,1,30
hot:7,GET,1790065621015,1,25
hot:10,GET,1790065621015,1,11
warm:28,SET,1790065621015,1,8
warm:25,GET,1790065621025,1,21
warm:13,GET,1790065621025,1,10
hot:6,GET,1790065621025,1,33
hot:8,GET,1790065621025,1,17
cold:67,GET,1790065621025,1,16
warm:16,GET,1790065621025,1,8
hot:10,GET,1790065621025,1,11
warm:23,GET,1790065621025,1,12
hot:3,GET,1790065621025,1,17
warm:28,GET,1790065621025,1,8
warm:30,SET,1790065621025,1,21
hot:8,GET,1790065621035,1,17
warm:13,GET,1790065621035,1,10
hot:1,GET,1790065621040,1,25
cold:59,GET,1790065621040,1,23
warm:20,GET,1790065621040,1,10
warm:33,GET,1790065621040,1,28
hot:6,GET,1790065621040,1,33
hot:7,GET,1790065621040,1,25
hot:3,GET,1790065621040,1,17
warm:16,GET,1790065621040,1,8
cold:41,GET,1790065621040,1,35
hot:11,GET,1790065621040,1,5
hot:5,GET,1790065621040,1,33
hot:9,GET,1790065621040,1,35
hot:9,GET,1790065621040,1,35
hot:5,GET,1790065621040,1,33
warm:23,GET,1790065621040,1,12
warm:29,GET,1790065621040,1,30
warm:27,GET,1790065621040,1,33
hot:5,GET,1790065621040,1,33
hot:0,GET,1790065621040,1,14
hot:1,GET,1790065621040,1,25
hot:10,GET,1790065621042,1,11
hot:6,GET,1790065621042,1,33
cold:55,DELETE,1790065621042,1,-1
cold:55,SET,1790065621054,0,5
cold:10,GET,1790065621066,1,8
warm:38,GET,1790065621066,1,19
warm:23,GET,1790065621066,1,12
cold:77,GET,1790065621066,1,8
warm:12,GET,1790065621066,1,20
warm:9,GET,1790065621066,1,32
hot:2,GET,1790065621066,1,11
warm:28,SET,1790065621066,1,22
hot:8,GET,1790065621077,1,17
hot:6,GET,1790065621077,1,33
warm:19,GET,1790065621077,1,8
hot:10,GET,1790065621077,1,11
cold:14,GET,1790065621077,1,11
hot:4,SET,1790065621077,1,34
warm:24,GET,1790065621089,1,4
warm:20,GET,1790065621089,1,10
hot:10,SET,1790065621089,1,32
warm:9,GET,1790065621104,1,32
cold:41,GET,1790065621104,1,35
hot:8,GET,1790065621104,1,17
cold:89,GET,1790065621104,1,15
hot:8,EXISTS,1790065621104,1,17
hot:3,GET,1790065621104,1,17
warm:28,GET,1790065621104,1,22
cold:45,GET,1790065621104,1,22
hot:4,GET,1790065621104,1,34
hot:7,GET,1790065621104,1,25
cold:54,GET,1790065621104,1,10
warm:9,GET,1790065621104,1,32
cold:26,EXISTS,1790065621104,1,7
warm:23,GET,1790065621104,1,12
hot:0,GET,1790065621104,1,14
warm:13,GET,1790065621104,1,10
warm:25,GET,1790065621104,1,21
warm:38,GET,1790065621104,1,19
hot:6,GET,1790065621104,1,33
cold:24,GET,1790065621104,1,11
hot:0,GET,1790065621106,1,14
warm:27,GET,1790065621106,1,33
hot:1,GET,1790065621106,1,25
hot:6,GET,1790065621106,1,33
warm:12,GET,1790065621106,1,20
warm:38,GET,1790065621106,1,19
hot:5,GET,1790065621106,1,33
hot:1,SET,1790065621106,1,25
warm:34,GET,1790065621114,1,34
warm:26,SET,1790065621114,1,6
hot:8,GET,1790065621125,1,17
hot:5,SET,1790065621125,1,21
warm:23,GET,1790065621137,1,12
hot:11,GET,1790065621137,1,5
warm:18,SET,1790065621137,1,20
hot:11,GET,1790065621146,1,5
hot:7,GET,1790065621146,1,25
warm:25,GET,1790065621146,1,21
hot:9,GET,1790065621146,1,35
hot:4,GET,1790065621146,1,34
hot:8,GET,1790065621150,1,17
warm:28,GET,1790065621150,1,22
hot:1,EXISTS,1790065621150,1,25
warm:34,SET,1790065621150,1,6
hot:6,GET,1790065621158,1,33
warm:12,GET,1790065621158,1,20
warm:15,GET,1790065621158,1,12
hot:1,GET,1790065621158,1,25
hot:10,EXISTS,1790065621158,1,32
warm:11,GET,1790065621158,1,20
warm:28,GET,1790065621158,1,22
warm:0,GET,1790065621158,1,19
hot:4,SET,1790065621158,1,8
hot:1,GET,1790065621170,1,25
cold:9,GET,1790065621170,1,18
hot:3,GET,1790065621170,1,17
hot:5,GET,1790065621170,1,21
hot:9,GET,1790065621170,1,35
hot:10,GET,1790065621170,1,32
hot:5,GET,1790065621170,1,21
cold:54,GET,1790065621173,1,10
hot:2,GET,1790065621173,1,11
warm:13,GET,1790065621173,1,10
hot:0,GET,1790065621173,1,14
cold:30,GET,1790065621173,1,10
hot:11,GET,1790065621173,1,5
warm:28,GET,1790065621173,1,22
warm:13,GET,1790065621173,1,10
hot:10,GET,1790065621173,1,32
cold:47,GET,1790065621173,1,34
hot:5,GET,1790065621173,1,21
cold:6,GET,1790065621173,1,12
warm:20,GET,1790065621173,1,10
warm:28,GET,1790065621173,1,22
warm:38,GET,1790065621173,1,19
cold:58,GET,1790065621173,1,9
hot:6,GET,1790065621173,1,33
cold:47,GET,1790065621173,1,34
hot:7,GET,1790065621173,1,25
cold:77,GET,1790065621173,1,8
cold:29,GET,1790065621174,1,9
hot:9,GET,1790065621174,1,35
cold:61,GET,1790065621174,1,18
warm:20,GET,1790065621174,1,10
warm:20,SET,1790065621174,1,27
warm:35,SET,1790065621183,1,23
hot:10,GET,1790065621197,1,32
warm:25,GET,1790065621197,1,21
cold:54,DELETE,1790065621197,1,-1
cold:54,SET,1790065621207,0,11
hot:9,GET,1790065621217,1,35
hot:3,GET,1790065621217,1,17
hot:6,GET,1790065621217,1,33
hot:5,GET,1790065621217,1,21
warm:5,GET,1790065621217,1,12
warm:25,GET,1790065621217,1,21
cold:63,GET,1790065621217,1,21
hot:2,GET,1790065621217,1,11
warm:3,GET,1790065621217,1,25
warm:13,GET,1790065621217,1,10
hot:6,GET,1790065621217,1,33
hot:6,GET,1790065621222,1,33
cold:83,GET,1790065621222,1,17
hot:1,GET,1790065621222,1,25
warm:22,GET,1790065621222,1,5
cold:19,GET,1790065621222,1,32
hot:8,SET,1790065621222,1,8
warm:11,GET,1790065621230,1,20
cold:6,GET,1790065621230,1,12
warm:9,GET,1790065621230,1,32
hot:6,GET,1790065621230,1,33
hot:6,GET,1790065621230,1,33
hot:6,GET,1790065621230,1,33
hot:11,SET,1790065621230,1,23
hot:5,GET,1790065621243,1,21
cold:62,GET,1790065621243,1,11
hot:6,GET,1790065621243,1,33
warm:28,GET,1790065621243,1,22
warm:28,GET,1790065621243,1,22
hot:1,SET,1790065621243,1,33
cold:17,GET,1790065621255,1,15
warm:38,GET,1790065621258,1,19
warm:13,GET,1790065621258,1,10
warm:7,GET,1790065621258,1,33
warm:21,SET,1790065621258,1,20
hot:10,GET,1790065621268,1,32
hot:7,GET,1790065621268,1,25
warm:16,GET,1790065621268,1,8
warm:13,GET,1790065621268,1,10
hot:10,GET,1790065621268,1,32
warm:23,GET,1790065621268,1,12
warm:37,GET,1790065621268,1,5
cold:81,GET,1790065621268,1,22
hot:5,GET,1790065621268,1,21
warm:13,SET,1790065621268,1,7
hot:7,GET,1790065621275,1,25
warm:25,GET,1790065621275,1,21
warm:38,SET,1790065621275,1,15
warm:23,GET,1790065621290,1,12
warm:28,GET,1790065621290,1,22
hot:7,GET,1790065621290,1,25
hot:2,EXISTS,1790065621293,1,11
hot:0,SET,1790065621293,1,11
hot:0,GET,1790065621302,1,11
warm:13,GET,1790065621302,1,7
hot:10,SET,1790065621302,1,8
warm:25,GET,1790065621310,1,21
hot:2,GET,1790065621310,1,11
cold:66,SET,1790065621310,1,7
hot:10,GET,1790065621327,1,8
warm:34,GET,1790065621327,1,6
warm:36,GET,1790065621327,1,7
warm:13,GET,1790065621327,1,7
hot:10,GET,1790065621327,1,8
warm:25,GET,1790065621327,1,21
hot:9,GET,1790065621327,1,35
warm:34,GET,1790065621327,1,6
hot:11,GET,1790065621327,1,23
hot:2,GET,1790065621327,1,11
hot:3,GET,1790065621327,1,17
warm:25,GET,1790065621327,1,21
warm:38,GET,1790065621329,1,15
hot:1,GET,1790065621329,1,33
warm:20,GET,1790065621329,1,27
cold:67,GET,1790065621329,1,16
hot:6,GET,1790065621329,1,33
hot:8,GET,1790065621329,1,8
cold:42,GET,1790065621329,1,17
hot:7,GET,1790065621329,1,25
hot:5,GET,1790065621329,1,21
warm:38,GET,1790065621329,1,15
hot:11,GET,1790065621329,1,23
hot:9,GET,1790065621329,1,35
warm:7,GET,1790065621329,1,33
warm:28,GET,1790065621329,1,22
hot:10,GET,1790065621329,1,8
cold:50,GET,1790065621329,1,34
warm:16,GET,1790065621329,1,8
cold:49,DELETE,1790065621329,1,-1
cold:49,SET,1790065621339,0,13
hot:8,SET,1790065621346,1,35
cold:24,GET,1790065621362,1,11
warm:10,GET,1790065621366,1,17
hot:5,SET,1790065621366,1,18
hot:11,GET,1790065621376,1,23
warm:23,GET,1790065621376,1,12
warm:28,GET,1790065621376,1,22
warm:28,GET,1790065621376,1,22
warm:20,GET,1790065621376,1,27
hot:4,GET,1790065621376,1,8
warm:28,GET,1790065621376,1,22
hot:0,GET,1790065621376,1,11
hot:2,GET,1790065621376,1,11
warm:6,GET,1790065621376,1,31
hot:6,GET,1790065621376,1,33
warm:28,GET,1790065621376,1,22
cold:20,DELETE,1790065621376,1,-1
cold:20,SET,1790065621388,0,19
warm:27,GET,1790065621400,1,33
hot:7,GET,1790065621400,1,25
warm:23,GET,1790065621400,1,12
hot:4,GET,1790065621400,1,8
cold:23,SET,1790065621400,1,5
hot:7,SET,1790065621414,1,20
hot:1,GET,1790065621426,1,33
cold:83,GET,1790065621426,1,17
warm:39,GET,1790065621426,1,23
hot:9,GET,1790065621426,1,35
hot:5,GET,1790065621426,1,18
hot:6,GET,1790065621426,1,33
hot:10,GET,1790065621426,1,8
hot:10,GET,1790065621426,1,8
hot:0,GET,1790065621426,1,11
warm:38,SET,1790065621426,1,4
warm:34,GET,1790065621435,1,6
hot:7,GET,1790065621435,1,20
warm:18,GET,1790065621435,1,20
warm:4,GET,1790065621435,1,30
hot:0,GET,1790065621435,1,11
hot:4,GET,1790065621435,1,8
warm:27,GET,1790065621435,1,33
warm:25,GET,1790065621435,1,21
hot:1,GET,1790065621435,1,33
warm:0,GET,1790065621441,1,19
hot:4,GET,1790065621441,1,8
hot:0,GET,1790065621441,1,11
warm:1,GET,1790065621441,1,4
hot:9,SET,1790065621441,1,31
warm:28,GET,1790065621452,1,22
warm:30,GET,1790065621452,1,21
cold:35,GET,1790065621452,1,20
hot:3,GET,1790065621452,1,17
cold:43,GET,1790065621452,1,14
warm:2,SET,1790065621452,1,35
hot:5,SET,1790065621462,1,29
warm:28,GET,1790065621473,1,22
warm:23,GET,1790065621473,1,12
hot:0,GET,1790065621473,1,11
hot:4,EXISTS,1790065621473,1,8
warm:27,GET,1790065621473,1,33
warm:6,GET,1790065621473,1,31
hot:11,GET,1790065621473,1,23
hot:6,GET,1790065621473,1,33
cold:12,GET,1790065621477,1,32
cold:12,GET,1790065621477,1,32
hot:3,GET,1790065621477,1,17
warm:38,GET,1790065621477,1,4
cold:21,GET,1790065621477,1,18
hot:4,GET,1790065621477,1,8
cold:11,GET,1790065621477,1,8
hot:2,GET,1790065621477,1,11
warm:9,GET,1790065621477,1,32
hot:7,GET,1790065621477,1,20
warm:28,GET,1790065621477,1,22
hot:10,GET,1790065621477,1,8
warm:28,GET,1790065621477,1,22
warm:12,GET,1790065621477,1,20
warm:38,GET,1790065621477,1,4
hot:8,GET,1790065621477,1,35
warm:20,GET,1790065621477,1,27
hot:1,GET,1790065621477,1,33
warm:23,GET,1790065621477,1,12
warm:19,GET,1790065621477,1,8
cold:35,GET,1790065621478,1,20
warm:15,GET,1790065621478,1,12
hot:6,GET,1790065621478,1,33
cold:86,GET,1790065621478,1,32
hot:4,GET,1790065621478,1,8
hot:7,GET,1790065621478,1,20
warm:18,GET,1790065621478,1,20
hot:9,GET,1790065621478,1,31
cold:9,GET,1790065621478,1,18
hot:5,GET,1790065621478,1,29
hot:3,GET,1790065621478,1,17
warm:20,GET,1790065621478,1,27
hot:2,GET,1790065621478,1,11
hot:11,GET,1790065621478,1,23
hot:2,GET,1790065621478,1,11
warm:20,GET,1790065621478,1,27
warm:23,GET,1790065621478,1,12
hot:1,GET,1790065621478,1,33
warm:3,GET,1790065621478,1,25
hot:3,GET,1790065621478,1,17
warm:0,GET,1790065621480,1,19
warm:25,GET,1790065621480,1,21
hot:1,GET,1790065621480,1,33
hot:11,GET,1790065621480,1,23
hot:10,GET,1790065621480,1,8
warm:20,GET,1790065621480,1,27
warm:2,GET,1790065621480,1,35
warm:39,GET,1790065621480,1,23
cold:27,GET,1790065621480,1,12
hot:8,GET,1790065621480,1,35
hot:6,GET,1790065621480,1,33
hot:2,GET,1790065621480,1,11
cold:45,SET,1790065621480,1,28
hot:10,GET,1790065621490,1,8
warm:15,GET,1790065621490,1,12
warm:13,GET,1790065621490,1,7
warm:20,GET,1790065621490,1,27
hot:11,SET,1790065621490,1,26
hot:4,GET,1790065621502,1,8
hot:0,GET,1790065621502,1,11
cold:52,GET,1790065621503,1,13
cold:77,GET,1790065621503,1,8
hot:1,GET,1790065621503,1,33
hot:7,GET,1790065621503,1,20
hot:9,GET,1790065621503,1,31
hot:4,GET,1790065621503,1,8
cold:75,SET,1790065621503,1,34
warm:30,GET,1790065621513,1,21
hot:6,GET,1790065621513,1,33
warm:20,GET,1790065621513,1,27
hot:6,GET,1790065621513,1,33
cold:16,GET,1790065621513,1,4
warm:13,GET,1790065621513,1,7
warm:28,GET,1790065621513,1,22
hot:3,GET,1790065621513,1,17
warm:23,GET,1790065621513,1,12
hot:0,GET,1790065621513,1,11
warm:23,SET,1790065621513,1,27
warm:2,GET,1790065621527,1,35
hot:0,GET,1790065621527,1,11
warm:28,GET,1790065621529,1,22
cold:44,GET,1790065621529,1,15
warm:20,SET,1790065621529,1,6
hot:6,GET,1790065621541,1,33
warm:13,SET,1790065621541,1,27
warm:20,GET,1790065621556,1,6
warm:20,GET,1790065621556,1,6
hot:6,GET,1790065621556,1,33
hot:7,GET,1790065621556,1,20
hot:10,GET,1790065621556,1,8
warm:16,EXISTS,1790065621556,1,8
warm:38,GET,1790065621556,1,4
warm:31,GET,1790065621556,1,16
hot:2,GET,1790065621556,1,11
warm:34,SET,1790065621556,1,35
cold:62,GET,1790065621561,1,11
cold:7,GET,1790065621561,1,20
warm:21,GET,1790065621561,1,20
warm:20,SET,1790065621561,1,32
warm:25,GET,1790065621577,1,21
warm:15,GET,1790065621580,1,12
warm:28,EXISTS,1790065621580,1,22
hot:9,GET,1790065621580,1,31
warm:38,GET,1790065621580,1,4
hot:9,GET,1790065621580,1,31
warm:25,GET,1790065621580,1,21
warm:20,GET,1790065621580,1,32
hot:0,SET,1790065621580,1,16
warm:25,GET,1790065621588,1,21
warm:13,GET,1790065621588,1,27
hot:9,GET,1790065621588,1,31
warm:35,GET,1790065621588,1,23
hot:7,GET,1790065621588,1,20
warm:28,GET,1790065621588,1,22
warm:28,GET,1790065621588,1,22
warm:28,SET,1790065621588,1,22
hot:6,GET,1790065621603,1,33
hot:11,GET,1790065621603,1,26
hot:4,GET,1790065621603,1,8
cold:51,GET,1790065621603,1,28
warm:4,GET,1790065621606,1,30
hot:3,GET,1790065621606,1,17
warm:1,GET,1790065621606,1,4
hot:9,GET,1790065621606,1,31
hot:4,GET,1790065621606,1,8
hot:5,GET,1790065621606,1,29
warm:5,GET,1790065621606,1,12
warm:25,GET,1790065621606,1,21
cold:63,GET,1790065621606,1,21
hot:1,GET,1790065621606,1,33
warm:13,GET,1790065621606,1,27
warm:36,GET,1790065621606,1,7
hot:3,GET,1790065621606,1,17
hot:2,GET,1790065621606,1,11
hot:3,EXISTS,1790065621606,1,17
warm:23,EXISTS,1790065621606,1,27
hot:1,GET,1790065621606,1,33
hot:1,GET,1790065621606,1,33
cold:37,GET,1790065621606,1,17
warm:25,GET,1790065621606,1,21
hot:9,GET,1790065621607,1,31
cold:30,GET,1790065621607,1,10
hot:5,GET,1790065621607,1,29
warm:13,GET,1790065621607,1,27
warm:13,GET,1790065621607,1,27
cold:60,GET,1790065621607,1,5
hot:4,GET,1790065621607,1,8
hot:10,SET,1790065621607,1,29
hot:7,SET,1790065621621,1,31
warm:13,GET,1790065621632,1,27
hot:5,GET,1790065621632,1,29
hot:6,GET,1790065621632,1,33
warm:17,GET,1790065621632,1,27
hot:1,GET,1790065621632,1,33
warm:13,GET,1790065621632,1,27
hot:2,GET,1790065621632,1,11
warm:10,GET,1790065621632,1,17
warm:13,GET,1790065621632,1,27
hot:3,GET,1790065621632,1,17
warm:3,GET,1790065621632,1,25
warm:22,GET,1790065621635,1,5
warm:25,GET,1790065621635,1,21
warm:28,GET,1790065621635,1,22
warm:28,GET,1790065621635,1,22
hot:1,GET,1790065621635,1,33
cold:45,SET,1790065621635,1,23
hot:8,GET,1790065621646,1,35
warm:28,GET,1790065621646,1,22
hot:2,GET,1790065621646,1,11
warm:14,GET,1790065621646,1,22
warm:20,GET,1790065621646,1,32
hot:3,GET,1790065621646,1,17
warm:20,GET,1790065621646,1,32
hot:4,GET,1790065621646,1,8
hot:10,GET,1790065621646,1,29
warm:12,GET,1790065621646,1,20
warm:23,GET,1790065621646,1,27
cold:58,GET,1790065621646,1,9
hot:8,GET,1790065621646,1,35
warm:28,GET,1790065621646,1,22
warm:38,GET,1790065621647,1,4
hot:3,GET,1790065621647,1,17
hot:1,SET,1790065621647,1,29
hot:8,GET,1790065621656,1,35
hot:11,GET,1790065621656,1,26
hot:1,GET,1790065621656,1,29
hot:2,GET,1790065621656,1,11
warm:15,GET,1790065621656,1,12
hot:2,GET,1790065621656,1,11
cold:60,SET,1790065621656,1,27
warm:13,GET,1790065621656,1,27
warm:17,GET,1790065621656,1,27
hot:5,GET,1790065621656,1,29
hot:9,GET,1790065621656,1,31
cold:87,GET,1790065621656,1,13
hot:8,GET,1790065621656,1,35
hot:7,GET,1790065621656,1,31
cold:13,SET,1790065621656,1,5
cold:1,EXISTS,1790065621671,1,10
warm:38,GET,1790065621671,1,4
hot:1,GET,1790065621682,1,29
warm:29,GET,1790065621682,1,30
cold:8,GET,1790065621682,1,7
hot:0,GET,1790065621682,1,16
hot:11,GET,1790065621682,1,26
hot:1,GET,1790065621682,1,29
hot:8,GET,1790065621682,1,35
warm:8,GET,1790065621682,1,30
hot:1,SET,1790065621682,1,22
warm:20,GET,1790065621689,1,32
hot:2,GET,1790065621689,1,11
warm:1,GET,1790065621689,1,4
warm:10,GET,1790065621689,1,17
warm:13,GET,1790065621689,1,27
cold:52,GET,1790065621689,1,13
hot:5,GET,1790065621689,1,29
hot:1,SET,1790065621689,1,22
cold:10,GET,1790065621703,1,8
hot:0,GET,1790065621703,1,16
hot:2,GET,1790065621703,1,11
warm:25,GET,1790065621705,1,21
cold:54,GET,1790065621705,1,11
hot:5,SET,1790065621705,1,13
warm:28,GET,1790065621713,1,22
cold:37,GET,1790065621713,1,17
warm:20,GET,1790065621713,1,32
warm:39,GET,1790065621713,1,23
warm:17,GET,1790065621713,1,27
hot:6,SET,1790065621713,1,23
warm:16,EXISTS,1790065621729,1,8
warm:28,GET,1790065621729,1,22
warm:13,GET,1790065621729,1,27
warm:13,GET,1790065621729,1,27
cold:6,GET,1790065621729,1,12
hot:11,GET,1790065621729,1,26
hot:11,GET,1790065621729,1,26
warm:13,GET,1790065621729,1,27
hot:6,SET,1790065621729,1,5
hot:4,GET,1790065621741,1,8
warm:38,GET,1790065621741,1,4
warm:8,GET,1790065621742,1,30
warm:13,GET,1790065621742,1,27
warm:23,GET,1790065621742,1,27
warm:23,GET,1790065621742,1,27
warm:30,GET,1790065621742,1,21
hot:9,SET,1790065621742,1,10
warm:20,GET,1790065621751,1,32
warm:25,GET,1790065621751,1,21
hot:0,GET,1790065621751,1,16
hot:7,GET,1790065621751,1,31
hot:3,GET,1790065621751,1,17
warm:5,GET,1790065621751,1,12
warm:25,GET,1790065621751,1,21
hot:7,GET,1790065621751,1,31
hot:6,GET,1790065621751,1,5
warm:23,GET,1790065621751,1,27
hot:11,GET,1790065621751,1,26
warm:5,GET,1790065621751,1,12
warm:0,GET,1790065621751,1,19
cold:68,GET,1790065621751,1,15
hot:9,GET,1790065621756,1,10
cold:45,GET,1790065621756,1,23
hot:8,GET,1790065621756,1,35
warm:23,GET,1790065621756,1,27
cold:19,GET,1790065621756,1,32
warm:25,GET,1790065621756,1,21
hot:7,GET,1790065621756,1,31
cold:23,GET,1790065621756,1,5
cold:40,GET,1790065621756,1,25
warm:32,GET,1790065621756,1,29
hot:0,GET,1790065621756,1,16
hot:9,GET,1790065621756,1,10
warm:28,GET,1790065621756,1,22
hot:0,SET,1790065621756,1,13
hot:10,GET,1790065621766,1,29
warm:31,GET,1790065621766,1,16
cold:69,GET,1790065621766,1,7
hot:3,GET,1790065621766,1,17
warm:17,GET,1790065621766,1,27
hot:10,GET,1790065621766,1,29
cold:6,GET,1790065621768,1,12
hot:2,GET,1790065621768,1,11
hot:4,GET,1790065621768,1,8
warm:22,GET,1790065621768,1,5
hot:10,GET,1790065621768,1,29
warm:13,GET,1790065621768,1,27
warm:13,GET,1790065621768,1,27
warm:23,GET,1790065621768,1,27
warm:13,GET,1790065621768,1,27
hot:7,GET,1790065621768,1,31
hot:3,GET,1790065621768,1,17
warm:20,GET,1790065621768,1,32
hot:9,GET,1790065621768,1,10
hot:8,GET,1790065621768,1,35
warm:38,GET,1790065621768,1,4
hot:10,SET,1790065621768,1,11
warm:27,GET,1790065621779,1,33
hot:10,SET,1790065621779,1,16
hot:9,GET,1790065621784,1,10
hot:7,SET,1790065621784,1,15
cold:27,GET,1790065621804,1,12
hot:0,GET,1790065621804,1,13
hot:2,GET,1790065621804,1,11
hot:10,GET,1790065621804,1,16
hot:2,GET,1790065621804,1,11
hot:11,GET,1790065621804,1,26
cold:10,DELETE,1790065621804,1,-1
cold:10,SET,1790065621814,0,16
hot:2,GET,1790065621827,1,11
hot:7,GET,1790065621827,1,15
warm:31,EXISTS,1790065621827,1,16
hot:6,GET,1790065621827,1,5
warm:21,GET,1790065621827,1,20
warm:5,GET,1790065621827,1,12
warm:2,GET,1790065621827,1,35
hot:5,GET,1790065621827,1,13
cold:58,GET,1790065621827,1,9
hot:3,GET,1790065621827,1,17
hot:4,GET,1790065621827,1,8
cold:20,DELETE,1790065621827,1,-1
cold:20,SET,1790065621836,0,5
cold:87,SET,1790065621852,1,35
warm:3,GET,1790065621865,1,25
hot:9,GET,1790065621865,1,10
hot:10,GET,1790065621865,1,16
warm:28,GET,1790065621865,1,22
cold:75,GET,1790065621865,1,34
cold:18,GET,1790065621865,1,5
hot:0,GET,1790065621865,1,13
hot:0,GET,1790065621865,1,13
hot:2,GET,1790065621865,1,11
warm:38,GET,1790065621865,1,4
warm:20,SET,1790065621865,1,16
warm:17,GET,1790065621870,1,27
warm:23,GET,1790065621870,1,27
warm:38,GET,1790065621870,1,4
hot:3,GET,1790065621870,1,17
warm:38,GET,1790065621870,1,4
warm:25,GET,1790065621870,1,21
cold:51,GET,1790065621870,1,28
hot:8,GET,1790065621870,1,35
warm:1,GET,1790065621870,1,4
hot:10,GET,1790065621877,1,16
hot:11,GET,1790065621877,1,26
warm:23,GET,1790065621877,1,27
warm:38,GET,1790065621877,1,4
warm:38,GET,1790065621877,1,4
warm:20,GET,1790065621877,1,16
warm:25,GET,1790065621877,1,21
warm:28,GET,1790065621877,1,22
hot:11,GET,1790065621877,1,26
hot:1,GET,1790065621877,1,22
hot:7,GET,1790065621877,1,15
warm:25,GET,1790065621877,1,21
cold:77,GET,1790065621877,1,8
warm:20,GET,1790065621877,1,16
hot:9,GET,1790065621877,1,10
hot:8,GET,1790065621877,1,35
warm:13,GET,1790065621877,1,27
hot:8,GET,1790065621877,1,35
hot:6,GET,1790065621877,1,5
warm:22,GET,1790065621877,1,5
hot:8,GET,1790065621878,1,35
hot:5,GET,1790065621878,1,13
warm:25,GET,1790065621878,1,21
hot:3,GET,1790065621878,1,17
cold:34,GET,1790065621878,1,14
hot:1,GET,1790065621878,1,22
warm:30,GET,1790065621878,1,21
warm:37,GET,1790065621878,1,5
warm:25,GET,1790065621878,1,21
hot:5,GET,1790065621878,1,13
warm:13,GET,1790065621878,1,27
hot:8,GET,1790065621878,1,35
warm:13,GET,1790065621878,1,27
hot:0,GET,1790065621878,1,13
warm:36,GET,1790065621878,1,7
cold:33,GET,1790065621878,1,7
hot:4,GET,1790065621878,1,8
hot:4,GET,1790065621878,1,8
hot:8,GET,1790065621878,1,35
hot:3,SET,1790065621878,1,9
hot:0,GET,1790065621892,1,13
hot:4,EXISTS,1790065621892,1,8
hot:6,GET,1790065621892,1,5
cold:59,GET,1790065621892,1,23
hot:8,GET,1790065621892,1,35
hot:0,GET,1790065621892,1,13
cold:89,GET,1790065621892,1,15
hot:4,GET,1790065621892,1,8
warm:37,SET,1790065621892,1,9
hot:5,GET,1790065621904,1,13
hot:5,GET,1790065621904,1,13
cold:68,GET,1790065621904,1,15
warm:22,GET,1790065621904,1,5
hot:2,SET,1790065621904,1,34
warm:16,GET,1790065621908,1,8
cold:74,GET,1790065621908,1,16
hot:1,GET,1790065621908,1,22
hot:0,GET,1790065621908,1,13
warm:20,GET,1790065621908,1,16
warm:29,GET,1790065621908,1,30
warm:4,GET,1790065621918,1,30
warm:16,GET,1790065621918,1,8
warm:20,GET,1790065621918,1,16
warm:28,SET,1790065621918,1,12
warm:28,GET,1790065621929,1,12
cold:5,GET,1790065621929,1,18
hot:11,GET,1790065621929,1,26
hot:0,GET,1790065621929,1,13
warm:11,GET,1790065621929,1,20
warm:14,GET,1790065621929,1,22
hot:2,GET,1790065621929,1,34
warm:38,GET,1790065621929,1,4
hot:4,GET,1790065621929,1,8
warm:17,GET,1790065621929,1,27
cold:16,GET,1790065621929,1,4
hot:0,GET,1790065621929,1,13
hot:7,GET,1790065621929,1,15
warm:23,GET,1790065621929,1,27
hot:11,GET,1790065621929,1,26
warm:21,GET,1790065621929,1,20
hot:5,GET,1790065621931,1,13
warm:20,GET,1790065621931,1,16
warm:28,GET,1790065621931,1,12
hot:2,GET,1790065621931,1,34
hot:9,GET,1790065621931,1,10
cold:70,GET,1790065621931,1,19
warm:28,GET,1790065621931,1,12
hot:11,GET,1790065621931,1,26
warm:38,GET,1790065621931,1,4
hot:10,GET,1790065621931,1,16
cold:67,DELETE,1790065621931,1,-1
cold:67,SET,1790065621942,0,5
warm:32,GET,1790065621958,1,29
warm:2,GET,1790065621958,1,35
cold:58,DELETE,1790065621958,1,-1
cold:58,SET,1790065621965,0,5
hot:9,SET,1790065621979,1,25
warm:20,GET,1790065621990,1,16
hot:3,GET,1790065621990,1,9
warm:20,GET,1790065621990,1,16
warm:12,GET,1790065621990,1,20
hot:4,SET,1790065621990,1,6
hot:2,SET,1790065622003,1,29
hot:10,GET,1790065622011,1,16
warm:23,GET,1790065622011,1,27
hot:11,GET,1790065622011,1,26
hot:5,GET,1790065622011,1,13
hot:9,GET,1790065622011,1,25
hot:7,GET,1790065622011,1,15
warm:23,GET,1790065622011,1,27
warm:33,GET,1790065622011,1,28
warm:25,GET,1790065622011,1,21
warm:28,GET,1790065622011,1,12
warm:13,GET,1790065622011,1,27
hot:0,GET,1790065622011,1,13
hot:6,SET,1790065622011,1,10
warm:23,EXISTS,1790065622019,1,27
cold:54,GET,1790065622019,1,11
warm:23,GET,1790065622019,1,27
hot:0,SET,1790065622019,1,6
warm:38,GET,1790065622035,1,4
warm:38,GET,1790065622035,1,4
hot:10,GET,1790065622038,1,16
warm:13,GET,1790065622038,1,27
cold:5,GET,1790065622038,1,18
warm:15,GET,1790065622038,1,12
warm:25,SET,1790065622038,1,23
cold:36,SET,1790065622051,1,12
warm:28,GET,1790065622054,1,12
hot:9,GET,1790065622054,1,25
hot:1,GET,1790065622054,1,22
hot:0,SET,1790065622054,1,21
hot:4,GET,1790065622073,1,6
hot:5,GET,1790065622073,1,13
warm:23,GET,1790065622073,1,27
hot:3,GET,1790065622073,1,9
warm:20,GET,1790065622073,1,16
warm:28,GET,1790065622073,1,12
warm:20,GET,1790065622073,1,16
cold:79,EXISTS,1790065622073,1,18
warm:20,GET,1790065622073,1,16
hot:6,SET,1790065622073,1,8
hot:2,GET,1790065622090,1,29
warm:20,GET,1790065622090,1,16
hot:9,GET,1790065622090,1,25
cold:41,GET,1790065622090,1,35
hot:6,GET,1790065622090,1,8
cold:41,GET,1790065622090,1,35
cold:48,GET,1790065622090,1,6
cold:14,GET,1790065622090,1,11
hot:7,SET,1790065622090,1,22
hot:5,GET,1790065622102,1,13
hot:0,GET,1790065622102,1,21
hot:8,GET,1790065622102,1,35
warm:20,GET,1790065622102,1,16
warm:13,GET,1790065622102,1,27
warm:17,GET,1790065622102,1,27
cold:21,GET,1790065622102,1,18
warm:28,GET,1790065622102,1,12
hot:4,GET,1790065622102,1,6
hot:1,GET,1790065622102,1,22
hot:3,GET,1790065622102,1,9
hot:1,GET,1790065622106,1,22
warm:28,GET,1790065622106,1,12
warm:8,GET,1790065622106,1,30
hot:4,GET,1790065622106,1,6
warm:27,SET,1790065622106,1,22
cold:41,GET,1790065622116,1,35
hot:3,GET,1790065622116,1,9
hot:4,GET,1790065622116,1,6
hot:3,GET,1790065622116,1,9
hot:4,GET,1790065622116,1,6
hot:3,GET,1790065622116,1,9
warm:30,GET,1790065622116,1,21
warm:25,GET,1790065622116,1,23
hot:6,GET,1790065622116,1,8
cold:14,GET,1790065622116,1,11
hot:9,GET,1790065622116,1,25
warm:38,GET,1790065622116,1,4
warm:5,SET,1790065622116,1,30
hot:11,GET,1790065622122,1,26
hot:4,GET,1790065622122,1,6
hot:1,GET,1790065622131,1,22
warm:5,GET,1790065622131,1,30
hot:1,GET,1790065622131,1,22
cold:53,GET,1790065622131,1,18
hot:11,GET,1790065622131,1,26
hot:9,GET,1790065622131,1,25
hot:2,GET,1790065622131,1,29
hot:9,GET,1790065622131,1,25
warm:13,GET,1790065622131,1,27
warm:22,GET,1790065622131,1,5
warm:21,SET,1790065622131,1,14
hot:4,GET,1790065622141,1,6
cold:4,SET,1790065622141,1,21
hot:2,GET,1790065622146,1,29
warm:38,GET,1790065622146,1,4
hot:11,GET,1790065622146,1,26
hot:7,GET,1790065622146,1,22
hot:4,GET,1790065622146,1,6
warm:39,GET,1790065622146,1,23
hot:9,GET,1790065622146,1,25
hot:8,GET,1790065622154,1,35
warm:28,GET,1790065622154,1,12
warm:1,GET,1790065622154,1,4
hot:4,GET,1790065622154,1,6
cold:30,GET,1790065622154,1,10
hot:5,GET,1790065622154,1,13
hot:0,GET,1790065622154,1,21
cold:61,GET,1790065622154,1,18
warm:13,GET,1790065622154,1,27
hot:10,GET,1790065622154,1,16
cold:18,GET,1790065622154,1,5
warm:16,GET,1790065622154,1,8
hot:5,GET,1790065622154,1,13
hot:2,GET,1790065622154,1,29
warm:25,GET,1790065622154,1,23
warm:13,GET,1790065622154,1,27
hot:10,GET,1790065622154,1,16
hot:7,GET,1790065622154,1,22
warm:31,GET,1790065622154,1,16
cold:17,GET,1790065622154,1,15
hot:10,GET,1790065622156,1,16
hot:10,GET,1790065622156,1,16
hot:1,SET,1790065622156,1,19
hot:9,GET,1790065622166,1,25
warm:8,GET,1790065622166,1,30
hot:11,GET,1790065622166,1,26
warm:7,GET,1790065622166,1,33
warm:38,GET,1790065622166,1,4
hot:8,GET,1790065622166,1,35
cold:89,GET,1790065622166,1,15
hot:3,GET,1790065622166,1,9
cold:18,GET,1790065622166,1,5
warm:0,GET,1790065622166,1,19
warm:6,GET,1790065622166,1,31
warm:38,GET,1790065622166,1,4
warm:23,GET,1790065622166,1,27
warm:23,SET,1790065622166,1,13
cold:74,GET,1790065622171,1,16
warm:9,GET,1790065622171,1,32
hot:5,GET,1790065622171,1,13
cold:22,GET,1790065622179,1,31
warm:20,GET,1790065622179,1,16
hot:9,SET,1790065622179,1,17
warm:14,GET,1790065622188,1,22
hot:0,GET,1790065622188,1,21
hot:2,GET,1790065622188,1,29
warm:25,SET,1790065622188,1,14
cold:85,GET,1790065622196,1,17
hot:11,GET,1790065622196,1,26
warm:0,GET,1790065622196,1,19
hot:5,GET,1790065622196,1,13
hot:1,SET,1790065622196,1,14
hot:4,GET,1790065622213,1,6
warm:28,GET,1790065622213,1,12
warm:13,GET,1790065622213,1,27
hot:11,GET,1790065622213,1,26
warm:24,GET,1790065622213,1,4
hot:9,GET,1790065622213,1,17
warm:25,GET,1790065622213,1,14
hot:1,EXISTS,1790065622213,1,14
hot:5,GET,1790065622214,1,13
warm:23,GET,1790065622214,1,13
hot:6,GET,1790065622214,1,8
warm:13,GET,1790065622214,1,27
cold:43,SET,1790065622214,1,6
warm:13,GET,1790065622222,1,27
hot:5,EXISTS,1790065622222,1,13
warm:23,GET,1790065622222,1,13
warm:17,GET,1790065622222,1,27
hot:10,GET,1790065622222,1,16
warm:7,GET,1790065622222,1,33
hot:4,GET,1790065622222,1,6
hot:4,GET,1790065622222,1,6
warm:12,GET,1790065622222,1,20
warm:14,GET,1790065622222,1,22
hot:4,SET,1790065622222,1,20
hot:6,GET,1790065622235,1,8
warm:28,GET,1790065622235,1,12
warm:13,GET,1790065622235,1,27
hot:11,SET,1790065622235,1,4
hot:0,GET,1790065622248,1,21
warm:38,GET,1790065622248,1,4
warm:25,GET,1790065622248,1,14
warm:23,GET,1790065622248,1,13
hot:6,SET,1790065622248,1,31
warm:28,GET,1790065622258,1,12
hot:11,GET,1790065622258,1,4
hot:0,GET,1790065622258,1,21
hot:0,GET,1790065622258,1,21
cold:87,GET,1790065622258,1,35
warm:28,GET,1790065622258,1,12
hot:3,GET,1790065622258,1,9
hot:5,GET,1790065622258,1,13
cold:37,GET,1790065622258,1,17
warm:6,GET,1790065622258,1,31
hot:8,GET,1790065622258,1,35
warm:7,GET,1790065622258,1,33
hot:4,GET,1790065622258,1,20
warm:26,GET,1790065622258,1,6
warm:37,GET,1790065622258,1,9
hot:7,SET,1790065622262,1,5
cold:77,GET,1790065622272,1,8
cold:16,SET,1790065622272,1,8
cold:14,GET,1790065622286,1,11
hot:7,SET,1790065622286,1,15
warm:13,GET,1790065622301,1,27
cold:71,DELETE,1790065622301,1,-1
cold:71,SET,1790065622305,0,16
warm:27,GET,1790065622325,1,22
hot:11,EXISTS,1790065622325,1,4
hot:5,GET,1790065622325,1,13
cold:34,EXISTS,1790065622325,1,14
warm:12,GET,1790065622325,1,20
warm:20,GET,1790065622325,1,16
warm:13,GET,1790065622325,1,27
warm:4,GET,1790065622325,1,30
hot:2,GET,1790065622325,1,29
hot:1,GET,1790065622325,1,14
warm:34,GET,1790065622325,1,35
hot:11,GET,1790065622325,1,4
hot:4,GET,1790065622325,1,20
hot:6,GET,1790065622327,1,31
warm:1,GET,1790065622327,1,4
cold:78,GET,1790065622327,1,5
hot:6,SET,1790065622327,1,7
hot:11,GET,1790065622337,1,4
hot:3,GET,1790065622337,1,9
hot:3,GET,1790065622337,1,9
warm:13,SET,1790065622337,1,26
hot:11,SET,1790065622345,1,11
warm:28,GET,1790065622359,1,12
hot:6,GET,1790065622359,1,7
hot:9,GET,1790065622359,1,17
cold:88,DELETE,1790065622359,1,-1
cold:88,SET,1790065622371,0,14
warm:20,GET,1790065622375,1,16
warm:28,GET,1790065622375,1,12
warm:12,GET,1790065622375,1,20
warm:24,GET,1790065622375,1,4
hot:6,GET,1790065622375,1,7
hot:4,GET,1790065622375,1,20
hot:10,GET,1790065622375,1,16
warm:25,GET,1790065622386,1,14
hot:3,GET,1790065622386,1,9
warm:28,GET,1790065622386,1,12
cold:35,GET,1790065622386,1,20
cold:46,GET,1790065622386,1,30
warm:23,GET,1790065622386,1,13
hot:6,EXISTS,1790065622386,1,7
hot:4,GET,1790065622386,1,20
cold:82,SET,1790065622386,1,20
cold:56,GET,1790065622390,1,17
hot:10,SET,1790065622390,1,31
warm:31,GET,1790065622402,1,16
warm:23,GET,1790065622402,1,13
hot:4,GET,1790065622402,1,20
hot:4,GET,1790065622402,1,20
cold:10,GET,1790065622402,1,16
warm:22,GET,1790065622402,1,5
cold:20,DELETE,1790065622402,1,-1
cold:20,SET,1790065622419,0,9
cold:22,GET,1790065622431,1,31
warm:38,GET,1790065622431,1,4
cold:47,GET,1790065622433,1,34
warm:13,GET,1790065622433,1,26
warm:13,GET,1790065622433,1,26
hot:3,GET,1790065622433,1,9
warm:22,SET,1790065622433,1,25
hot:10,SET,1790065622443,1,26
hot:6,GET,1790065622457,1,7
hot:8,SET,1790065622457,1,5
warm:38,GET,1790065622472,1,4
warm:20,GET,1790065622472,1,16
warm:28,GET,1790065622472,1,12
hot:5,GET,1790065622472,1,13
warm:18,GET,1790065622472,1,20
cold:6,GET,1790065622472,1,12
warm:20,GET,1790065622472,1,16
warm:38,GET,1790065622472,1,4
warm:38,GET,1790065622472,1,4
warm:39,GET,1790065622472,1,23
hot:4,GET,1790065622472,1,20
cold:46,GET,1790065622472,1,30
hot:7,SET,1790065622473,1,28
warm:20,GET,1790065622488,1,16
warm:38,GET,1790065622488,1,4
cold:35,GET,1790065622488,1,20
warm:13,GET,1790065622488,1,26
hot:6,SET,1790065622488,1,17
hot:4,GET,1790065622502,1,20
hot:8,GET,1790065622502,1,5
hot:9,SET,1790065622502,1,7
hot:11,GET,1790065622507,1,11
warm:25,GET,1790065622507,1,14
hot:1,GET,1790065622507,1,14
warm:38,GET,1790065622507,1,4
warm:23,SET,1790065622507,1,8
hot:5,GET,1790065622527,1,13
warm:35,GET,1790065622527,1,23
warm:28,SET,1790065622527,1,24
hot:4,GET,1790065622539,1,20
warm:25,GET,1790065622539,1,14
warm:26,GET,1790065622539,1,6
cold:4,GET,1790065622542,1,21
cold:18,GET,1790065622542,1,5
warm:20,GET,1790065622542,1,16
hot:2,GET,1790065622542,1,29
warm:37,GET,1790065622542,1,9
warm:28,GET,1790065622542,1,24
warm:23,GET,1790065622542,1,8
cold:34,GET,1790065622542,1,14
hot:11,GET,1790065622542,1,11
cold:23,SET,1790065622542,1,6
cold:58,GET,1790065622557,1,5
warm:25,GET,1790065622557,1,14
hot:4,GET,1790065622557,1,20
cold:44,DELETE,1790065622557,1,-1
cold:44,SET,1790065622570,0,5
hot:1,GET,1790065622585,1,14
hot:0,GET,1790065622585,1,21
hot:10,GET,1790065622585,1,26
cold:34,GET,1790065622585,1,14
cold:29,DELETE,1790065622585,1,-1
cold:29,SET,1790065622595,0,16
cold:51,GET,1790065622610,1,28
warm:39,GET,1790065622612,1,23
cold:39,GET,1790065622612,1,4
cold:37,DELETE,1790065622612,1,-1
cold:37,SET,1790065622627,0,13
hot:6,GET,1790065622640,1,17
hot:9,GET,1790065622640,1,7
hot:9,GET,1790065622640,1,7
warm:13,GET,1790065622640,1,26
warm:23,GET,1790065622640,1,8
warm:28,GET,1790065622640,1,24
hot:4,GET,1790065622640,1,20
warm:11,SET,1790065622640,1,5
cold:24,GET,1790065622651,1,11
cold:40,GET,1790065622651,1,25
hot:6,GET,1790065622651,1,17
hot:2,GET,1790065622651,1,29
warm:17,SET,1790065622651,1,9
warm:2,GET,1790065622663,1,35
hot:2,GET,1790065622663,1,29
warm:25,GET,1790065622663,1,14
hot:1,SET,1790065622663,1,5
hot:1,GET,1790065622679,1,5
hot:9,GET,1790065622679,1,7
hot:7,GET,1790065622679,1,28
hot:8,SET,1790065622679,1,7
warm:28,GET,1790065622694,1,24
hot:8,GET,1790065622694,1,7
hot:3,GET,1790065622694,1,9
hot:11,GET,1790065622694,1,11
cold:44,DELETE,1790065622694,1,-1
cold:44,SET,1790065622706,0,16
hot:11,GET,1790065622712,1,11
hot:6,GET,1790065622712,1,17
hot:1,SET,1790065622712,1,26
cold:82,GET,1790065622729,1,20
warm:2,GET,1790065622729,1,35
warm:21,GET,1790065622729,1,14
warm:32,GET,1790065622729,1,29
cold:5,GET,1790065622729,1,18
cold:57,GET,1790065622729,1,7
warm:5,SET,1790065622729,1,7
warm:38,GET,1790065622743,1,4
hot:8,GET,1790065622745,1,7
hot:5,GET,1790065622745,1,13
warm:28,SET,1790065622745,1,25
warm:20,GET,1790065622755,1,16
hot:8,EXISTS,1790065622755,1,7
hot:4,GET,1790065622755,1,20
cold:25,GET,1790065622755,1,17
hot:4,GET,1790065622755,1,20
warm:25,GET,1790065622755,1,14
warm:33,SET,1790065622755,1,7
warm:14,GET,1790065622768,1,22
warm:13,SET,1790065622768,1,13
warm:13,SET,1790065622780,1,24
cold:70,GET,1790065622792,1,19
warm:13,GET,1790065622792,1,24
cold:48,SET,1790065622792,1,18
hot:11,GET,1790065622806,1,11
warm:13,GET,1790065622806,1,24
warm:38,GET,1790065622806,1,4
hot:9,GET,1790065622806,1,7
warm:3,GET,1790065622807,1,25
hot:11,GET,1790065622807,1,11
hot:8,GET,1790065622807,1,7
warm:33,GET,1790065622807,1,7
hot:11,GET,1790065622807,1,11
warm:28,GET,1790065622807,1,25
warm:25,GET,1790065622807,1,14
hot:6,GET,1790065622807,1,17
warm:30,GET,1790065622807,1,21
warm:25,GET,1790065622807,1,14
hot:0,GET,1790065622807,1,21
warm:13,GET,1790065622807,1,24
cold:19,GET,1790065622807,1,32
warm:30,GET,1790065622807,1,21
warm:27,GET,1790065622807,1,22
cold:37,GET,1790065622807,1,13
hot:5,GET,1790065622807,1,13
warm:25,GET,1790065622807,1,14
hot:7,GET,1790065622807,1,28
warm:25,GET,1790065622807,1,14
hot:0,SET,1790065622809,1,20
hot:10,GET,1790065622820,1,26
cold:9,GET,1790065622820,1,18
warm:28,SET,1790065622820,1,28
hot:3,GET,1790065622832,1,9
warm:28,GET,1790065622832,1,28
hot:2,GET,1790065622832,1,29
warm:25,GET,1790065622832,1,14
warm:25,GET,1790065622832,1,14
cold:36,GET,1790065622832,1,12
warm:23,GET,1790065622832,1,8
hot:6,SET,1790065622832,1,10
warm:28,GET,1790065622843,1,28
hot:1,GET,1790065622843,1,26
warm:20,GET,1790065622843,1,16
warm:3,GET,1790065622843,1,25
warm:18,GET,1790065622843,1,20
hot:2,GET,1790065622843,1,29
hot:7,GET,1790065622843,1,28
warm:12,GET,1790065622843,1,20
warm:8,GET,1790065622847,1,30
warm:8,GET,1790065622847,1,30
hot:7,GET,1790065622847,1,28
cold:37,DELETE,1790065622847,1,-1
cold:37,SET,1790065622859,0,13
warm:20,GET,1790065622871,1,16
hot:4,GET,1790065622871,1,20
cold:13,GET,1790065622871,1,5
hot:0,GET,1790065622871,1,20
hot:2,GET,1790065622871,1,29
hot:2,GET,1790065622871,1,29
warm:8,GET,1790065622871,1,30
warm:38,GET,1790065622871,1,4
warm:29,SET,1790065622871,1,12
warm:13,GET,1790065622886,1,24
hot:10,GET,1790065622886,1,26
hot:0,GET,1790065622886,1,20
warm:3,GET,1790065622886,1,25
hot:8,GET,1790065622886,1,7
hot:8,GET,1790065622886,1,7
warm:20,GET,1790065622886,1,16
cold:62,GET,1790065622888,1,11
cold:19,GET,1790065622888,1,32
warm:38,GET,1790065622888,1,4
cold:19,GET,1790065622888,1,32
hot:8,SET,1790065622888,1,22
warm:14,GET,1790065622901,1,22
warm:25,GET,1790065622901,1,14
hot:10,GET,1790065622901,1,26
hot:11,SET,1790065622901,1,35
hot:11,GET,1790065622913,1,35
cold:15,GET,1790065622913,1,4
warm:19,GET,1790065622913,1,8
hot:6,SET,1790065622913,1,26
warm:38,GET,1790065622925,1,4
hot:6,SET,1790065622925,1,19
hot:9,GET,1790065622936,1,7
hot:7,GET,1790065622936,1,28
warm:24,EXISTS,1790065622936,1,4
warm:10,GET,1790065622936,1,17
warm:38,GET,1790065622936,1,4
warm:28,GET,1790065622941,1,28
hot:4,GET,1790065622941,1,20
warm:25,GET,1790065622941,1,14
warm:13,GET,1790065622941,1,24
hot:10,GET,1790065622941,1,26
cold:17,GET,1790065622941,1,15
hot:0,GET,1790065622941,1,20
warm:7,GET,1790065622941,1,33
warm:25,GET,1790065622941,1,14
cold:67,GET,1790065622941,1,5
warm:19,GET,1790065622941,1,8
warm:26,GET,1790065622941,1,6
warm:9,GET,1790065622941,1,32
hot:11,GET,1790065622941,1,35
warm:28,GET,1790065622941,1,28
cold:76,GET,1790065622941,1,26
warm:4,GET,1790065622941,1,30
warm:25,GET,1790065622941,1,14
cold:16,SET,1790065622941,1,31
hot:7,GET,1790065622954,1,28
hot:2,GET,1790065622955,1,29
warm:39,GET,1790065622955,1,23
cold:66,DELETE,1790065622955,1,-1
cold:66,SET,1790065622966,0,14
warm:38,GET,1790065622981,1,4
hot:9,GET,1790065622981,1,7
hot:6,GET,1790065622981,1,19
cold:12,GET,1790065622981,1,32
warm:28,GET,1790065622981,1,28
warm:13,GET,1790065622981,1,24
warm:25,GET,1790065622981,1,14
cold:11,GET,1790065622981,1,8
hot:6,GET,1790065622981,1,19
warm:6,GET,1790065622981,1,31
warm:20,GET,1790065622981,1,16
hot:8,GET,1790065622981,1,22
hot:7,GET,1790065622981,1,28
hot:2,GET,1790065622981,1,29
cold:2,GET,1790065622981,1,4
cold:21,GET,1790065622981,1,18
warm:16,GET,1790065622981,1,8
hot:2,GET,1790065622983,1,29
cold:68,GET,1790065622983,1,15
warm:20,GET,1790065622983,1,16
warm:8,SET,1790065622983,1,25
warm:23,GET,1790065622993,1,8
hot:0,SET,1790065622993,1,12
hot:5,GET,1790065623011,1,13
warm:24,GET,1790065623011,1,4
warm:32,GET,1790065623011,1,29
cold:71,GET,1790065623011,1,16
hot:0,GET,1790065623011,1,12
hot:1,GET,1790065623011,1,26
warm:28,GET,1790065623011,1,28
warm:13,EXISTS,1790065623011,1,24
warm:31,GET,1790065623011,1,16
cold:85,GET,1790065623011,1,17
hot:2,GET,1790065623011,1,29
hot:1,GET,1790065623011,1,26
warm:25,SET,1790065623011,1,19
hot:5,GET,1790065623026,1,13
hot:2,GET,1790065623028,1,29
hot:7,GET,1790065623028,1,28
hot:1,GET,1790065623028,1,26
warm:33,GET,1790065623028,1,7
warm:38,GET,1790065623028,1,4
warm:38,GET,1790065623028,1,4
warm:23,SET,1790065623028,1,18
hot:9,GET,1790065623040,1,7
hot:7,SET,1790065623040,1,31
cold:32,SET,1790065623045,1,16
cold:25,GET,1790065623061,1,17
warm:38,GET,1790065623061,1,4
hot:8,GET,1790065623061,1,22
hot:0,GET,1790065623061,1,12
hot:10,GET,1790065623061,1,26
hot:2,SET,1790065623061,1,17
warm:38,GET,1790065623077,1,4
warm:13,GET,1790065623077,1,24
hot:3,GET,1790065623077,1,9
hot:5,GET,1790065623077,1,13
cold:5,GET,1790065623081,1,18
warm:20,GET,1790065623081,1,16
warm:30,GET,1790065623081,1,21
warm:13,GET,1790065623081,1,24
hot:6,GET,1790065623081,1,19
warm:3,GET,1790065623081,1,25
warm:28,GET,1790065623081,1,28
hot:4,GET,1790065623081,1,20
warm:33,GET,1790065623081,1,7
warm:13,GET,1790065623081,1,24
warm:25,GET,1790065623081,1,19
hot:10,GET,1790065623081,1,26
hot:2,GET,1790065623081,1,17
warm:38,SET,1790065623081,1,29
cold:9,GET,1790065623096,1,18
hot:4,GET,1790065623096,1,20
hot:0,GET,1790065623096,1,12
warm:28,GET,1790065623096,1,28
hot:8,GET,1790065623096,1,22
cold:42,GET,1790065623096,1,17
hot:7,GET,1790065623098,1,31
warm:13,GET,1790065623098,1,24
hot:2,EXISTS,1790065623098,1,17
hot:4,GET,1790065623098,1,20
hot:7,GET,1790065623098,1,31
cold:33,GET,1790065623098,1,7
hot:6,GET,1790065623098,1,19
hot:2,GET,1790065623098,1,17
warm:38,GET,1790065623098,1,29
hot:11,SET,1790065623098,1,11
warm:25,GET,1790065623110,1,19
warm:13,GET,1790065623110,1,24
warm:28,GET,1790065623110,1,28
hot:0,GET,1790065623110,1,12
warm:9,GET,1790065623110,1,32
warm:7,GET,1790065623110,1,33
warm:38,GET,1790065623110,1,29
warm:11,GET,1790065623110,1,5
cold:2,GET,1790065623110,1,4
warm:28,GET,1790065623110,1,28
warm:20,GET,1790065623114,1,16
hot:0,GET,1790065623114,1,12
warm:28,GET,1790065623114,1,28
hot:8,GET,1790065623114,1,22
hot:8,GET,1790065623114,1,22
hot:1,GET,1790065623114,1,26
hot:10,EXISTS,1790065623114,1,26
cold:83,GET,1790065623114,1,17
warm:13,SET,1790065623114,1,5
warm:30,GET,1790065623124,1,21
warm:28,GET,1790065623124,1,28
hot:6,GET,1790065623124,1,19
cold:4,GET,1790065623124,1,21
warm:28,GET,1790065623124,1,28
hot:7,GET,1790065623124,1,31
hot:9,GET,1790065623124,1,7
hot:10,GET,1790065623124,1,26
warm:38,GET,1790065623124,1,29
warm:29,GET,1790065623124,1,12
hot:7,GET,1790065623124,1,31
warm:11,SET,1790065623128,1,4
cold:45,GET,1790065623142,1,23
hot:7,GET,1790065623142,1,31
hot:10,GET,1790065623142,1,26
cold:16,GET,1790065623142,1,31
hot:6,GET,1790065623142,1,19
cold:42,GET,1790065623142,1,17
warm:23,GET,1790065623142,1,18
warm:23,GET,1790065623142,1,18
warm:23,GET,1790065623142,1,18
cold:8,GET,1790065623142,1,7
warm:36,GET,1790065623142,1,7
hot:11,GET,1790065623142,1,11
warm:28,GET,1790065623142,1,28
warm:28,GET,1790065623142,1,28
hot:1,GET,1790065623142,1,26
hot:5,GET,1790065623142,1,13
warm:28,GET,1790065623142,1,28
hot:2,GET,1790065623142,1,17
cold:21,GET,1790065623142,1,18
hot:2,GET,1790065623144,1,17
warm:3,GET,1790065623144,1,25
hot:5,GET,1790065623144,1,13
hot:11,SET,1790065623144,1,26
hot:7,GET,1790065623157,1,31
cold:21,GET,1790065623157,1,18
warm:13,GET,1790065623157,1,5
warm:28,GET,1790065623157,1,28
warm:28,GET,1790065623157,1,28
hot:8,GET,1790065623157,1,22
hot:11,GET,1790065623157,1,26
warm:21,GET,1790065623157,1,14
warm:20,GET,1790065623157,1,16
warm:23,GET,1790065623157,1,18
hot:7,GET,1790065623157,1,31
warm:8,GET,1790065623157,1,25
warm:9,GET,1790065623157,1,32
hot:10,GET,1790065623157,1,26
cold:75,GET,1790065623157,1,34
hot:11,GET,1790065623157,1,26
warm:38,GET,1790065623159,1,29
warm:28,SET,1790065623159,1,29
hot:0,GET,1790065623174,1,12
hot:1,SET,1790065623174,1,11
warm:38,GET,1790065623187,1,29
warm:23,GET,1790065623187,1,18
warm:36,GET,1790065623187,1,7
warm:32,GET,1790065623187,1,29
hot:8,GET,1790065623187,1,22
warm:17,GET,1790065623187,1,9
warm:8,GET,1790065623187,1,25
hot:11,GET,1790065623187,1,26
hot:3,GET,1790065623187,1,9
warm:23,GET,1790065623187,1,18
warm:20,GET,1790065623187,1,16
hot:10,GET,1790065623187,1,26
hot:4,GET,1790065623187,1,20
warm:13,GET,1790065623187,1,5
cold:61,GET,1790065623187,1,18
hot:9,GET,1790065623187,1,7
warm:38,GET,1790065623190,1,29
hot:4,GET,1790065623190,1,20
hot:4,GET,1790065623190,1,20
cold:13,GET,1790065623190,1,5
hot:3,GET,1790065623190,1,9
warm:38,GET,1790065623190,1,29
warm:23,GET,1790065623190,1,18
warm:25,GET,1790065623190,1,19
warm:31,GET,1790065623190,1,16
warm:20,SET,1790065623190,1,22
hot:2,GET,1790065623203,1,17
warm:23,GET,1790065623203,1,18
warm:20,SET,1790065623203,1,9
hot:5,GET,1790065623219,1,13
cold:33,GET,1790065623219,1,7
hot:11,GET,1790065623219,1,26
hot:8,GET,1790065623219,1,22
hot:9,GET,1790065623219,1,7
hot:7,GET,1790065623219,1,31
hot:9,GET,1790065623219,1,7
warm:13,SET,1790065623220,1,12
cold:40,GET,1790065623230,1,25
warm:13,GET,1790065623230,1,12
cold:38,GET,1790065623230,1,8
cold:8,GET,1790065623230,1,7
hot:7,SET,1790065623230,1,26
warm:2,GET,1790065623244,1,35
warm:25,GET,1790065623244,1,19
warm:26,GET,1790065623244,1,6
hot:7,EXISTS,1790065623244,1,26
warm:20,GET,1790065623244,1,9
hot:4,GET,1790065623244,1,20
hot:10,GET,1790065623244,1,26
hot:1,GET,1790065623244,1,11
warm:13,GET,1790065623244,1,12
hot:11,GET,1790065623244,1,26
hot:3,GET,1790065623244,1,9
warm:26,GET,1790065623244,1,6
warm:25,GET,1790065623244,1,19
warm:33,SET,1790065623244,1,27
hot:4,GET,1790065623260,1,20
hot:5,GET,1790065623260,1,13
warm:1,GET,1790065623260,1,4
hot:0,GET,1790065623260,1,12
cold:33,SET,1790065623260,1,31
warm:23,GET,1790065623272,1,18
hot:4,GET,1790065623272,1,20
hot:8,GET,1790065623272,1,22
hot:9,SET,1790065623272,1,10
hot:11,GET,1790065623287,1,26
hot:1,GET,1790065623287,1,11
hot:9,GET,1790065623287,1,10
warm:25,GET,1790065623287,1,19
hot:7,GET,1790065623287,1,26
hot:3,GET,1790065623287,1,9
warm:38,GET,1790065623287,1,29
warm:0,GET,1790065623287,1,19
hot:11,GET,1790065623287,1,26
warm:23,GET,1790065623287,1,18
warm:38,GET,1790065623287,1,29
warm:30,GET,1790065623289,1,21
hot:1,GET,1790065623289,1,11
hot:9,GET,1790065623289,1,10
cold:68,GET,1790065623289,1,15
cold:48,GET,1790065623289,1,18
hot:11,GET,1790065623289,1,26
hot:0,GET,1790065623289,1,12
warm:4,GET,1790065623289,1,30
hot:0,SET,1790065623289,1,28
cold:65,GET,1790065623302,1,30
cold:3,GET,1790065623302,1,30
cold:6,GET,1790065623302,1,12
warm:37,GET,1790065623302,1,9
hot:0,GET,1790065623302,1,28
warm:3,GET,1790065623302,1,25
cold:47,GET,1790065623302,1,34
hot:5,GET,1790065623302,1,13
hot:6,GET,1790065623302,1,19
hot:1,GET,1790065623302,1,11
warm:10,GET,1790065623302,1,17
cold:30,GET,1790065623303,1,10
cold:7,GET,1790065623303,1,20
hot:0,GET,1790065623303,1,28
hot:6,GET,1790065623303,1,19
hot:2,GET,1790065623303,1,17
warm:20,GET,1790065623303,1,9
hot:3,GET,1790065623303,1,9
hot:6,GET,1790065623303,1,19
warm:20,GET,1790065623303,1,9
cold:31,GET,1790065623303,1,14
cold:59,GET,1790065623303,1,23
cold:8,GET,1790065623303,1,7
cold:5,GET,1790065623303,1,18
warm:38,GET,1790065623303,1,29
warm:23,GET,1790065623303,1,18
warm:38,GET,1790065623303,1,29
hot:0,SET,1790065623303,1,35
warm:24,GET,1790065623312,1,4
warm:35,GET,1790065623312,1,23
warm:9,GET,1790065623312,1,32
hot:0,GET,1790065623316,1,35
warm:7,GET,1790065623316,1,33
warm:39,GET,1790065623316,1,23
warm:13,SET,1790065623316,1,19
cold:9,GET,1790065623327,1,18
hot:9,GET,1790065623327,1,10
hot:3,GET,1790065623327,1,9
hot:4,SET,1790065623327,1,20
hot:7,GET,1790065623342,1,26
cold:80,DELETE,1790065623342,1,-1
cold:80,SET,1790065623354,0,7
hot:0,GET,1790065623364,1,35
warm:21,GET,1790065623364,1,14
cold:45,GET,1790065623364,1,23
cold:36,GET,1790065623364,1,12
hot:6,GET,1790065623364,1,19
hot:10,GET,1790065623364,1,26
warm:36,GET,1790065623364,1,7
warm:35,GET,1790065623364,1,23
hot:5,GET,1790065623364,1,13
warm:20,GET,1790065623364,1,9
warm:6,GET,1790065623369,1,31
warm:20,SET,1790065623369,1,27
hot:7,GET,1790065623379,1,26
hot:5,GET,1790065623379,1,13
warm:2,SET,1790065623379,1,32
warm:23,GET,1790065623394,1,18
hot:9,GET,1790065623394,1,10
warm:38,SET,1790065623394,1,15
warm:0,GET,1790065623405,1,19
hot:11,GET,1790065623405,1,26
warm:23,GET,1790065623405,1,18
hot:7,GET,1790065623405,1,26
warm:13,GET,1790065623405,1,19
warm:26,EXISTS,1790065623405,1,6
hot:0,GET,1790065623405,1,35
hot:11,GET,1790065623405,1,26
warm:38,GET,1790065623405,1,15
warm:28,GET,1790065623405,1,29
warm:20,GET,1790065623405,1,27
cold:23,GET,1790065623405,1,6
hot:11,GET,1790065623408,1,26
hot:9,GET,1790065623408,1,10
hot:9,GET,1790065623408,1,10
warm:13,GET,1790065623408,1,19
warm:23,GET,1790065623408,1,18
hot:11,GET,1790065623408,1,26
warm:20,SET,1790065623408,1,10
warm:38,GET,1790065623420,1,15
warm:17,GET,1790065623420,1,9
cold:41,GET,1790065623420,1,35
hot:9,EXISTS,1790065623420,1,10
warm:23,GET,1790065623420,1,18
warm:20,GET,1790065623420,1,10
warm:20,GET,1790065623420,1,10
warm:0,GET,1790065623420,1,19
hot:6,GET,1790065623420,1,19
warm:12,EXISTS,1790065623420,1,20
warm:36,SET,1790065623420,1,18
hot:10,GET,1790065623425,1,26
cold:28,GET,1790065623425,1,28
warm:20,GET,1790065623433,1,10
hot:0,GET,1790065623433,1,35
hot:3,GET,1790065623433,1,9
cold:6,GET,1790065623433,1,12
cold:43,GET,1790065623433,1,6
hot:3,GET,1790065623433,1,9
hot:8,GET,1790065623433,1,22
hot:9,GET,1790065623433,1,10
hot:0,GET,1790065623433,1,35
hot:2,EXISTS,1790065623433,1,17
warm:25,GET,1790065623433,1,19
cold:13,GET,1790065623433,1,5
hot:6,GET,1790065623433,1,19
cold:48,GET,1790065623433,1,18
hot:2,GET,1790065623433,1,17
warm:20,GET,1790065623433,1,10
warm:38,GET,1790065623433,1,15
hot:0,SET,1790065623433,1,20
hot:5,GET,1790065623442,1,13
warm:25,GET,1790065623442,1,19
warm:20,GET,1790065623448,1,10
warm:28,GET,1790065623448,1,29
hot:10,GET,1790065623448,1,26
hot:8,GET,1790065623448,1,22
hot:7,GET,1790065623448,1,26
hot:11,GET,1790065623448,1,26
hot:5,GET,1790065623448,1,13
warm:7,GET,1790065623448,1,33
cold:7,GET,1790065623448,1,20
hot:11,GET,1790065623448,1,26
hot:11,GET,1790065623448,1,26
warm:25,GET,1790065623448,1,19
warm:4,GET,1790065623448,1,30
hot:4,SET,1790065623448,1,18
hot:8,GET,1790065623456,1,22
warm:23,GET,1790065623456,1,18
warm:25,GET,1790065623456,1,19
cold:11,DELETE,1790065623456,1,-1
cold:11,SET,1790065623474,0,4
warm:25,GET,1790065623489,1,19
hot:4,GET,1790065623489,1,18
warm:28,GET,1790065623491,1,29
cold:33,GET,1790065623491,1,31
hot:3,SET,1790065623491,1,30
hot:0,GET,1790065623506,1,20
warm:25,GET,1790065623506,1,19
cold:67,SET,1790065623506,1,6
warm:20,GET,1790065623524,1,10
warm:23,GET,1790065623524,1,18
cold:31,GET,1790065623524,1,14
warm:2,GET,1790065623524,1,32
hot:2,GET,1790065623524,1,17
warm:13,GET,1790065623524,1,19
hot:7,GET,1790065623524,1,26
warm:23,GET,1790065623524,1,18
warm:23,GET,1790065623524,1,18
warm:13,GET,1790065623524,1,19
warm:25,GET,1790065623524,1,19
hot:11,GET,1790065623524,1,26
warm:38,SET,1790065623524,1,23
warm:28,GET,1790065623537,1,29
warm:38,GET,1790065623540,1,23
warm:6,GET,1790065623540,1,31
warm:1,GET,1790065623540,1,4
hot:5,GET,1790065623540,1,13
warm:27,GET,1790065623540,1,22
warm:28,SET,1790065623540,1,6
warm:25,GET,1790065623548,1,19
warm:13,GET,1790065623548,1,19
warm:28,GET,1790065623548,1,6
hot:8,GET,1790065623548,1,22
hot:5,GET,1790065623548,1,13
hot:5,GET,1790065623548,1,13
warm:19,GET,1790065623548,1,8
hot:11,GET,1790065623548,1,26
hot:9,GET,1790065623548,1,10
warm:25,GET,1790065623548,1,19
cold:15,GET,1790065623548,1,4
hot:4,GET,1790065623548,1,18
warm:28,GET,1790065623548,1,6
hot:10,GET,1790065623548,1,26
hot:8,GET,1790065623553,1,22
hot:3,GET,1790065623553,1,30
hot:1,GET,1790065623553,1,11
warm:10,GET,1790065623553,1,17
hot:1,GET,1790065623553,1,11
cold:76,GET,1790065623553,1,26
warm:39,GET,1790065623553,1,23
warm:24,GET,1790065623553,1,4
cold:87,GET,1790065623553,1,35
warm:28,SET,1790065623553,1,17
cold:6,GET,1790065623567,1,12
hot:7,GET,1790065623567,1,26
warm:24,GET,1790065623567,1,4
warm:38,GET,1790065623567,1,23
warm:11,GET,1790065623567,1,4
hot:0,GET,1790065623567,1,20
cold:27,GET,1790065623567,1,12
hot:10,GET,1790065623567,1,26
hot:11,GET,1790065623567,1,26
warm:12,GET,1790065623567,1,20
cold:71,GET,1790065623569,1,16
hot:10,GET,1790065623569,1,26
hot:5,GET,1790065623569,1,13
warm:5,GET,1790065623569,1,7
warm:25,GET,1790065623569,1,19
hot:6,GET,1790065623569,1,19
warm:38,GET,1790065623569,1,23
warm:28,GET,1790065623569,1,17
hot:10,GET,1790065623569,1,26
hot:3,GET,1790065623569,1,30
hot:5,SET,1790065623569,1,33
cold:88,GET,1790065623583,1,14
hot:8,GET,1790065623583,1,22
hot:10,GET,1790065623583,1,26
hot:5,GET,1790065623583,1,33
warm:23,GET,1790065623583,1,18
warm:13,GET,1790065623583,1,19
hot:3,GET,1790065623583,1,30
hot:4,GET,1790065623583,1,18
warm:28,GET,1790065623583,1,17
hot:9,GET,1790065623586,1,10
hot:2,GET,1790065623586,1,17
warm:34,SET,1790065623586,1,9
warm:20,GET,1790065623600,1,10
hot:2,GET,1790065623600,1,17
warm:20,GET,1790065623600,1,10
hot:3,SET,1790065623600,1,5
warm:21,GET,1790065623619,1,14
hot:10,GET,1790065623619,1,26
warm:23,GET,1790065623619,1,18
warm:5,GET,1790065623619,1,7
cold:38,GET,1790065623619,1,8
hot:9,GET,1790065623619,1,10
hot:6,SET,1790065623619,1,29
hot:9,GET,1790065623632,1,10
warm:23,GET,1790065623632,1,18
cold:41,GET,1790065623632,1,35
hot:1,SET,1790065623632,1,10
warm:13,GET,1790065623643,1,19
hot:4,GET,1790065623643,1,18
cold:80,GET,1790065623646,1,7
hot:6,GET,1790065623646,1,29
warm:20,GET,1790065623646,1,10
hot:1,GET,1790065623646,1,10
warm:38,SET,1790065623646,1,21
warm:13,GET,1790065623658,1,19
warm:11,GET,1790065623658,1,4
warm:38,SET,1790065623658,1,12
warm:11,SET,1790065623671,1,16
hot:2,GET,1790065623683,1,17
warm:27,GET,1790065623683,1,22
warm:23,GET,1790065623683,1,18
hot:8,GET,1790065623683,1,22
hot:3,GET,1790065623683,1,5
hot:5,GET,1790065623683,1,33
warm:25,GET,1790065623683,1,19
warm:23,GET,1790065623683,1,18
cold:64,GET,1790065623683,1,15
hot:3,GET,1790065623683,1,5
hot:8,GET,1790065623683,1,22
hot:5,GET,1790065623686,1,33
hot:8,GET,1790065623686,1,22
hot:6,GET,1790065623686,1,29
warm:38,GET,1790065623686,1,12
warm:20,GET,1790065623686,1,10
warm:21,GET,1790065623686,1,14
warm:20,GET,1790065623686,1,10
warm:34,GET,1790065623686,1,9
warm:0,GET,1790065623686,1,19
hot:2,GET,1790065623686,1,17
warm:20,GET,1790065623686,1,10
hot:1,GET,1790065623686,1,10
hot:9,GET,1790065623686,1,10
hot:5,GET,1790065623686,1,33
warm:25,GET,1790065623686,1,19
hot:2,GET,1790065623686,1,17
warm:39,GET,1790065623686,1,23
hot:9,GET,1790065623686,1,10
warm:38,GET,1790065623686,1,12
warm:37,GET,1790065623686,1,9
hot:3,GET,1790065623688,1,5
hot:5,SET,1790065623688,1,21
hot:3,GET,1790065623702,1,5
warm:13,GET,1790065623702,1,19
warm:3,SET,1790065623702,1,24
hot:3,GET,1790065623715,1,5
hot:4,GET,1790065623715,1,18
hot:7,SET,1790065623715,1,28
warm:13,GET,1790065623727,1,19
hot:9,GET,1790065623727,1,10
cold:82,GET,1790065623727,1,20
cold:72,GET,1790065623727,1,16
hot:11,GET,1790065623727,1,26
hot:6,GET,1790065623727,1,29
warm:13,GET,1790065623727,1,19
hot:5,SET,1790065623727,1,22
cold:18,GET,1790065623737,1,5
warm:16,GET,1790065623737,1,8
warm:13,GET,1790065623737,1,19
hot:5,GET,1790065623737,1,22
warm:26,GET,1790065623743,1,6
hot:4,GET,1790065623743,1,18
hot:1,GET,1790065623743,1,10
warm:23,GET,1790065623743,1,18
hot:3,GET,1790065623743,1,5
warm:38,GET,1790065623743,1,12
hot:1,GET,1790065623743,1,10
hot:10,GET,1790065623743,1,26
warm:26,GET,1790065623743,1,6
hot:6,GET,1790065623743,1,29
warm:10,GET,1790065623743,1,17
warm:13,GET,1790065623743,1,19
warm:20,GET,1790065623743,1,10
cold:1,SET,1790065623743,1,12
warm:28,GET,1790065623756,1,17
cold:45,GET,1790065623756,1,23
hot:6,GET,1790065623756,1,29
cold:45,GET,1790065623756,1,23
warm:20,GET,1790065623756,1,10
hot:6,GET,1790065623756,1,29
hot:11,GET,1790065623757,1,26
hot:4,GET,1790065623757,1,18
warm:28,GET,1790065623757,1,17
cold:64,SET,1790065623757,1,26
warm:2,GET,1790065623771,1,32
hot:0,GET,1790065623771,1,20
hot:6,GET,1790065623771,1,29
hot:1,SET,1790065623771,1,17
warm:28,SET,1790065623782,1,20
warm:13,GET,1790065623794,1,19
warm:20,GET,1790065623794,1,10
warm:28,SET,1790065623794,1,10
warm:28,GET,1790065623806,1,10
hot:3,GET,1790065623806,1,5
hot:1,GET,1790065623806,1,17
warm:31,GET,1790065623806,1,16
hot:7,GET,1790065623806,1,28
cold:67,GET,1790065623806,1,6
hot:9,SET,1790065623806,1,34
hot:1,GET,1790065623814,1,17
hot:0,GET,1790065623819,1,20
cold:62,GET,1790065623819,1,11
warm:38,GET,1790065623819,1,12
cold:70,DELETE,1790065623819,1,-1
cold:70,SET,1790065623827,0,4
warm:25,GET,1790065623843,1,19
hot:3,SET,1790065623843,1,12
warm:20,GET,1790065623854,1,10
warm:38,SET,1790065623854,1,6
hot:10,GET,1790065623867,1,26
cold:78,GET,1790065623867,1,5
warm:16,GET,1790065623867,1,8
warm:25,GET,1790065623867,1,19
hot:8,GET,1790065623867,1,22
warm:34,GET,1790065623867,1,9
warm:25,GET,1790065623867,1,19
hot:10,GET,1790065623867,1,26
warm:23,GET,1790065623867,1,18
hot:7,GET,1790065623867,1,28
cold:69,DELETE,1790065623867,1,-1
cold:69,SET,1790065623875,0,10
warm:29,GET,1790065623888,1,12
warm:38,GET,1790065623892,1,6
warm:28,GET,1790065623892,1,10
warm:20,GET,1790065623892,1,10
hot:2,GET,1790065623892,1,17
hot:8,GET,1790065623892,1,22
warm:20,GET,1790065623892,1,10
hot:8,GET,1790065623892,1,22
hot:9,GET,1790065623892,1,34
cold:28,GET,1790065623892,1,28
warm:11,GET,1790065623892,1,16
warm:37,SET,1790065623892,1,11
warm:28,GET,1790065623901,1,10
cold:68,GET,1790065623901,1,15
hot:7,GET,1790065623901,1,28
warm:32,GET,1790065623901,1,29
hot:10,SET,1790065623901,1,22
warm:20,GET,1790065623909,1,10
hot:7,GET,1790065623909,1,28
hot:7,GET,1790065623909,1,28
hot:11,GET,1790065623909,1,26
hot:3,GET,1790065623917,1,12
hot:9,GET,1790065623917,1,34
hot:4,GET,1790065623917,1,18
hot:6,GET,1790065623917,1,29
warm:10,GET,1790065623917,1,17
warm:2,GET,1790065623917,1,32
warm:25,GET,1790065623917,1,19
cold:50,DELETE,1790065623917,1,-1
cold:50,SET,1790065623927,0,4
warm:13,GET,1790065623947,1,19
warm:36,GET,1790065623947,1,18
warm:23,GET,1790065623947,1,18
hot:2,GET,1790065623947,1,17
warm:25,GET,1790065623947,1,19
warm:20,GET,1790065623947,1,10
hot:7,GET,1790065623947,1,28
hot:1,GET,1790065623947,1,17
warm:13,GET,1790065623947,1,19
hot:10,GET,1790065623947,1,22
hot:11,GET,1790065623947,1,26
hot:9,GET,1790065623947,1,34
warm:1,GET,1790065623948,1,4
hot:5,GET,1790065623948,1,22
hot:10,GET,1790065623948,1,22
warm:28,GET,1790065623948,1,10
hot:3,GET,1790065623948,1,12
warm:14,GET,1790065623948,1,22
hot:0,GET,1790065623948,1,20
warm:27,GET,1790065623948,1,22
warm:19,SET,1790065623948,1,9
warm:38,GET,1790065623960,1,6
warm:4,GET,1790065623960,1,30
cold:39,GET,1790065623960,1,4
warm:23,GET,1790065623960,1,18
hot:5,GET,1790065623960,1,22
warm:13,SET,1790065623960,1,11
cold:14,DELETE,1790065623965,1,-1
cold:14,SET,1790065623984,0,12
warm:25,GET,1790065624001,1,19
warm:33,GET,1790065624001,1,27
warm:23,GET,1790065624001,1,18
hot:2,GET,1790065624001,1,17
cold:65,GET,1790065624004,1,30
warm:37,GET,1790065624004,1,11
hot:0,GET,1790065624004,1,20
hot:4,GET,1790065624004,1,18
hot:10,SET,1790065624004,1,27
hot:3,SET,1790065624016,1,16
hot:3,GET,1790065624019,1,16
warm:16,EXISTS,1790065624019,1,8
hot:1,GET,1790065624019,1,17
hot:5,GET,1790065624019,1,22
hot:3,GET,1790065624019,1,16
warm:27,GET,1790065624019,1,22
warm:29,GET,1790065624019,1,12
warm:1,GET,1790065624019,1,4
cold:61,GET,1790065624019,1,18
hot:7,GET,1790065624019,1,28
hot:10,GET,1790065624019,1,27
hot:10,GET,1790065624019,1,27
warm:16,GET,1790065624019,1,8
warm:36,GET,1790065624019,1,18
hot:8,GET,1790065624033,1,22
hot:3,GET,1790065624033,1,16
hot:9,GET,1790065624033,1,34
hot:1,GET,1790065624033,1,17
hot:6,GET,1790065624033,1,29
hot:2,GET,1790065624033,1,17
hot:4,EXISTS,1790065624033,1,18
hot:3,GET,1790065624033,1,16
warm:16,GET,1790065624033,1,8
cold:30,GET,1790065624033,1,10
hot:11,GET,1790065624033,1,26
warm:4,GET,1790065624033,1,30
hot:8,GET,1790065624033,1,22
cold:50,GET,1790065624033,1,4
warm:27,GET,1790065624033,1,22
hot:6,GET,1790065624033,1,29
cold:36,GET,1790065624033,1,12
hot:4,GET,1790065624033,1,18
hot:11,GET,1790065624033,1,26
hot:9,GET,1790065624033,1,34
cold:9,DELETE,1790065624034,1,-1
cold:9,SET,1790065624046,0,19
hot:7,GET,1790065624062,1,28
warm:16,GET,1790065624062,1,8
warm:27,GET,1790065624062,1,22
hot:1,GET,1790065624062,1,17
cold:89,GET,1790065624062,1,15
cold:89,DELETE,1790065624062,1,-1
cold:89,SET,1790065624075,0,11
hot:5,GET,1790065624087,1,22
warm:22,EXISTS,1790065624087,1,25
hot:9,GET,1790065624087,1,34
hot:1,GET,1790065624087,1,17
hot:6,SET,1790065624087,1,25
warm:38,GET,1790065624103,1,6
cold:83,GET,1790065624103,1,17
hot:3,GET,1790065624103,1,16
hot:10,GET,1790065624103,1,27
warm:38,GET,1790065624103,1,6
warm:16,GET,1790065624103,1,8
warm:27,GET,1790065624103,1,22
hot:7,GET,1790065624103,1,28
hot:7,GET,1790065624105,1,28
hot:3,GET,1790065624105,1,16
warm:38,GET,1790065624105,1,6
warm:27,GET,1790065624105,1,22
warm:19,GET,1790065624105,1,9
hot:4,GET,1790065624105,1,18
warm:22,GET,1790065624105,1,25
hot:8,GET,1790065624105,1,22
warm:22,GET,1790065624105,1,25
warm:16,GET,1790065624105,1,8
hot:8,GET,1790065624105,1,22
warm:16,GET,1790065624105,1,8
hot:2,GET,1790065624105,1,17
warm:22,GET,1790065624105,1,25
cold:71,GET,1790065624105,1,16
hot:8,SET,1790065624105,1,6
warm:7,GET,1790065624115,1,33
cold:1,GET,1790065624115,1,12
hot:1,GET,1790065624115,1,17
warm:39,GET,1790065624115,1,23
warm:3,GET,1790065624119,1,24
hot:5,GET,1790065624119,1,22
hot:5,GET,1790065624119,1,22
warm:37,GET,1790065624119,1,11
hot:8,GET,1790065624119,1,6
hot:0,GET,1790065624119,1,20
hot:4,SET,1790065624119,1,16
hot:5,GET,1790065624133,1,22
cold:81,GET,1790065624133,1,22
hot:3,GET,1790065624133,1,16
warm:25,GET,1790065624133,1,19
warm:22,GET,1790065624133,1,25
cold:58,GET,1790065624133,1,5
hot:7,GET,1790065624133,1,28
warm:27,GET,1790065624133,1,22
hot:6,GET,1790065624133,1,25
warm:27,GET,1790065624133,1,22
hot:9,GET,1790065624133,1,34
warm:25,GET,1790065624133,1,19
warm:1,GET,1790065624133,1,4
hot:10,GET,1790065624134,1,27
hot:2,GET,1790065624134,1,17
hot:4,GET,1790065624134,1,16
hot:6,GET,1790065624134,1,25
hot:6,GET,1790065624134,1,25
warm:22,GET,1790065624134,1,25
warm:37,GET,1790065624134,1,11
hot:5,GET,1790065624134,1,22
cold:38,GET,1790065624134,1,8
hot:8,GET,1790065624134,1,6
warm:31,GET,1790065624134,1,16
cold:70,GET,1790065624134,1,4
hot:4,GET,1790065624134,1,16
warm:38,GET,1790065624134,1,6
warm:38,GET,1790065624134,1,6
hot:0,SET,1790065624134,1,23
hot:11,GET,1790065624144,1,26
warm:21,GET,1790065624144,1,14
cold:38,GET,1790065624144,1,8
hot:6,GET,1790065624144,1,25
hot:4,GET,1790065624148,1,16
warm:19,GET,1790065624148,1,9
warm:38,GET,1790065624148,1,6
hot:9,GET,1790065624148,1,34
cold:14,GET,1790065624148,1,12
cold:15,DELETE,1790065624148,1,-1
cold:15,SET,1790065624158,0,11
warm:37,GET,1790065624172,1,11
warm:19,SET,1790065624172,1,27
hot:6,GET,1790065624186,1,25
warm:16,GET,1790065624186,1,8
cold:9,GET,1790065624186,1,19
warm:16,GET,1790065624186,1,8
hot:3,GET,1790065624186,1,16
warm:37,GET,1790065624186,1,11
warm:16,SET,1790065624186,1,27
warm:36,GET,1790065624199,1,18
cold:49,GET,1790065624199,1,13
hot:10,GET,1790065624199,1,27
hot:3,GET,1790065624199,1,16
hot:3,GET,1790065624199,1,16
hot:0,SET,1790065624202,1,7
hot:9,GET,1790065624212,1,34
hot:6,GET,1790065624212,1,25
warm:16,GET,1790065624212,1,27
hot:0,GET,1790065624212,1,7
hot:5,GET,1790065624212,1,22
hot:9,GET,1790065624212,1,34
warm:19,GET,1790065624212,1,27
hot:5,GET,1790065624212,1,22
hot:11,GET,1790065624212,1,26
warm:19,GET,1790065624212,1,27
warm:22,GET,1790065624212,1,25
hot:1,GET,1790065624212,1,17
hot:5,GET,1790065624212,1,22
warm:16,GET,1790065624212,1,27
hot:6,GET,1790065624212,1,25
warm:13,GET,1790065624212,1,11
hot:4,GET,1790065624212,1,16
warm:37,GET,1790065624212,1,11
warm:19,GET,1790065624212,1,27
hot:0,GET,1790065624216,1,7
warm:27,GET,1790065624216,1,22
warm:38,GET,1790065624216,1,6
cold:81,SET,1790065624216,1,23
hot:2,GET,1790065624228,1,17
warm:27,GET,1790065624228,1,22
hot:7,GET,1790065624228,1,28
hot:5,GET,1790065624228,1,22
hot:0,SET,1790065624228,1,12
hot:11,GET,1790065624242,1,26
warm:16,GET,1790065624242,1,27
hot:11,GET,1790065624242,1,26
hot:9,GET,1790065624242,1,34
hot:0,GET,1790065624242,1,12
hot:0,EXISTS,1790065624242,1,12
warm:38,GET,1790065624242,1,6
cold:61,GET,1790065624242,1,18
warm:2,GET,1790065624242,1,32
hot:9,SET,1790065624242,1,17
warm:4,GET,1790065624255,1,30
warm:22,GET,1790065624258,1,25
hot:9,GET,1790065624258,1,17
hot:4,SET,1790065624258,1,35
hot:4,GET,1790065624271,1,35
warm:8,GET,1790065624271,1,25
warm:37,SET,1790065624271,1,25
warm:22,GET,1790065624285,1,25
warm:1,GET,1790065624285,1,4
cold:5,SET,1790065624285,1,15
hot:1,GET,1790065624299,1,17
cold:1,GET,1790065624299,1,12
cold:4,GET,1790065624299,1,21
warm:27,GET,1790065624299,1,22
hot:5,GET,1790065624299,1,22
warm:32,GET,1790065624299,1,29
hot:11,GET,1790065624299,1,26
warm:27,GET,1790065624299,1,22
hot:8,SET,1790065624299,1,20
warm:27,GET,1790065624311,1,22
hot:1,GET,1790065624311,1,17
cold:74,GET,1790065624313,1,16
warm:27,GET,1790065624313,1,22
hot:3,GET,1790065624313,1,16
hot:11,GET,1790065624313,1,26
hot:3,GET,1790065624313,1,16
hot:4,SET,1790065624313,1,18
warm:16,GET,1790065624325,1,27
hot:11,GET,1790065624325,1,26
hot:3,GET,1790065624325,1,16
hot:3,GET,1790065624325,1,16
warm:16,GET,1790065624325,1,27
hot:4,GET,1790065624325,1,18
cold:40,GET,1790065624325,1,25
warm:22,GET,1790065624325,1,25
hot:10,GET,1790065624325,1,27
warm:14,GET,1790065624325,1,22
hot:9,GET,1790065624325,1,17
hot:2,GET,1790065624325,1,17
warm:37,GET,1790065624325,1,25
hot:8,GET,1790065624325,1,20
warm:22,GET,1790065624328,1,25
warm:22,GET,1790065624328,1,25
hot:8,SET,1790065624328,1,23
warm:37,GET,1790065624338,1,25
hot:4,GET,1790065624338,1,18
hot:3,GET,1790065624338,1,16
hot:5,GET,1790065624338,1,22
hot:9,GET,1790065624338,1,17
warm:37,GET,1790065624338,1,25
hot:8,GET,1790065624338,1,23
hot:11,GET,1790065624338,1,26
hot:7,GET,1790065624338,1,28
hot:0,GET,1790065624338,1,12
hot:2,GET,1790065624338,1,17
cold:29,GET,1790065624338,1,16
warm:16,GET,1790065624338,1,27
warm:19,GET,1790065624338,1,27
warm:16,GET,1790065624338,1,27
cold:49,SET,1790065624338,1,35
warm:14,GET,1790065624355,1,22
hot:0,GET,1790065624356,1,12
cold:44,GET,1790065624356,1,16
warm:0,GET,1790065624356,1,19
cold:1,GET,1790065624356,1,12
hot:10,GET,1790065624356,1,27
warm:10,GET,1790065624356,1,17
hot:6,GET,1790065624356,1,25
warm:27,GET,1790065624356,1,22
hot:4,EXISTS,1790065624356,1,18
hot:8,GET,1790065624356,1,23
cold:61,GET,1790065624356,1,18
hot:3,GET,1790065624356,1,16
hot:2,GET,1790065624356,1,17
warm:1,GET,1790065624356,1,4
warm:27,GET,1790065624356,1,22
hot:0,GET,1790065624356,1,12
hot:5,GET,1790065624356,1,22
hot:1,GET,1790065624356,1,17
hot:8,GET,1790065624356,1,23
hot:0,GET,1790065624356,1,12
warm:33,GET,1790065624358,1,27
warm:27,GET,1790065624358,1,22
warm:27,GET,1790065624358,1,22
warm:15,SET,1790065624358,1,22
cold:28,SET,1790065624375,1,26
hot:3,GET,1790065624393,1,16
hot:6,GET,1790065624393,1,25
hot:10,GET,1790065624393,1,27
warm:19,GET,1790065624393,1,27
warm:28,EXISTS,1790065624393,1,10
hot:8,GET,1790065624393,1,23
warm:22,GET,1790065624393,1,25
hot:4,GET,1790065624393,1,18
warm:16,GET,1790065624393,1,27
warm:37,GET,1790065624393,1,25
cold:7,SET,1790065624393,1,24
warm:38,GET,1790065624408,1,6
hot:6,GET,1790065624408,1,25
warm:19,GET,1790065624408,1,27
warm:16,GET,1790065624408,1,27
cold:27,GET,1790065624411,1,12
cold:56,GET,1790065624411,1,17
cold:40,GET,1790065624411,1,25
hot:11,GET,1790065624411,1,26
hot:10,GET,1790065624411,1,27
warm:37,GET,1790065624411,1,25
warm:19,GET,1790065624411,1,27
hot:11,GET,1790065624411,1,26
hot:9,GET,1790065624411,1,17
hot:9,GET,1790065624411,1,17
warm:38,GET,1790065624411,1,6
hot:5,GET,1790065624411,1,22
hot:4,GET,1790065624411,1,18
hot:6,GET,1790065624411,1,25
hot:9,GET,1790065624411,1,17
hot:2,GET,1790065624411,1,17
cold:71,GET,1790065624411,1,16
hot:4,GET,1790065624411,1,18
hot:1,GET,1790065624411,1,17
cold:61,GET,1790065624411,1,18
cold:74,GET,1790065624412,1,16
hot:4,GET,1790065624412,1,18
warm:4,GET,1790065624412,1,30
warm:17,GET,1790065624412,1,9
warm:12,SET,1790065624412,1,12
warm:32,GET,1790065624425,1,29
cold:17,GET,1790065624425,1,15
hot:0,GET,1790065624425,1,12
cold:28,GET,1790065624425,1,26
cold:67,DELETE,1790065624425,1,-1
cold:67,SET,1790065624439,0,19
warm:3,GET,1790065624450,1,24
warm:27,GET,1790065624450,1,22
hot:9,SET,1790065624450,1,13
warm:36,GET,1790065624460,1,18
warm:22,GET,1790065624460,1,25
hot:3,GET,1790065624460,1,16
cold:11,GET,1790065624460,1,4
warm:37,GET,1790065624460,1,25
cold:78,GET,1790065624460,1,5
hot:1,GET,1790065624460,1,17
hot:11,GET,1790065624463,1,26
hot:10,GET,1790065624463,1,27
hot:4,GET,1790065624463,1,18
hot:7,GET,1790065624463,1,28
warm:38,GET,1790065624463,1,6
warm:19,GET,1790065624463,1,27
hot:2,GET,1790065624463,1,17
cold:6,GET,1790065624463,1,12
warm:22,GET,1790065624463,1,25
warm:26,GET,1790065624463,1,6
warm:6,SET,1790065624463,1,9
hot:11,GET,1790065624477,1,26
hot:9,GET,1790065624477,1,13
hot:0,GET,1790065624477,1,12
warm:38,SET,1790065624477,1,6
hot:3,GET,1790065624492,1,16
warm:16,GET,1790065624492,1,27
warm:19,GET,1790065624492,1,27
hot:9,GET,1790065624492,1,13
hot:11,GET,1790065624492,1,26
warm:22,GET,1790065624494,1,25
hot:8,GET,1790065624494,1,23
cold:2,GET,1790065624494,1,4
warm:22,GET,1790065624494,1,25
hot:5,GET,1790065624494,1,22
cold:58,GET,1790065624494,1,5
warm:38,GET,1790065624494,1,6
hot:8,GET,1790065624494,1,23
hot:0,GET,1790065624494,1,12
warm:30,SET,1790065624494,1,27
hot:1,EXISTS,1790065624510,1,17
warm:37,GET,1790065624510,1,25
warm:36,GET,1790065624510,1,18
warm:37,GET,1790065624510,1,25
hot:8,GET,1790065624510,1,23
warm:19,GET,1790065624510,1,27
hot:9,GET,1790065624510,1,13
warm:26,GET,1790065624510,1,6
warm:27,SET,1790065624510,1,4
warm:16,GET,1790065624526,1,27
warm:13,GET,1790065624528,1,11
hot:0,GET,1790065624528,1,12
hot:1,GET,1790065624528,1,17
warm:26,GET,1790065624528,1,6
hot:8,GET,1790065624528,1,23
hot:0,GET,1790065624528,1,12
hot:1,GET,1790065624528,1,17
warm:22,GET,1790065624528,1,25
cold:11,GET,1790065624528,1,4
hot:1,GET,1790065624528,1,17
warm:19,GET,1790065624528,1,27
hot:2,GET,1790065624528,1,17
hot:8,GET,1790065624528,1,23
cold:67,GET,1790065624528,1,19
hot:5,GET,1790065624528,1,22
warm:22,GET,1790065624528,1,25
warm:0,GET,1790065624528,1,19
warm:11,GET,1790065624528,1,16
warm:33,GET,1790065624528,1,27
warm:19,GET,1790065624528,1,27
warm:22,GET,1790065624529,1,25
warm:17,EXISTS,1790065624529,1,9
warm:16,GET,1790065624529,1,27
cold:58,DELETE,1790065624529,1,-1
cold:58,SET,1790065624544,0,8
cold:46,GET,1790065624560,1,30
warm:22,GET,1790065624560,1,25
hot:1,GET,1790065624560,1,17
warm:22,GET,1790065624560,1,25
hot:2,GET,1790065624560,1,17
hot:3,GET,1790065624560,1,16
warm:37,GET,1790065624560,1,25
warm:37,GET,1790065624560,1,25
cold:52,GET,1790065624560,1,13
cold:30,DELETE,1790065624560,1,-1
cold:30,SET,1790065624575,0,19
warm:27,GET,1790065624589,1,4
hot:1,GET,1790065624589,1,17
warm:27,GET,1790065624589,1,4
hot:6,GET,1790065624589,1,25
hot:1,GET,1790065624589,1,17
hot:8,GET,1790065624589,1,23
warm:22,GET,1790065624591,1,25
warm:19,GET,1790065624591,1,27
warm:22,GET,1790065624591,1,25
warm:38,GET,1790065624591,1,6
cold:48,GET,1790065624591,1,18
warm:16,GET,1790065624591,1,27
hot:5,GET,1790065624591,1,22
warm:7,GET,1790065624591,1,33
warm:37,GET,1790065624591,1,25
warm:28,GET,1790065624591,1,10
hot:1,GET,1790065624591,1,17
warm:16,GET,1790065624591,1,27
cold:86,GET,1790065624591,1,32
warm:19,GET,1790065624591,1,27
warm:16,GET,1790065624591,1,27
hot:4,GET,1790065624591,1,18
warm:38,GET,1790065624591,1,6
warm:27,GET,1790065624591,1,4
warm:25,GET,1790065624591,1,19
warm:37,GET,1790065624591,1,25
warm:19,GET,1790065624592,1,27
hot:5,GET,1790065624592,1,22
cold:38,GET,1790065624592,1,8
hot:9,SET,1790065624592,1,14
cold:14,GET,1790065624605,1,12
warm:35,GET,1790065624605,1,23
hot:1,GET,1790065624605,1,17
hot:6,GET,1790065624605,1,25
warm:22,GET,1790065624605,1,25
hot:1,GET,1790065624605,1,17
hot:2,GET,1790065624605,1,17
hot:11,GET,1790065624605,1,26
cold:12,GET,1790065624605,1,32
hot:0,GET,1790065624605,1,12
cold:61,GET,1790065624605,1,18
hot:11,GET,1790065624605,1,26
cold:86,GET,1790065624605,1,32
hot:2,GET,1790065624605,1,17
warm:37,GET,1790065624605,1,25
warm:26,GET,1790065624605,1,6
hot:3,GET,1790065624607,1,16
warm:19,GET,1790065624607,1,27
hot:0,GET,1790065624607,1,12
warm:10,GET,1790065624607,1,17
hot:9,GET,1790065624607,1,14
warm:16,GET,1790065624607,1,27
hot:5,GET,1790065624607,1,22
hot:5,GET,1790065624607,1,22
hot:6,GET,1790065624607,1,25
hot:10,GET,1790065624607,1,27
hot:3,GET,1790065624607,1,16
hot:3,GET,1790065624607,1,16
warm:37,GET,1790065624607,1,25
warm:26,GET,1790065624607,1,6
warm:16,GET,1790065624607,1,27
hot:0,SET,1790065624607,1,15
hot:8,GET,1790065624624,1,23
warm:32,GET,1790065624624,1,29
hot:7,GET,1790065624624,1,28
cold:88,GET,1790065624624,1,14
hot:4,GET,1790065624625,1,18
hot:6,GET,1790065624625,1,25
hot:1,GET,1790065624625,1,17
cold:32,GET,1790065624625,1,16
hot:1,GET,1790065624625,1,17
hot:8,GET,1790065624625,1,23
warm:38,SET,1790065624625,1,11
hot:3,GET,1790065624638,1,16
warm:27,GET,1790065624638,1,4
hot:1,GET,1790065624638,1,17
warm:27,GET,1790065624638,1,4
cold:32,GET,1790065624638,1,16
hot:4,GET,1790065624638,1,18
hot:11,GET,1790065624638,1,26
warm:19,GET,1790065624638,1,27
hot:9,GET,1790065624638,1,14
warm:16,GET,1790065624638,1,27
warm:22,GET,1790065624638,1,25
warm:16,GET,1790065624638,1,27
warm:11,GET,1790065624638,1,16
warm:39,GET,1790065624640,1,23
warm:19,GET,1790065624640,1,27
hot:11,GET,1790065624640,1,26
warm:18,SET,1790065624640,1,11
warm:13,GET,1790065624648,1,11
warm:3,GET,1790065624648,1,24
warm:1,SET,1790065624648,1,34
warm:16,GET,1790065624660,1,27
warm:18,GET,1790065624660,1,11
warm:16,GET,1790065624660,1,27
cold:23,GET,1790065624660,1,6
warm:22,GET,1790065624660,1,25
warm:16,GET,1790065624660,1,27
hot:9,GET,1790065624660,1,14
warm:37,GET,1790065624660,1,25
hot:11,GET,1790065624660,1,26
warm:27,GET,1790065624660,1,4
hot:7,GET,1790065624660,1,28
warm:5,GET,1790065624660,1,7
warm:15,GET,1790065624660,1,22
hot:5,GET,1790065624665,1,22
warm:15,GET,1790065624665,1,22
cold:3,GET,1790065624665,1,30
hot:11,GET,1790065624665,1,26
hot:8,GET,1790065624665,1,23
cold:35,GET,1790065624665,1,20
hot:9,GET,1790065624665,1,14
hot:2,GET,1790065624665,1,17
warm:38,SET,1790065624665,1,12
cold:20,GET,1790065624677,1,9
hot:8,GET,1790065624677,1,23
warm:18,GET,1790065624677,1,11
hot:6,GET,1790065624677,1,25
cold:27,GET,1790065624677,1,12
hot:5,SET,1790065624677,1,35
hot:6,GET,1790065624690,1,25
warm:22,GET,1790065624690,1,25
warm:36,GET,1790065624690,1,18
warm:0,SET,1790065624690,1,32
warm:16,GET,1790065624703,1,27
hot:4,GET,1790065624705,1,18
hot:4,GET,1790065624705,1,18
warm:16,GET,1790065624705,1,27
warm:26,GET,1790065624705,1,6
hot:3,GET,1790065624705,1,16
hot:7,GET,1790065624705,1,28
hot:5,GET,1790065624705,1,35
warm:16,GET,1790065624705,1,27
hot:11,GET,1790065624705,1,26
warm:19,SET,1790065624705,1,26
hot:1,GET,1790065624716,1,17
warm:38,GET,1790065624716,1,12
hot:6,GET,1790065624716,1,25
warm:37,GET,1790065624716,1,25
warm:31,GET,1790065624716,1,16
cold:76,GET,1790065624716,1,26
warm:38,GET,1790065624716,1,12
cold:81,GET,1790065624716,1,23
hot:0,GET,1790065624716,1,15
hot:5,GET,1790065624716,1,35
hot:4,GET,1790065624718,1,18
hot:5,GET,1790065624718,1,35
warm:19,SET,1790065624718,1,33
warm:28,GET,1790065624729,1,10
warm:19,GET,1790065624729,1,33
hot:1,GET,1790065624729,1,17
cold:57,GET,1790065624729,1,7
hot:6,SET,1790065624729,1,23
warm:35,GET,1790065624735,1,23
hot:2,GET,1790065624735,1,17
warm:12,GET,1790065624735,1,12
hot:1,GET,1790065624735,1,17
hot:8,GET,1790065624735,1,23
warm:38,SET,1790065624735,1,8
cold:47,DELETE,1790065624754,1,-1
cold:47,SET,1790065624765,0,15
warm:27,GET,1790065624774,1,4
hot:8,GET,1790065624774,1,23
hot:1,GET,1790065624774,1,17
warm:4,GET,1790065624774,1,30
warm:0,GET,1790065624774,1,32
warm:37,GET,1790065624781,1,25
hot:6,GET,1790065624781,1,23
cold:70,DELETE,1790065624781,1,-1
cold:70,SET,1790065624791,0,19
cold:32,GET,1790065624808,1,16
hot:6,GET,1790065624808,1,23
hot:6,GET,1790065624808,1,23
hot:4,GET,1790065624808,1,18
hot:1,GET,1790065624808,1,17
cold:79,GET,1790065624808,1,18
hot:8,EXISTS,1790065624808,1,23
cold:86,GET,1790065624808,1,32
hot:0,GET,1790065624808,1,15
warm:37,GET,1790065624808,1,25
hot:2,GET,1790065624808,1,17
cold:17,DELETE,1790065624808,1,-1
cold:17,SET,1790065624823,0,19
warm:32,GET,1790065624834,1,29
hot:4,SET,1790065624834,1,10
hot:7,GET,1790065624853,1,28
warm:37,GET,1790065624853,1,25
hot:2,GET,1790065624853,1,17
hot:1,GET,1790065624856,1,17
hot:11,GET,1790065624856,1,26
hot:4,SET,1790065624856,1,8
hot:0,GET,1790065624869,1,15
hot:0,SET,1790065624869,1,7
hot:0,GET,1790065624882,1,7
hot:6,GET,1790065624882,1,23
hot:1,GET,1790065624882,1,17
hot:8,GET,1790065624882,1,23
hot:9,GET,1790065624882,1,14
warm:3,GET,1790065624884,1,24
hot:11,GET,1790065624884,1,26
warm:34,GET,1790065624884,1,9
hot:2,GET,1790065624884,1,17
hot:6,GET,1790065624884,1,23
hot:4,GET,1790065624884,1,8
warm:37,GET,1790065624884,1,25
cold:76,GET,1790065624884,1,26
cold:35,GET,1790065624884,1,20
hot:0,GET,1790065624884,1,7
hot:9,GET,1790065624885,1,14
cold:45,GET,1790065624885,1,23
hot:5,GET,1790065624885,1,35
warm:22,GET,1790065624885,1,25
cold:30,DELETE,1790065624885,1,-1
cold:30,SET,1790065624896,0,6
hot:3,GET,1790065624911,1,16
hot:10,GET,1790065624911,1,27
hot:9,GET,1790065624911,1,14
hot:11,GET,1790065624911,1,26
warm:8,GET,1790065624911,1,25
warm:21,GET,1790065624911,1,14
cold:54,GET,1790065624911,1,11
warm:31,GET,1790065624911,1,16
hot:8,GET,1790065624911,1,23
warm:38,GET,1790065624911,1,8
warm:19,GET,1790065624911,1,33
warm:22,GET,1790065624911,1,25
cold:82,GET,1790065624911,1,20
warm:22,GET,1790065624911,1,25
cold:44,GET,1790065624911,1,16
hot:7,GET,1790065624913,1,28
warm:31,EXISTS,1790065624913,1,16
hot:2,GET,1790065624913,1,17
cold:7,GET,1790065624913,1,24
hot:4,GET,1790065624913,1,8
cold:72,GET,1790065624913,1,16
warm:16,GET,1790065624913,1,27
hot:5,GET,1790065624913,1,35
hot:1,GET,1790065624913,1,17
warm:39,GET,1790065624913,1,23
hot:3,GET,1790065624913,1,16
warm:27,GET,1790065624913,1,4
hot:9,SET,1790065624913,1,7
cold:9,GET,1790065624926,1,19
hot:7,GET,1790065624926,1,28
warm:12,SET,1790065624926,1,27
hot:2,SET,1790065624936,1,31
warm:28,GET,1790065624944,1,10
warm:37,GET,1790065624944,1,25
cold:74,SET,1790065624944,1,32
warm:20,GET,1790065624962,1,10
hot:3,GET,1790065624962,1,16
cold:49,GET,1790065624962,1,35
warm:16,GET,1790065624962,1,27
hot:7,GET,1790065624962,1,28
hot:3,SET,1790065624962,1,18
hot:10,GET,1790065624971,1,27
hot:10,GET,1790065624971,1,27
warm:17,GET,1790065624971,1,9
hot:1,GET,1790065624971,1,17
warm:38,GET,1790065624971,1,8
hot:3,GET,1790065624971,1,18
warm:37,GET,1790065624971,1,25
warm:11,GET,1790065624971,1,16
cold:37,GET,1790065624971,1,13
cold:12,GET,1790065624971,1,32
warm:16,GET,1790065624971,1,27
warm:22,GET,1790065624971,1,25
hot:5,GET,1790065624971,1,35
hot:7,GET,1790065624971,1,28
hot:5,GET,1790065624974,1,35
hot:9,GET,1790065624974,1,7
warm:31,SET,1790065624974,1,17
cold:82,SET,1790065624985,1,9
warm:27,GET,1790065624996,1,4
hot:11,GET,1790065624996,1,26
warm:38,SET,1790065624996,1,14
hot:3,GET,1790065625006,1,18
cold:65,GET,1790065625006,1,30
warm:38,GET,1790065625006,1,14
warm:37,GET,1790065625006,1,25
hot:11,GET,1790065625006,1,26
warm:26,GET,1790065625006,1,6
hot:0,GET,1790065625006,1,7
cold:33,GET,1790065625006,1,31
cold:71,DELETE,1790065625006,1,-1
cold:71,SET,1790065625017,0,15
hot:1,GET,1790065625033,1,17
hot:2,GET,1790065625033,1,31
hot:8,GET,1790065625033,1,23
warm:3,GET,1790065625033,1,24
warm:38,GET,1790065625035,1,14
hot:3,GET,1790065625035,1,18
warm:22,GET,1790065625035,1,25
warm:2,GET,1790065625035,1,32
hot:3,GET,1790065625035,1,18
hot:0,GET,1790065625035,1,7
warm:17,GET,1790065625035,1,9
warm:19,GET,1790065625035,1,33
warm:19,GET,1790065625035,1,33
warm:38,GET,1790065625035,1,14
hot:1,GET,1790065625035,1,17
warm:35,GET,1790065625035,1,23
cold:28,GET,1790065625035,1,26
hot:4,GET,1790065625035,1,8
hot:9,SET,1790065625035,1,23
hot:11,GET,1790065625043,1,26
hot:2,GET,1790065625043,1,31
warm:22,GET,1790065625043,1,25
warm:16,GET,1790065625043,1,27
hot:1,GET,1790065625043,1,17
warm:2,GET,1790065625048,1,32
warm:13,GET,1790065625048,1,11
hot:3,GET,1790065625048,1,18
warm:29,GET,1790065625048,1,12
warm:19,GET,1790065625048,1,33
hot:4,GET,1790065625048,1,8
warm:37,GET,1790065625048,1,25
hot:10,GET,1790065625048,1,27
cold:36,GET,1790065625048,1,12
hot:7,GET,1790065625048,1,28
warm:22,SET,1790065625048,1,15
warm:14,GET,1790065625060,1,22
cold:54,GET,1790065625060,1,11
hot:5,GET,1790065625060,1,35
warm:22,GET,1790065625060,1,15
hot:7,GET,1790065625060,1,28
warm:26,GET,1790065625060,1,6
hot:3,EXISTS,1790065625060,1,18
warm:22,GET,1790065625060,1,15
warm:16,GET,1790065625060,1,27
hot:0,GET,1790065625062,1,7
hot:1,GET,1790065625062,1,17
hot:6,GET,1790065625062,1,23
warm:22,GET,1790065625062,1,15
warm:22,GET,1790065625062,1,15
hot:6,GET,1790065625062,1,23
warm:16,SET,1790065625062,1,15
warm:27,GET,1790065625073,1,4
hot:5,GET,1790065625073,1,35
hot:10,SET,1790065625073,1,22
hot:0,GET,1790065625081,1,7
cold:79,GET,1790065625081,1,18
hot:3,GET,1790065625081,1,18
hot:8,GET,1790065625081,1,23
warm:19,SET,1790065625081,1,20
warm:12,GET,1790065625100,1,27
hot:7,GET,1790065625100,1,28
hot:6,GET,1790065625100,1,23
warm:6,GET,1790065625100,1,9
warm:37,GET,1790065625100,1,25
hot:7,GET,1790065625102,1,28
cold:73,GET,1790065625102,1,16
hot:2,GET,1790065625102,1,31
hot:8,GET,1790065625102,1,23
hot:10,GET,1790065625102,1,22
hot:9,GET,1790065625102,1,23
hot:11,GET,1790065625102,1,26
hot:7,GET,1790065625102,1,28
warm:16,GET,1790065625102,1,15
hot:5,GET,1790065625102,1,35
warm:38,GET,1790065625102,1,14
cold:63,GET,1790065625102,1,21
hot:9,GET,1790065625102,1,23
hot:8,GET,1790065625102,1,23
hot:2,GET,1790065625102,1,31
hot:2,GET,1790065625102,1,31
hot:6,GET,1790065625102,1,23
warm:27,GET,1790065625102,1,4
warm:27,GET,1790065625102,1,4
warm:4,GET,1790065625102,1,30
warm:19,GET,1790065625104,1,20
hot:6,GET,1790065625104,1,23
warm:16,GET,1790065625104,1,15
warm:16,GET,1790065625104,1,15
hot:0,GET,1790065625104,1,7
warm:38,GET,1790065625104,1,14
hot:1,GET,1790065625104,1,17
warm:39,GET,1790065625104,1,23
hot:10,SET,1790065625104,1,26
hot:11,GET,1790065625116,1,26
cold:30,SET,1790065625116,1,32
warm:27,GET,1790065625126,1,4
hot:3,GET,1790065625126,1,18
hot:8,GET,1790065625126,1,23
warm:19,GET,1790065625126,1,20
hot:9,GET,1790065625126,1,23
warm:17,GET,1790065625126,1,9
hot:11,SET,1790065625126,1,12
warm:19,GET,1790065625138,1,20
warm:37,GET,1790065625138,1,25
warm:19,GET,1790065625139,1,20
warm:35,SET,1790065625139,1,33
hot:7,GET,1790065625148,1,28
hot:6,GET,1790065625148,1,23
hot:10,GET,1790065625148,1,26
hot:10,GET,1790065625148,1,26
warm:20,SET,1790065625148,1,4
cold:44,DELETE,1790065625160,1,-1
cold:44,SET,1790065625173,0,19
hot:4,GET,1790065625186,1,8
hot:3,GET,1790065625186,1,18
hot:10,GET,1790065625186,1,26
warm:37,GET,1790065625186,1,25
hot:3,GET,1790065625186,1,18
hot:11,GET,1790065625186,1,12
warm:16,EXISTS,1790065625186,1,15
hot:7,GET,1790065625186,1,28
cold:79,GET,1790065625186,1,18
cold:37,GET,1790065625186,1,13
hot:7,GET,1790065625186,1,28
warm:16,GET,1790065625186,1,15
warm:22,GET,1790065625188,1,15
hot:11,EXISTS,1790065625188,1,12
warm:8,GET,1790065625188,1,25
cold:9,GET,1790065625188,1,19
warm:10,GET,1790065625188,1,17
cold:52,GET,1790065625188,1,13
hot:4,SET,1790065625188,1,11
warm:22,GET,1790065625198,1,15
cold:37,GET,1790065625198,1,13
cold:60,GET,1790065625198,1,27
warm:37,GET,1790065625198,1,25
warm:16,GET,1790065625198,1,15
warm:25,SET,1790065625198,1,20
hot:11,GET,1790065625211,1,12
warm:22,GET,1790065625211,1,15
hot:5,GET,1790065625211,1,35
hot:9,GET,1790065625211,1,23
hot:4,GET,1790065625211,1,11
warm:38,GET,1790065625211,1,14
hot:0,GET,1790065625211,1,7
warm:38,GET,1790065625213,1,14
cold:66,GET,1790065625213,1,14
hot:11,GET,1790065625213,1,12
warm:37,GET,1790065625213,1,25
warm:30,GET,1790065625213,1,27
hot:11,GET,1790065625213,1,12
warm:26,GET,1790065625213,1,6
hot:7,GET,1790065625213,1,28
warm:38,SET,1790065625213,1,15
hot:9,GET,1790065625223,1,23
hot:8,GET,1790065625223,1,23
warm:11,GET,1790065625223,1,16
warm:27,GET,1790065625223,1,4
hot:4,GET,1790065625223,1,11
warm:23,GET,1790065625223,1,18
warm:16,SET,1790065625223,1,20
warm:22,GET,1790065625239,1,15
hot:9,SET,1790065625239,1,30
warm:37,GET,1790065625250,1,25
hot:8,GET,1790065625250,1,23
warm:38,GET,1790065625253,1,15
warm:16,GET,1790065625253,1,20
hot:7,GET,1790065625253,1,28
cold:47,GET,1790065625253,1,15
hot:2,SET,1790065625253,1,20
hot:8,GET,1790065625262,1,23
hot:1,GET,1790065625262,1,17
hot:6,GET,1790065625262,1,23
warm:37,GET,1790065625262,1,25
warm:16,GET,1790065625262,1,20
cold:16,GET,1790065625262,1,31
hot:10,GET,1790065625262,1,26
warm:38,SET,1790065625262,1,11
cold:38,GET,1790065625275,1,8
hot:3,GET,1790065625275,1,18
hot:10,GET,1790065625275,1,26
warm:37,SET,1790065625275,1,23
warm:37,GET,1790065625289,1,23
warm:19,GET,1790065625289,1,20
hot:0,GET,1790065625289,1,7
warm:7,GET,1790065625290,1,33
hot:9,GET,1790065625290,1,30
warm:19,GET,1790065625290,1,20
warm:37,GET,1790065625290,1,23
warm:16,GET,1790065625290,1,20
warm:22,GET,1790065625290,1,15
cold:27,GET,1790065625290,1,12
hot:6,GET,1790065625290,1,23
hot:4,GET,1790065625290,1,11
warm:39,SET,1790065625290,1,33
hot:9,GET,1790065625300,1,30
hot:10,GET,1790065625300,1,26
hot:6,GET,1790065625300,1,23
hot:7,GET,1790065625300,1,28
warm:34,GET,1790065625300,1,9
warm:38,GET,1790065625300,1,11
hot:8,SET,1790065625300,1,19
hot:0,GET,1790065625313,1,7
warm:12,GET,1790065625313,1,27
warm:22,GET,1790065625313,1,15
hot:7,GET,1790065625315,1,28
warm:38,GET,1790065625315,1,11
cold:13,GET,1790065625315,1,5
hot:0,GET,1790065625315,1,7
warm:16,SET,1790065625315,1,17
warm:7,GET,1790065625326,1,33
warm:19,GET,1790065625326,1,20
hot:11,GET,1790065625326,1,12
hot:7,GET,1790065625326,1,28
hot:2,GET,1790065625326,1,20
warm:22,SET,1790065625326,1,16
cold:52,GET,1790065625338,1,13
warm:19,GET,1790065625338,1,20
hot:0,GET,1790065625338,1,7
hot:7,GET,1790065625338,1,28
hot:2,GET,1790065625338,1,20
warm:37,GET,1790065625338,1,23
warm:27,GET,1790065625338,1,4
hot:3,GET,1790065625338,1,18
warm:27,GET,1790065625338,1,4
warm:38,GET,1790065625344,1,11
hot:10,GET,1790065625344,1,26
hot:9,GET,1790065625344,1,30
hot:2,GET,1790065625344,1,20
hot:4,SET,1790065625344,1,15
warm:38,GET,1790065625355,1,11
cold:50,GET,1790065625355,1,4
hot:5,GET,1790065625355,1,35
cold:56,SET,1790065625355,1,4
cold:38,GET,1790065625361,1,8
hot:10,GET,1790065625361,1,26
cold:43,GET,1790065625361,1,6
warm:34,GET,1790065625361,1,9
warm:27,SET,1790065625361,1,20
warm:11,GET,1790065625378,1,16
cold:35,GET,1790065625378,1,20
warm:26,GET,1790065625378,1,6
cold:5,GET,1790065625378,1,15
warm:27,GET,1790065625378,1,20
hot:11,GET,1790065625378,1,12
hot:9,GET,1790065625381,1,30
hot:10,GET,1790065625381,1,26
warm:22,GET,1790065625381,1,16
cold:85,GET,1790065625381,1,17
hot:3,SET,1790065625381,1,26
hot:4,GET,1790065625393,1,15
hot:10,GET,1790065625393,1,26
hot:5,GET,1790065625393,1,35
hot:6,GET,1790065625393,1,23
warm:16,GET,1790065625393,1,17
warm:27,GET,1790065625393,1,20
hot:0,GET,1790065625393,1,7
hot:9,GET,1790065625393,1,30
hot:10,SET,1790065625393,1,6
warm:11,GET,1790065625403,1,16
cold:29,GET,1790065625403,1,16
hot:4,SET,1790065625403,1,16
hot:11,GET,1790065625415,1,12
warm:38,GET,1790065625415,1,11
hot:3,GET,1790065625415,1,26
hot:5,GET,1790065625417,1,35
hot:11,GET,1790065625417,1,12
cold:88,DELETE,1790065625417,1,-1
cold:88,SET,1790065625419,0,9
hot:11,GET,1790065625440,1,12
hot:6,GET,1790065625440,1,23
warm:6,GET,1790065625440,1,9
hot:7,GET,1790065625440,1,28
hot:4,GET,1790065625440,1,16
hot:6,GET,1790065625440,1,23
hot:3,GET,1790065625440,1,26
warm:22,GET,1790065625440,1,16
hot:1,GET,1790065625440,1,17
cold:30,GET,1790065625440,1,32
hot:1,GET,1790065625440,1,17
warm:8,GET,1790065625440,1,25
cold:13,GET,1790065625440,1,5
cold:57,SET,1790065625440,1,33
warm:19,GET,1790065625448,1,20
hot:4,GET,1790065625448,1,16
warm:19,GET,1790065625448,1,20
warm:16,GET,1790065625452,1,17
warm:29,GET,1790065625452,1,12
hot:10,GET,1790065625452,1,6
hot:4,GET,1790065625452,1,16
hot:4,GET,1790065625452,1,16
warm:19,GET,1790065625452,1,20
cold:39,GET,1790065625452,1,4
hot:6,GET,1790065625452,1,23
hot:5,GET,1790065625452,1,35
warm:35,GET,1790065625452,1,33
hot:8,GET,1790065625452,1,19
warm:28,GET,1790065625452,1,10
cold:19,GET,1790065625452,1,32
hot:7,GET,1790065625452,1,28
cold:33,GET,1790065625452,1,31
warm:22,GET,1790065625452,1,16
hot:9,GET,1790065625452,1,30
cold:36,GET,1790065625452,1,12
warm:16,GET,1790065625452,1,17
warm:14,GET,1790065625452,1,22
cold:52,SET,1790065625453,1,22
warm:38,GET,1790065625462,1,11
hot:11,GET,1790065625462,1,12
warm:37,GET,1790065625462,1,23
hot:0,GET,1790065625462,1,7
cold:34,GET,1790065625462,1,14
warm:19,GET,1790065625462,1,20
hot:9,GET,1790065625462,1,30
hot:5,GET,1790065625462,1,35
hot:10,SET,1790065625462,1,12
warm:30,GET,1790065625473,1,27
cold:12,GET,1790065625475,1,32
hot:2,GET,1790065625475,1,20
cold:31,GET,1790065625475,1,14
hot:11,GET,1790065625475,1,12
warm:11,GET,1790065625475,1,16
hot:0,GET,1790065625475,1,7
warm:1,GET,1790065625475,1,34
warm:22,EXISTS,1790065625475,1,16
warm:22,GET,1790065625475,1,16
warm:16,GET,1790065625476,1,17
hot:8,SET,1790065625476,1,8
hot:0,GET,1790065625488,1,7
warm:38,GET,1790065625488,1,11
warm:38,GET,1790065625488,1,11
hot:6,GET,1790065625488,1,23
warm:38,GET,1790065625488,1,11
warm:25,SET,1790065625488,1,34
warm:0,GET,1790065625501,1,32
hot:10,GET,1790065625501,1,12
hot:9,GET,1790065625501,1,30
hot:8,GET,1790065625501,1,8
hot:2,GET,1790065625501,1,20
hot:6,GET,1790065625501,1,23
hot:7,GET,1790065625501,1,28
warm:37,GET,1790065625501,1,23
warm:19,GET,1790065625501,1,20
cold:80,GET,1790065625501,1,7
warm:38,GET,1790065625501,1,11
warm:18,SET,1790065625501,1,9
cold:4,DELETE,1790065625513,1,-1
cold:4,SET,1790065625522,0,8
warm:37,GET,1790065625537,1,23
hot:9,GET,1790065625537,1,30
cold:19,GET,1790065625537,1,32
warm:38,GET,1790065625537,1,11
hot:11,GET,1790065625537,1,12
hot:0,GET,1790065625537,1,7
hot:3,EXISTS,1790065625537,1,26
warm:27,SET,1790065625537,1,28
hot:4,GET,1790065625549,1,16
warm:30,GET,1790065625549,1,27
hot:9,SET,1790065625549,1,5
hot:8,GET,1790065625561,1,8
hot:0,GET,1790065625561,1,7
warm:16,GET,1790065625561,1,17
hot:3,GET,1790065625561,1,26
hot:5,GET,1790065625561,1,35
warm:10,GET,1790065625561,1,17
warm:11,GET,1790065625561,1,16
warm:31,EXISTS,1790065625561,1,17
warm:29,GET,1790065625565,1,12
hot:5,GET,1790065625565,1,35
hot:0,GET,1790065625565,1,7
hot:2,GET,1790065625565,1,20
cold:76,GET,1790065625565,1,26
warm:19,GET,1790065625565,1,20
warm:9,GET,1790065625565,1,32
warm:27,GET,1790065625565,1,28
cold:77,GET,1790065625565,1,8
warm:29,SET,1790065625565,1,21
cold:25,DELETE,1790065625573,1,-1
cold:25,SET,1790065625586,0,14
cold:62,GET,1790065625600,1,11
hot:6,GET,1790065625600,1,23
warm:27,GET,1790065625600,1,28
cold:10,SET,1790065625600,1,34
hot:10,GET,1790065625613,1,12
warm:31,GET,1790065625613,1,17
hot:2,GET,1790065625613,1,20
warm:17,EXISTS,1790065625613,1,9
warm:37,GET,1790065625613,1,23
warm:38,GET,1790065625615,1,11
hot:11,GET,1790065625615,1,12
hot:9,GET,1790065625615,1,5
warm:37,GET,1790065625615,1,23
warm:37,GET,1790065625615,1,23
hot:0,GET,1790065625615,1,7
warm:27,EXISTS,1790065625615,1,28
warm:38,GET,1790065625615,1,11
hot:9,GET,1790065625615,1,5
hot:3,GET,1790065625615,1,26
cold:56,GET,1790065625615,1,4
warm:25,SET,1790065625615,1,21
hot:10,GET,1790065625628,1,12
warm:22,GET,1790065625628,1,16
hot:5,SET,1790065625628,1,18
hot:4,GET,1790065625640,1,16
warm:38,GET,1790065625640,1,11
hot:1,GET,1790065625640,1,17
hot:5,GET,1790065625640,1,18
warm:38,GET,1790065625640,1,11
warm:5,GET,1790065625641,1,7
hot:11,GET,1790065625641,1,12
hot:9,GET,1790065625641,1,5
hot:5,GET,1790065625641,1,18
hot:9,GET,1790065625641,1,5
cold:27,GET,1790065625641,1,12
hot:3,GET,1790065625641,1,26
cold:13,GET,1790065625641,1,5
hot:1,GET,1790065625641,1,17
hot:5,SET,1790065625641,1,12
hot:0,GET,1790065625656,1,7
warm:16,GET,1790065625656,1,17
warm:16,GET,1790065625656,1,17
warm:16,GET,1790065625656,1,17
warm:16,GET,1790065625656,1,17
warm:22,GET,1790065625656,1,16
cold:47,GET,1790065625656,1,15
hot:11,GET,1790065625656,1,12
hot:11,GET,1790065625656,1,12
hot:5,GET,1790065625656,1,12
warm:23,GET,1790065625657,1,18
hot:4,GET,1790065625657,1,16
hot:1,GET,1790065625657,1,17
warm:7,GET,1790065625657,1,33
warm:16,GET,1790065625657,1,17
warm:38,GET,1790065625657,1,11
hot:11,SET,1790065625657,1,22
hot:6,GET,1790065625668,1,23
hot:2,EXISTS,1790065625668,1,20
cold:60,SET,1790065625668,1,24
hot:10,GET,1790065625679,1,12
warm:0,GET,1790065625679,1,32
hot:4,GET,1790065625679,1,16
hot:5,GET,1790065625679,1,12
warm:27,GET,1790065625679,1,28
hot:0,GET,1790065625679,1,7
warm:16,GET,1790065625679,1,17
warm:19,GET,1790065625679,1,20
warm:31,GET,1790065625679,1,17
warm:38,GET,1790065625679,1,11
warm:38,GET,1790065625682,1,11
hot:6,GET,1790065625682,1,23
hot:4,GET,1790065625682,1,16
hot:5,GET,1790065625682,1,12
hot:7,GET,1790065625682,1,28
hot:0,GET,1790065625682,1,7
hot:3,GET,1790065625682,1,26
hot:5,GET,1790065625682,1,12
hot:7,GET,1790065625682,1,28
cold:58,GET,1790065625682,1,8
warm:22,GET,1790065625682,1,16
hot:0,GET,1790065625682,1,7
hot:11,GET,1790065625682,1,22
hot:9,GET,1790065625682,1,5
hot:6,GET,1790065625682,1,23
hot:8,GET,1790065625682,1,8
warm:22,GET,1790065625682,1,16
warm:38,SET,1790065625682,1,34
warm:20,GET,1790065625694,1,4
hot:1,GET,1790065625694,1,17
warm:22,GET,1790065625696,1,16
hot:9,GET,1790065625696,1,5
hot:7,GET,1790065625696,1,28
cold:69,DELETE,1790065625696,1,-1
cold:69,SET,1790065625707,0,16
warm:15,SET,1790065625718,1,35
hot:1,GET,1790065625729,1,17
warm:22,GET,1790065625729,1,16
hot:4,GET,1790065625729,1,16
hot:11,GET,1790065625729,1,22
warm:38,GET,1790065625729,1,34
warm:15,GET,1790065625729,1,35
hot:5,EXISTS,1790065625729,1,12
hot:9,GET,1790065625729,1,5
hot:8,GET,1790065625729,1,8
hot:3,GET,1790065625729,1,26
warm:22,GET,1790065625729,1,16
hot:6,GET,1790065625729,1,23
hot:1,GET,1790065625729,1,17
warm:27,GET,1790065625729,1,28
cold:22,GET,1790065625729,1,31
warm:37,GET,1790065625731,1,23
cold:46,GET,1790065625731,1,30
warm:35,GET,1790065625731,1,33
hot:10,GET,1790065625731,1,12
hot:7,GET,1790065625731,1,28
cold:35,GET,1790065625731,1,20
warm:16,GET,1790065625731,1,17
warm:27,GET,1790065625731,1,28
hot:8,GET,1790065625731,1,8
hot:9,GET,1790065625731,1,5
warm:2,GET,1790065625731,1,32
warm:16,GET,1790065625731,1,17
warm:27,GET,1790065625731,1,28
cold:35,GET,1790065625731,1,20
hot:11,GET,1790065625731,1,22
hot:6,GET,1790065625731,1,23
hot:9,SET,1790065625731,1,31
hot:6,SET,1790065625739,1,13
warm:16,GET,1790065625748,1,17
warm:27,GET,1790065625748,1,28
hot:9,GET,1790065625755,1,31
hot:0,SET,1790065625755,1,24
hot:2,GET,1790065625767,1,20
hot:2,GET,1790065625767,1,20
warm:16,EXISTS,1790065625767,1,17
hot:10,GET,1790065625767,1,12
hot:3,GET,1790065625767,1,26
hot:11,EXISTS,1790065625767,1,22
hot:0,GET,1790065625767,1,24
hot:4,GET,1790065625767,1,16
warm:38,GET,1790065625767,1,34
hot:3,GET,1790065625767,1,26
cold:25,GET,1790065625767,1,14
hot:5,GET,1790065625767,1,12
warm:38,GET,1790065625767,1,34
hot:2,GET,1790065625767,1,20
hot:10,GET,1790065625767,1,12
hot:10,GET,1790065625767,1,12
warm:37,GET,1790065625767,1,23
hot:11,GET,1790065625767,1,22
hot:7,GET,1790065625768,1,28
hot:8,GET,1790065625768,1,8
warm:37,GET,1790065625768,1,23
warm:16,GET,1790065625768,1,17
warm:19,GET,1790065625768,1,20
hot:3,GET,1790065625768,1,26
hot:3,GET,1790065625768,1,26
hot:7,GET,1790065625768,1,28
cold:2,GET,1790065625768,1,4
warm:8,GET,1790065625768,1,25
warm:37,GET,1790065625768,1,23
warm:19,EXISTS,1790065625768,1,20
warm:27,GET,1790065625768,1,28
hot:1,GET,1790065625768,1,17
hot:8,GET,1790065625768,1,8
hot:5,GET,1790065625768,1,12
warm:18,GET,1790065625768,1,9
warm:34,SET,1790065625768,1,25
hot:2,SET,1790065625777,1,26
hot:5,GET,1790065625784,1,12
warm:22,GET,1790065625792,1,16
cold:57,GET,1790065625792,1,33
warm:32,GET,1790065625792,1,29
warm:14,GET,1790065625792,1,22
hot:5,GET,1790065625792,1,12
warm:27,GET,1790065625792,1,28
warm:27,GET,1790065625792,1,28
cold:72,GET,1790065625792,1,16
cold:1,GET,1790065625792,1,12
cold:77,GET,1790065625792,1,8
hot:6,GET,1790065625792,1,13
hot:1,GET,1790065625792,1,17
hot:0,GET,1790065625792,1,24
hot:8,GET,1790065625792,1,8
cold:70,SET,1790065625792,1,32
cold:71,GET,1790065625800,1,15
hot:10,GET,1790065625800,1,12
hot:6,GET,1790065625800,1,13
warm:38,SET,1790065625800,1,30
warm:25,GET,1790065625814,1,21
warm:37,SET,1790065625816,1,4
hot:9,GET,1790065625825,1,31
cold:42,GET,1790065625825,1,17
hot:5,GET,1790065625825,1,12
hot:7,GET,1790065625825,1,28
hot:7,SET,1790065625825,1,11
warm:5,GET,1790065625838,1,7
warm:16,GET,1790065625838,1,17
warm:27,GET,1790065625838,1,28
cold:26,GET,1790065625838,1,7
hot:8,GET,1790065625838,1,8
hot:1,GET,1790065625838,1,17
hot:1,GET,1790065625838,1,17
warm:31,SET,1790065625838,1,34
warm:9,GET,1790065625848,1,32
warm:19,EXISTS,1790065625848,1,20
hot:2,GET,1790065625848,1,26
warm:27,SET,1790065625848,1,13
warm:19,GET,1790065625861,1,20
hot:3,GET,1790065625861,1,26
hot:5,GET,1790065625863,1,12
hot:8,GET,1790065625863,1,8
warm:32,GET,1790065625863,1,29
warm:37,GET,1790065625863,1,4
warm:38,GET,1790065625863,1,30
hot:0,GET,1790065625863,1,24
hot:2,SET,1790065625863,1,31
hot:0,GET,1790065625867,1,24
warm:27,GET,1790065625867,1,13
warm:16,SET,1790065625867,1,13
warm:27,GET,1790065625885,1,13
hot:5,GET,1790065625885,1,12
hot:1,GET,1790065625885,1,17
warm:15,GET,1790065625885,1,35
hot:1,GET,1790065625885,1,17
hot:11,GET,1790065625885,1,22
warm:37,GET,1790065625885,1,4
warm:37,GET,1790065625885,1,4
warm:22,GET,1790065625885,1,16
cold:21,GET,1790065625885,1,18
hot:5,GET,1790065625886,1,12
warm:10,GET,1790065625886,1,17
warm:24,GET,1790065625886,1,4
hot:10,GET,1790065625886,1,12
hot:3,GET,1790065625886,1,26
warm:19,GET,1790065625886,1,20
hot:0,GET,1790065625886,1,24
hot:10,GET,1790065625886,1,12
cold:74,GET,1790065625886,1,32
warm:37,SET,1790065625886,1,28
hot:2,GET,1790065625896,1,31
warm:16,EXISTS,1790065625896,1,13
cold:46,GET,1790065625896,1,30
warm:27,GET,1790065625896,1,13
hot:11,GET,1790065625896,1,22
hot:11,GET,1790065625896,1,22
warm:29,GET,1790065625896,1,21
warm:15,GET,1790065625896,1,35
warm:38,GET,1790065625896,1,30
hot:10,GET,1790065625896,1,12
hot:10,GET,1790065625898,1,12
hot:9,GET,1790065625898,1,31
warm:27,GET,1790065625898,1,13
hot:4,GET,1790065625898,1,16
warm:38,GET,1790065625898,1,30
hot:4,GET,1790065625898,1,16
hot:7,GET,1790065625898,1,11
hot:3,GET,1790065625898,1,26
warm:16,GET,1790065625898,1,13
warm:25,GET,1790065625898,1,21
hot:8,GET,1790065625898,1,8
cold:31,GET,1790065625898,1,14
hot:3,GET,1790065625898,1,26
warm:27,GET,1790065625898,1,13
cold:83,GET,1790065625898,1,17
warm:24,SET,1790065625898,1,24
cold:26,EXISTS,1790065625906,1,7
hot:7,GET,1790065625906,1,11
hot:4,GET,1790065625906,1,16
hot:5,GET,1790065625906,1,12
hot:10,SET,1790065625910,1,30
hot:10,GET,1790065625921,1,30
hot:4,GET,1790065625921,1,16
hot:5,GET,1790065625921,1,12
hot:6,GET,1790065625921,1,13
hot:10,GET,1790065625921,1,30
warm:16,GET,1790065625921,1,13
warm:19,GET,1790065625921,1,20
cold:41,SET,1790065625921,1,30
hot:3,GET,1790065625926,1,26
cold:62,GET,1790065625926,1,11
hot:6,GET,1790065625926,1,13
hot:3,GET,1790065625926,1,26
warm:7,GET,1790065625926,1,33
warm:26,GET,1790065625926,1,6
cold:24,GET,1790065625926,1,11
hot:11,GET,1790065625926,1,22
warm:37,GET,1790065625926,1,28
hot:6,GET,1790065625926,1,13
warm:22,GET,1790065625926,1,16
cold:40,GET,1790065625935,1,25
hot:0,GET,1790065625935,1,24
cold:14,GET,1790065625935,1,12
hot:8,GET,1790065625935,1,8
warm:15,SET,1790065625935,1,31
warm:24,GET,1790065625946,1,24
hot:1,GET,1790065625946,1,17
hot:6,GET,1790065625946,1,13
hot:5,GET,1790065625946,1,12
hot:0,GET,1790065625946,1,24
warm:26,GET,1790065625946,1,6
cold:89,GET,1790065625946,1,11
hot:5,GET,1790065625946,1,12
hot:9,GET,1790065625946,1,31
warm:38,GET,1790065625946,1,30
warm:3,GET,1790065625946,1,24
warm:10,GET,1790065625946,1,17
warm:24,GET,1790065625946,1,24
warm:13,GET,1790065625946,1,11
warm:22,GET,1790065625946,1,16
hot:0,GET,1790065625948,1,24
warm:27,GET,1790065625948,1,13
warm:19,GET,1790065625948,1,20
warm:16,GET,1790065625948,1,13
hot:9,GET,1790065625948,1,31
warm:19,GET,1790065625948,1,20
warm:11,GET,1790065625948,1,16
warm:22,GET,1790065625948,1,16
cold:70,GET,1790065625948,1,32
hot:10,GET,1790065625948,1,30
hot:7,GET,1790065625948,1,11
warm:4,GET,1790065625948,1,30
hot:7,GET,1790065625948,1,11
hot:7,EXISTS,1790065625948,1,11
hot:6,GET,1790065625948,1,13
warm:16,GET,1790065625948,1,13
cold:87,DELETE,1790065625948,1,-1
cold:87,SET,1790065625956,0,18
hot:4,GET,1790065625972,1,16
hot:5,GET,1790065625972,1,12
warm:38,EXISTS,1790065625972,1,30
warm:9,GET,1790065625974,1,32
hot:5,GET,1790065625974,1,12
warm:16,GET,1790065625974,1,13
hot:9,GET,1790065625974,1,31
warm:31,GET,1790065625974,1,34
warm:37,GET,1790065625974,1,28
warm:28,GET,1790065625974,1,10
warm:38,GET,1790065625974,1,30
warm:16,GET,1790065625974,1,13
warm:19,GET,1790065625974,1,20
warm:15,GET,1790065625974,1,31
warm:19,GET,1790065625974,1,20
hot:7,GET,1790065625974,1,11
hot:2,GET,1790065625974,1,31
hot:6,GET,1790065625974,1,13
warm:16,GET,1790065625974,1,13
hot:8,SET,1790065625974,1,13
hot:5,GET,1790065625986,1,12
warm:9,GET,1790065625986,1,32
cold:22,GET,1790065625986,1,31
warm:27,GET,1790065625987,1,13
warm:22,GET,1790065625987,1,16
hot:8,GET,1790065625987,1,13
warm:16,GET,1790065625987,1,13
warm:37,SET,1790065625987,1,28
hot:0,GET,1790065626000,1,24
warm:37,GET,1790065626000,1,28
cold:25,GET,1790065626000,1,14
hot:1,GET,1790065626000,1,17
warm:10,GET,1790065626000,1,17
warm:37,GET,1790065626000,1,28
hot:4,GET,1790065626000,1,16
warm:27,GET,1790065626000,1,13
hot:3,GET,1790065626000,1,26
warm:38,GET,1790065626000,1,30
warm:27,SET,1790065626000,1,15
hot:7,GET,1790065626012,1,11
hot:1,GET,1790065626012,1,17
warm:22,GET,1790065626012,1,16
hot:8,GET,1790065626012,1,13
warm:39,SET,1790065626013,1,5
hot:3,GET,1790065626024,1,26
hot:8,GET,1790065626024,1,13
hot:5,GET,1790065626024,1,12
hot:1,SET,1790065626024,1,11
warm:7,GET,1790065626035,1,33
hot:1,GET,1790065626035,1,11
warm:16,GET,1790065626035,1,13
hot:9,GET,1790065626035,1,31
hot:6,GET,1790065626035,1,13
warm:15,GET,1790065626035,1,31
warm:8,GET,1790065626035,1,25
hot:8,GET,1790065626035,1,13
hot:9,GET,1790065626035,1,31
hot:7,GET,1790065626035,1,11
warm:19,GET,1790065626035,1,20
hot:9,GET,1790065626035,1,31
cold:45,GET,1790065626035,1,23
hot:11,GET,1790065626035,1,22
cold:62,GET,1790065626035,1,11
warm:22,GET,1790065626036,1,16
hot:9,GET,1790065626036,1,31
hot:4,GET,1790065626036,1,16
hot:10,GET,1790065626036,1,30
hot:1,GET,1790065626036,1,11
cold:41,GET,1790065626036,1,30
warm:16,GET,1790065626036,1,13
warm:3,GET,1790065626036,1,24
warm:23,GET,1790065626036,1,18
warm:27,SET,1790065626036,1,12
warm:19,GET,1790065626046,1,20
hot:4,GET,1790065626046,1,16
hot:9,GET,1790065626046,1,31
warm:37,GET,1790065626046,1,28
warm:25,SET,1790065626046,1,30
hot:0,GET,1790065626052,1,24
warm:27,GET,1790065626052,1,12
warm:22,GET,1790065626052,1,16
hot:7,GET,1790065626052,1,11
warm:19,GET,1790065626052,1,20
hot:0,GET,1790065626060,1,24
warm:19,SET,1790065626060,1,11
hot:11,GET,1790065626070,1,22
hot:7,GET,1790065626070,1,11
warm:37,GET,1790065626070,1,28
hot:9,GET,1790065626070,1,31
cold:49,GET,1790065626070,1,35
hot:2,GET,1790065626070,1,31
cold:7,GET,1790065626070,1,24
hot:1,GET,1790065626070,1,11
warm:37,GET,1790065626070,1,28
warm:6,GET,1790065626070,1,9
hot:5,GET,1790065626070,1,12
warm:22,GET,1790065626070,1,16
warm:26,GET,1790065626070,1,6
hot:8,EXISTS,1790065626070,1,13
cold:42,GET,1790065626070,1,17
hot:5,GET,1790065626070,1,12
warm:19,GET,1790065626070,1,11
hot:5,GET,1790065626070,1,12
warm:33,GET,1790065626072,1,27
hot:10,GET,1790065626072,1,30
hot:7,GET,1790065626072,1,11
cold:62,GET,1790065626072,1,11
hot:10,GET,1790065626072,1,30
hot:1,GET,1790065626072,1,11
hot:5,GET,1790065626072,1,12
cold:13,GET,1790065626072,1,5
warm:22,GET,1790065626072,1,16
cold:3,GET,1790065626072,1,30
warm:19,GET,1790065626072,1,11
warm:27,GET,1790065626072,1,12
hot:2,GET,1790065626072,1,31
warm:6,SET,1790065626072,1,24
hot:5,GET,1790065626080,1,12
warm:10,GET,1790065626080,1,17
hot:0,GET,1790065626080,1,24
warm:2,GET,1790065626080,1,32
hot:4,GET,1790065626080,1,16
hot:4,GET,1790065626080,1,16
warm:22,EXISTS,1790065626084,1,16
hot:3,GET,1790065626084,1,26
cold:3,GET,1790065626084,1,30
hot:1,GET,1790065626084,1,11
cold:60,DELETE,1790065626084,1,-1
cold:60,SET,1790065626092,0,15
warm:36,GET,1790065626103,1,18
hot:4,GET,1790065626103,1,16
hot:10,GET,1790065626103,1,30
hot:2,GET,1790065626103,1,31
hot:4,EXISTS,1790065626103,1,16
cold:3,GET,1790065626103,1,30
hot:4,GET,1790065626103,1,16
hot:10,GET,1790065626103,1,30
warm:38,GET,1790065626103,1,30
hot:3,GET,1790065626103,1,26
hot:10,GET,1790065626103,1,30
warm:35,GET,1790065626103,1,33
warm:16,GET,1790065626103,1,13
hot:9,GET,1790065626103,1,31
cold:54,SET,1790065626103,1,21
warm:38,GET,1790065626118,1,30
warm:19,GET,1790065626118,1,11
warm:31,GET,1790065626118,1,34
warm:19,GET,1790065626118,1,11
warm:27,GET,1790065626118,1,12
hot:10,GET,1790065626118,1,30
warm:10,GET,1790065626118,1,17
warm:32,SET,1790065626118,1,9
warm:22,GET,1790065626126,1,16
hot:11,GET,1790065626126,1,22
hot:3,GET,1790065626126,1,26
warm:16,GET,1790065626126,1,13
cold:45,GET,1790065626126,1,23
warm:27,GET,1790065626126,1,12
cold:59,EXISTS,1790065626126,1,23
hot:7,GET,1790065626126,1,11
warm:16,GET,1790065626126,1,13
hot:1,GET,1790065626126,1,11
hot:5,GET,1790065626126,1,12
warm:38,GET,1790065626126,1,30
warm:38,GET,1790065626129,1,30
warm:9,GET,1790065626129,1,32
warm:19,SET,1790065626129,1,23
hot:11,GET,1790065626142,1,22
cold:15,GET,1790065626142,1,11
warm:22,SET,1790065626142,1,15
hot:10,GET,1790065626153,1,30
hot:9,GET,1790065626153,1,31
hot:8,GET,1790065626153,1,13
cold:7,GET,1790065626153,1,24
warm:37,GET,1790065626153,1,28
hot:0,GET,1790065626153,1,24
hot:6,GET,1790065626153,1,13
hot:9,SET,1790065626153,1,5
hot:6,GET,1790065626166,1,13
hot:0,SET,1790065626166,1,22
hot:8,GET,1790065626180,1,13
cold:41,GET,1790065626180,1,30
hot:11,GET,1790065626180,1,22
warm:26,GET,1790065626180,1,6
hot:6,GET,1790065626181,1,13
cold:50,GET,1790065626181,1,4
hot:10,GET,1790065626181,1,30
cold:4,DELETE,1790065626181,1,-1
cold:4,SET,1790065626189,0,18
hot:5,GET,1790065626199,1,12
hot:7,GET,1790065626199,1,11
hot:9,GET,1790065626199,1,5
hot:3,GET,1790065626199,1,26
warm:27,GET,1790065626199,1,12
hot:11,GET,1790065626199,1,22
warm:16,GET,1790065626199,1,13
hot:7,GET,1790065626199,1,11
hot:8,GET,1790065626199,1,13
warm:37,GET,1790065626199,1,28
warm:17,GET,1790065626199,1,9
warm:16,GET,1790065626199,1,13
warm:9,SET,1790065626199,1,34
hot:7,GET,1790065626212,1,11
hot:6,GET,1790065626212,1,13
hot:4,GET,1790065626212,1,16
hot:5,GET,1790065626216,1,12
cold:47,GET,1790065626216,1,15
hot:3,GET,1790065626216,1,26
warm:22,GET,1790065626216,1,15
hot:8,SET,1790065626216,1,21
hot:2,GET,1790065626226,1,31
warm:37,GET,1790065626226,1,28
cold:81,GET,1790065626226,1,23
hot:0,GET,1790065626226,1,22
warm:20,GET,1790065626226,1,4
warm:28,GET,1790065626226,1,10
warm:16,GET,1790065626226,1,13
hot:7,GET,1790065626226,1,11
hot:2,GET,1790065626226,1,31
cold:73,GET,1790065626226,1,16
cold:65,GET,1790065626226,1,30
warm:31,EXISTS,1790065626226,1,34
warm:22,GET,1790065626226,1,15
hot:5,GET,1790065626226,1,12
warm:37,GET,1790065626226,1,28
hot:8,GET,1790065626228,1,21
warm:16,GET,1790065626228,1,13
hot:9,GET,1790065626228,1,5
hot:7,GET,1790065626228,1,11
warm:21,GET,1790065626228,1,14
warm:27,SET,1790065626228,1,10
cold:5,DELETE,1790065626238,1,-1
cold:5,SET,1790065626247,0,7
hot:7,GET,1790065626247,1,11
hot:8,GET,1790065626247,1,21
warm:16,GET,1790065626247,1,13
warm:24,GET,1790065626247,1,24
warm:14,GET,1790065626247,1,22
cold:65,GET,1790065626247,1,30
cold:32,GET,1790065626247,1,16
hot:6,GET,1790065626247,1,13
hot:9,GET,1790065626247,1,5
warm:27,GET,1790065626260,1,10
hot:1,GET,1790065626260,1,11
cold:61,GET,1790065626260,1,18
warm:6,GET,1790065626260,1,24
hot:9,GET,1790065626261,1,5
warm:27,GET,1790065626261,1,10
warm:35,GET,1790065626261,1,33
hot:5,GET,1790065626261,1,12
cold:8,GET,1790065626261,1,7
cold:52,GET,1790065626261,1,22
hot:4,GET,1790065626261,1,16
warm:38,GET,1790065626261,1,30
hot:7,GET,1790065626261,1,11
warm:37,SET,1790065626261,1,26
hot:4,SET,1790065626269,1,12
hot:5,GET,1790065626283,1,12
hot:2,GET,1790065626283,1,31
hot:3,GET,1790065626283,1,26
warm:8,GET,1790065626283,1,25
warm:27,GET,1790065626283,1,10
warm:22,GET,1790065626283,1,15
warm:16,GET,1790065626283,1,13
cold:69,GET,1790065626283,1,16
cold:76,GET,1790065626283,1,26
warm:31,GET,1790065626287,1,34
warm:30,SET,1790065626287,1,35
cold:61,GET,1790065626297,1,18
hot:7,GET,1790065626297,1,11
cold:14,GET,1790065626297,1,12
warm:27,GET,1790065626297,1,10
hot:10,GET,1790065626297,1,30
warm:13,GET,1790065626297,1,11
hot:10,GET,1790065626297,1,30
cold:81,GET,1790065626297,1,23
warm:22,EXISTS,1790065626297,1,15
hot:0,GET,1790065626297,1,22
hot:5,GET,1790065626297,1,12
hot:7,GET,1790065626297,1,11
cold:51,GET,1790065626297,1,28
hot:2,GET,1790065626297,1,31
hot:2,SET,1790065626297,1,22
hot:0,GET,1790065626309,1,22
hot:8,GET,1790065626309,1,21
cold:73,GET,1790065626309,1,16
warm:38,GET,1790065626312,1,30
hot:11,GET,1790065626312,1,22
hot:9,GET,1790065626312,1,5
cold:39,GET,1790065626312,1,4
warm:16,GET,1790065626312,1,13
hot:2,GET,1790065626312,1,22
warm:6,GET,1790065626312,1,24
warm:26,SET,1790065626312,1,10
warm:24,SET,1790065626316,1,8
hot:7,GET,1790065626333,1,11
warm:9,GET,1790065626333,1,34
warm:16,GET,1790065626333,1,13
hot:11,GET,1790065626333,1,22
warm:36,GET,1790065626333,1,18
warm:21,EXISTS,1790065626333,1,14
warm:22,SET,1790065626333,1,30
hot:7,GET,1790065626345,1,11
hot:10,GET,1790065626345,1,30
hot:9,GET,1790065626345,1,5
hot:8,GET,1790065626345,1,21
cold:2,GET,1790065626349,1,4
warm:16,GET,1790065626349,1,13
hot:2,GET,1790065626349,1,22
warm:24,GET,1790065626349,1,8
warm:38,GET,1790065626349,1,30
warm:19,GET,1790065626349,1,23
warm:19,GET,1790065626349,1,23
hot:5,SET,1790065626349,1,29
warm:38,GET,1790065626357,1,30
hot:4,GET,1790065626357,1,12
hot:7,GET,1790065626357,1,11
warm:38,GET,1790065626357,1,30
hot:5,GET,1790065626357,1,29
warm:22,GET,1790065626357,1,30
warm:37,GET,1790065626357,1,26
hot:7,GET,1790065626357,1,11
hot:10,EXISTS,1790065626357,1,30
cold:54,GET,1790065626357,1,21
hot:5,SET,1790065626357,1,33
warm:37,GET,1790065626369,1,26
warm:22,GET,1790065626372,1,30
hot:7,GET,1790065626372,1,11
hot:5,EXISTS,1790065626372,1,33
cold:7,GET,1790065626372,1,24
hot:1,GET,1790065626372,1,11
hot:6,GET,1790065626372,1,13
warm:38,GET,1790065626372,1,30
warm:23,GET,1790065626372,1,18
cold:34,GET,1790065626372,1,14
hot:11,GET,1790065626372,1,22
warm:22,GET,1790065626372,1,30
warm:25,GET,1790065626372,1,30
hot:3,GET,1790065626372,1,26
hot:7,GET,1790065626372,1,11
cold:39,GET,1790065626372,1,4
warm:39,SET,1790065626372,1,10
hot:10,GET,1790065626381,1,30
cold:0,GET,1790065626381,1,35
warm:37,GET,1790065626381,1,26
hot:0,GET,1790065626381,1,22
warm:28,GET,1790065626386,1,10
warm:27,GET,1790065626386,1,10
hot:3,GET,1790065626386,1,26
warm:6,GET,1790065626386,1,24
hot:3,GET,1790065626386,1,26
hot:11,GET,1790065626386,1,22
hot:1,GET,1790065626386,1,11
hot:11,GET,1790065626386,1,22
hot:8,GET,1790065626386,1,21
warm:22,GET,1790065626386,1,30
hot:6,GET,1790065626386,1,13
warm:37,GET,1790065626386,1,26
hot:4,GET,1790065626386,1,12
hot:11,GET,1790065626386,1,22
hot:10,GET,1790065626386,1,30
hot:2,GET,1790065626386,1,22
hot:3,GET,1790065626386,1,26
hot:4,GET,1790065626386,1,12
warm:16,GET,1790065626386,1,13
hot:0,GET,1790065626386,1,22
hot:7,GET,1790065626388,1,11
hot:3,SET,1790065626388,1,25
hot:1,GET,1790065626400,1,11
warm:9,GET,1790065626400,1,34
hot:9,GET,1790065626400,1,5
cold:16,DELETE,1790065626400,1,-1
cold:16,SET,1790065626410,0,18
hot:9,GET,1790065626425,1,5
hot:1,GET,1790065626425,1,11
hot:1,EXISTS,1790065626425,1,11
warm:38,SET,1790065626425,1,35
hot:11,GET,1790065626437,1,22
warm:19,GET,1790065626437,1,23
warm:19,GET,1790065626437,1,23
warm:15,GET,1790065626437,1,31
hot:10,GET,1790065626437,1,30
warm:23,GET,1790065626437,1,18
warm:9,GET,1790065626437,1,34
warm:37,GET,1790065626437,1,26
warm:6,SET,1790065626437,1,27
hot:7,SET,1790065626448,1,32
hot:1,GET,1790065626464,1,11
cold:35,GET,1790065626464,1,20
hot:8,GET,1790065626464,1,21
hot:4,GET,1790065626464,1,12
hot:10,GET,1790065626464,1,30
hot:1,GET,1790065626464,1,11
warm:19,GET,1790065626464,1,23
warm:16,GET,1790065626464,1,13
warm:38,GET,1790065626464,1,35
warm:6,GET,1790065626464,1,27
hot:9,EXISTS,1790065626464,1,5
hot:7,GET,1790065626464,1,32
hot:6,SET,1790065626464,1,32
cold:81,SET,1790065626473,1,5
warm:27,SET,1790065626486,1,34
warm:19,GET,1790065626500,1,23
hot:8,GET,1790065626500,1,21
hot:5,GET,1790065626500,1,33
warm:37,GET,1790065626500,1,26
hot:2,GET,1790065626500,1,22
warm:36,GET,1790065626503,1,18
warm:19,EXISTS,1790065626503,1,23
cold:18,GET,1790065626503,1,5
cold:63,GET,1790065626503,1,21
hot:11,GET,1790065626503,1,22
warm:19,GET,1790065626503,1,23
warm:9,GET,1790065626503,1,34
hot:4,GET,1790065626503,1,12
warm:19,GET,1790065626503,1,23
warm:16,GET,1790065626503,1,13
warm:6,GET,1790065626503,1,27
hot:11,GET,1790065626503,1,22
warm:17,GET,1790065626503,1,9
hot:1,GET,1790065626503,1,11
hot:3,GET,1790065626503,1,25
hot:1,GET,1790065626503,1,11
hot:3,GET,1790065626503,1,25
hot:10,GET,1790065626503,1,30
hot:6,SET,1790065626503,1,7
cold:64,GET,1790065626515,1,26
hot:0,GET,1790065626517,1,22
warm:19,GET,1790065626517,1,23
warm:8,GET,1790065626517,1,25
hot:2,GET,1790065626517,1,22
hot:8,GET,1790065626517,1,21
hot:1,GET,1790065626517,1,11
hot:9,GET,1790065626517,1,5
hot:0,GET,1790065626517,1,22
hot:5,GET,1790065626517,1,33
warm:16,GET,1790065626517,1,13
hot:3,GET,1790065626517,1,25
hot:10,GET,1790065626517,1,30
warm:22,GET,1790065626517,1,30
warm:37,GET,1790065626517,1,26
warm:19,GET,1790065626517,1,23
hot:7,GET,1790065626517,1,32
warm:38,GET,1790065626517,1,35
hot:9,GET,1790065626517,1,5
hot:0,GET,1790065626517,1,22
cold:50,GET,1790065626517,1,4
hot:8,GET,1790065626518,1,21
hot:10,EXISTS,1790065626518,1,30
warm:27,SET,1790065626518,1,35
warm:16,GET,1790065626531,1,13
cold:48,GET,1790065626531,1,18
hot:2,GET,1790065626531,1,22
warm:38,GET,1790065626531,1,35
warm:28,GET,1790065626531,1,10
hot:5,GET,1790065626531,1,33
hot:3,GET,1790065626531,1,25
hot:2,GET,1790065626531,1,22
warm:19,SET,1790065626531,1,15
warm:22,GET,1790065626544,1,30
warm:27,GET,1790065626544,1,35
hot:1,GET,1790065626544,1,11
hot:4,GET,1790065626544,1,12
cold:77,GET,1790065626544,1,8
hot:8,GET,1790065626544,1,21
cold:47,GET,1790065626544,1,15
warm:16,GET,1790065626544,1,13
hot:4,GET,1790065626547,1,12
warm:19,GET,1790065626547,1,15
hot:5,GET,1790065626547,1,33
warm:22,SET,1790065626547,1,33
cold:46,SET,1790065626557,1,13
warm:37,SET,1790065626570,1,18
warm:38,GET,1790065626580,1,35
warm:37,GET,1790065626580,1,18
cold:67,GET,1790065626580,1,19
warm:27,GET,1790065626580,1,35
hot:8,GET,1790065626580,1,21
warm:16,GET,1790065626580,1,13
hot:9,GET,1790065626580,1,5
warm:21,SET,1790065626580,1,33
hot:4,GET,1790065626585,1,12
hot:10,SET,1790065626585,1,31
cold:77,GET,1790065626610,1,8
cold:77,GET,1790065626610,1,8
cold:53,GET,1790065626610,1,18
warm:32,GET,1790065626610,1,9
warm:19,GET,1790065626612,1,15
hot:0,GET,1790065626612,1,22
hot:2,GET,1790065626612,1,22
hot:11,GET,1790065626612,1,22
warm:26,GET,1790065626612,1,10
hot:5,GET,1790065626612,1,33
warm:13,GET,1790065626612,1,11
hot:4,GET,1790065626612,1,12
hot:10,GET,1790065626612,1,31
hot:11,SET,1790065626612,1,6
warm:39,GET,1790065626620,1,10
hot:8,GET,1790065626620,1,21
warm:11,GET,1790065626620,1,16
hot:4,GET,1790065626620,1,12
warm:15,GET,1790065626620,1,31
warm:4,GET,1790065626620,1,30
warm:27,GET,1790065626620,1,35
hot:6,GET,1790065626620,1,7
hot:0,GET,1790065626620,1,22
warm:37,GET,1790065626620,1,18
hot:9,GET,1790065626624,1,5
hot:3,GET,1790065626624,1,25
warm:19,SET,1790065626624,1,23
hot:1,GET,1790065626632,1,11
hot:4,EXISTS,1790065626632,1,12
hot:2,GET,1790065626632,1,22
warm:23,GET,1790065626632,1,18
warm:37,GET,1790065626632,1,18
hot:9,GET,1790065626632,1,5
hot:11,GET,1790065626632,1,6
hot:1,GET,1790065626632,1,11
warm:19,GET,1790065626632,1,23
warm:39,GET,1790065626632,1,10
warm:13,GET,1790065626632,1,11
warm:29,GET,1790065626632,1,21
cold:85,GET,1790065626632,1,17
hot:2,GET,1790065626632,1,22
hot:7,GET,1790065626632,1,32
warm:31,GET,1790065626632,1,34
warm:22,GET,1790065626632,1,33
hot:4,GET,1790065626636,1,12
warm:16,GET,1790065626636,1,13
cold:83,GET,1790065626636,1,17
hot:8,GET,1790065626636,1,21
hot:10,GET,1790065626636,1,31
hot:5,GET,1790065626636,1,33
warm:16,GET,1790065626636,1,13
hot:4,GET,1790065626636,1,12
cold:20,GET,1790065626636,1,9
warm:19,GET,1790065626636,1,23
cold:60,GET,1790065626636,1,15
warm:28,GET,1790065626636,1,10
warm:22,GET,1790065626636,1,33
hot:9,EXISTS,1790065626636,1,5
hot:5,GET,1790065626636,1,33
hot:4,GET,1790065626636,1,12
hot:5,GET,1790065626636,1,33
warm:19,SET,1790065626636,1,14
warm:30,GET,1790065626645,1,35
cold:30,GET,1790065626645,1,32
hot:5,GET,1790065626649,1,33
cold:75,DELETE,1790065626649,1,-1
cold:75,SET,1790065626659,0,4
cold:18,GET,1790065626672,1,5
warm:30,GET,1790065626672,1,35
hot:4,GET,1790065626672,1,12
warm:9,GET,1790065626672,1,34
hot:2,GET,1790065626672,1,22
warm:37,GET,1790065626672,1,18
cold:70,SET,1790065626672,1,31
warm:38,GET,1790065626682,1,35
hot:9,GET,1790065626682,1,5
cold:64,GET,1790065626682,1,26
warm:35,GET,1790065626682,1,33
warm:22,GET,1790065626682,1,33
hot:8,GET,1790065626682,1,21
hot:3,GET,1790065626682,1,25
warm:19,GET,1790065626682,1,14
hot:6,GET,1790065626682,1,7
warm:22,SET,1790065626682,1,5
hot:11,GET,1790065626697,1,6
hot:9,GET,1790065626699,1,5
hot:6,GET,1790065626699,1,7
warm:30,GET,1790065626699,1,35
hot:6,GET,1790065626699,1,7
cold:20,GET,1790065626699,1,9
hot:1,GET,1790065626699,1,11
hot:2,GET,1790065626699,1,22
hot:7,GET,1790065626699,1,32
warm:22,GET,1790065626699,1,5
hot:6,GET,1790065626699,1,7
hot:3,GET,1790065626699,1,25
hot:8,GET,1790065626699,1,21
hot:7,GET,1790065626699,1,32
hot:10,GET,1790065626699,1,31
hot:3,GET,1790065626699,1,25
hot:7,GET,1790065626699,1,32
hot:0,GET,1790065626699,1,22
warm:27,GET,1790065626699,1,35
hot:3,GET,1790065626699,1,25
hot:1,GET,1790065626699,1,11
warm:22,GET,1790065626700,1,5
warm:27,GET,1790065626700,1,35
hot:5,EXISTS,1790065626700,1,33
hot:9,SET,1790065626700,1,29
warm:4,GET,1790065626710,1,30
cold:32,GET,1790065626710,1,16
warm:18,GET,1790065626710,1,9
warm:38,GET,1790065626710,1,35
warm:38,GET,1790065626710,1,35
hot:9,GET,1790065626710,1,29
warm:27,GET,1790065626710,1,35
hot:7,GET,1790065626710,1,32
hot:9,GET,1790065626710,1,29
hot:10,SET,1790065626710,1,4
warm:13,GET,1790065626721,1,11
cold:77,GET,1790065626721,1,8
warm:22,GET,1790065626721,1,5
hot:0,GET,1790065626721,1,22
hot:4,GET,1790065626721,1,12
hot:1,GET,1790065626721,1,11
warm:27,GET,1790065626725,1,35
hot:1,GET,1790065626725,1,11
hot:10,GET,1790065626725,1,4
warm:37,GET,1790065626725,1,18
cold:29,GET,1790065626725,1,16
warm:37,GET,1790065626725,1,18
cold:27,GET,1790065626725,1,12
warm:7,GET,1790065626725,1,33
warm:37,GET,1790065626725,1,18
hot:2,GET,1790065626725,1,22
hot:0,GET,1790065626725,1,22
hot:10,GET,1790065626725,1,4
warm:10,GET,1790065626725,1,17
hot:0,GET,1790065626725,1,22
hot:9,SET,1790065626725,1,20
warm:34,GET,1790065626735,1,25
warm:19,GET,1790065626735,1,14
warm:23,GET,1790065626735,1,18
hot:6,GET,1790065626735,1,7
